exchange,code,name,listed_from,listed_to_exclusive,list_evidence_class,delist_evidence_class
SSE,600000,浦发银行,1999-11-10,,RETROSPECTIVE_PRIMARY,
SSE,600004,白云机场,2003-04-28,,RETROSPECTIVE_PRIMARY,
SSE,600006,东风股份,1999-07-27,,RETROSPECTIVE_PRIMARY,
SSE,600007,中国国贸,1999-03-12,,RETROSPECTIVE_PRIMARY,
SSE,600008,首创环保,2000-04-27,,RETROSPECTIVE_PRIMARY,
SSE,600009,上海机场,1998-02-18,,RETROSPECTIVE_PRIMARY,
SSE,600010,包钢股份,2001-03-09,,RETROSPECTIVE_PRIMARY,
SSE,600011,华能国际,2001-12-06,,RETROSPECTIVE_PRIMARY,
SSE,600012,皖通高速,2003-01-07,,RETROSPECTIVE_PRIMARY,
SSE,600015,华夏银行,2003-09-12,,RETROSPECTIVE_PRIMARY,
SSE,600016,民生银行,2000-12-19,,RETROSPECTIVE_PRIMARY,
SSE,600017,日照港,2006-10-17,,RETROSPECTIVE_PRIMARY,
SSE,600018,XD上港集,2000-07-19,,RETROSPECTIVE_PRIMARY,
SSE,600019,宝钢股份,2000-12-12,,RETROSPECTIVE_PRIMARY,
SSE,600020,中原高速,2003-08-08,,RETROSPECTIVE_PRIMARY,
SSE,600021,上海电力,2003-10-29,,RETROSPECTIVE_PRIMARY,
SSE,600022,山东钢铁,2004-06-29,,RETROSPECTIVE_PRIMARY,
SSE,600023,浙能电力,2013-12-19,,RETROSPECTIVE_PRIMARY,
SSE,600025,华能水电,2017-12-15,,RETROSPECTIVE_PRIMARY,
SSE,600026,中远海能,2002-05-23,,RETROSPECTIVE_PRIMARY,
SSE,600027,华电国际,2005-02-03,,RETROSPECTIVE_PRIMARY,
SSE,600028,中国石化,2001-08-08,,RETROSPECTIVE_PRIMARY,
SSE,600029,南方航空,2003-07-25,,RETROSPECTIVE_PRIMARY,
SSE,600030,中信证券,2003-01-06,,RETROSPECTIVE_PRIMARY,
SSE,600031,三一重工,2003-07-03,,RETROSPECTIVE_PRIMARY,
SSE,600032,浙江新能,2021-05-25,,RETROSPECTIVE_PRIMARY,
SSE,600033,XD福建高,2001-02-09,,RETROSPECTIVE_PRIMARY,
SSE,600035,楚天高速,2004-03-10,,RETROSPECTIVE_PRIMARY,
SSE,600036,招商银行,2002-04-09,,RETROSPECTIVE_PRIMARY,
SSE,600037,歌华有线,2001-02-08,,RETROSPECTIVE_PRIMARY,
SSE,600038,中直股份,2000-12-18,,RETROSPECTIVE_PRIMARY,
SSE,600039,四川路桥,2003-03-25,,RETROSPECTIVE_PRIMARY,
SSE,600048,保利发展,2006-07-31,,RETROSPECTIVE_PRIMARY,
SSE,600050,中国联通,2002-10-09,,RETROSPECTIVE_PRIMARY,
SSE,600051,宁波联合,1997-04-10,,RETROSPECTIVE_PRIMARY,
SSE,600052,东望时代,1997-04-15,,RETROSPECTIVE_PRIMARY,
SSE,600053,*ST九鼎,1997-04-18,,RETROSPECTIVE_PRIMARY,
SSE,600054,黄山旅游,1997-05-06,,RETROSPECTIVE_PRIMARY,
SSE,600055,万东医疗,1997-05-19,,RETROSPECTIVE_PRIMARY,
SSE,600056,中国医药,1997-05-15,,RETROSPECTIVE_PRIMARY,
SSE,600057,厦门象屿,1997-06-04,,RETROSPECTIVE_PRIMARY,
SSE,600058,五矿发展,1997-05-28,,RETROSPECTIVE_PRIMARY,
SSE,600059,古越龙山,1997-05-16,,RETROSPECTIVE_PRIMARY,
SSE,600060,海信视像,1997-04-22,,RETROSPECTIVE_PRIMARY,
SSE,600061,国投资本,1997-05-19,,RETROSPECTIVE_PRIMARY,
SSE,600062,华润双鹤,1997-05-22,,RETROSPECTIVE_PRIMARY,
SSE,600063,皖维高新,1997-05-28,,RETROSPECTIVE_PRIMARY,
SSE,600064,南京高科,1997-05-06,,RETROSPECTIVE_PRIMARY,
SSE,600066,宇通客车,1997-05-08,,RETROSPECTIVE_PRIMARY,
SSE,600067,冠城新材,1997-05-08,,RETROSPECTIVE_PRIMARY,
SSE,600071,凤凰光学,1997-05-28,,RETROSPECTIVE_PRIMARY,
SSE,600072,中船科技,1997-06-03,,RETROSPECTIVE_PRIMARY,
SSE,600073,光明肉业,1997-07-04,,RETROSPECTIVE_PRIMARY,
SSE,600075,新疆天业,1997-06-17,,RETROSPECTIVE_PRIMARY,
SSE,600076,康欣新材,1997-05-26,,RETROSPECTIVE_PRIMARY,
SSE,600078,澄星股份,1997-06-27,,RETROSPECTIVE_PRIMARY,
SSE,600079,ST人福,1997-06-06,,RETROSPECTIVE_PRIMARY,
SSE,600080,ST金花,1997-06-12,,RETROSPECTIVE_PRIMARY,
SSE,600081,东风科技,1997-07-03,,RETROSPECTIVE_PRIMARY,
SSE,600082,ST海泰,1997-06-20,,RETROSPECTIVE_PRIMARY,
SSE,600084,*ST尼雅,1997-07-11,,RETROSPECTIVE_PRIMARY,
SSE,600085,同仁堂,1997-06-25,,RETROSPECTIVE_PRIMARY,
SSE,600088,中视传媒,1997-06-16,,RETROSPECTIVE_PRIMARY,
SSE,600089,特变电工,1997-06-18,,RETROSPECTIVE_PRIMARY,
SSE,600094,大名城,1997-07-03,,RETROSPECTIVE_PRIMARY,
SSE,600095,湘财股份,1997-07-08,,RETROSPECTIVE_PRIMARY,
SSE,600096,云天化,1997-07-09,,RETROSPECTIVE_PRIMARY,
SSE,600097,开创国际,1997-06-19,,RETROSPECTIVE_PRIMARY,
SSE,600098,广州发展,1997-07-18,,RETROSPECTIVE_PRIMARY,
SSE,600099,林海股份,1997-07-04,,RETROSPECTIVE_PRIMARY,
SSE,600100,同方股份,1997-06-27,,RETROSPECTIVE_PRIMARY,
SSE,600101,明星电力,1997-06-27,,RETROSPECTIVE_PRIMARY,
SSE,600103,青山纸业,1997-07-03,,RETROSPECTIVE_PRIMARY,
SSE,600104,上汽集团,1997-11-25,,RETROSPECTIVE_PRIMARY,
SSE,600105,永鼎股份,1997-09-29,,RETROSPECTIVE_PRIMARY,
SSE,600106,重庆路桥,1997-06-18,,RETROSPECTIVE_PRIMARY,
SSE,600107,*ST尔雅,1997-11-06,,RETROSPECTIVE_PRIMARY,
SSE,600108,亚盛集团,1997-08-18,,RETROSPECTIVE_PRIMARY,
SSE,600109,国金证券,1997-08-07,,RETROSPECTIVE_PRIMARY,
SSE,600110,诺德股份,1997-10-07,,RETROSPECTIVE_PRIMARY,
SSE,600111,北方稀土,1997-09-24,,RETROSPECTIVE_PRIMARY,
SSE,600113,浙江东日,1997-10-21,,RETROSPECTIVE_PRIMARY,
SSE,600114,东睦股份,2004-05-11,,RETROSPECTIVE_PRIMARY,
SSE,600115,中国东航,1997-11-05,,RETROSPECTIVE_PRIMARY,
SSE,600116,三峡水利,1997-08-04,,RETROSPECTIVE_PRIMARY,
SSE,600117,西宁特钢,1997-10-15,,RETROSPECTIVE_PRIMARY,
SSE,600118,中国卫星,1997-09-08,,RETROSPECTIVE_PRIMARY,
SSE,600119,*ST长投,1998-01-15,,RETROSPECTIVE_PRIMARY,
SSE,600120,浙江东方,1997-12-01,,RETROSPECTIVE_PRIMARY,
SSE,600121,郑州煤电,1998-01-07,,RETROSPECTIVE_PRIMARY,
SSE,600123,兰花科创,1998-12-17,,RETROSPECTIVE_PRIMARY,
SSE,600125,铁龙物流,1998-05-11,,RETROSPECTIVE_PRIMARY,
SSE,600126,杭钢股份,1998-03-11,,RETROSPECTIVE_PRIMARY,
SSE,600127,金健米业,1998-05-06,,RETROSPECTIVE_PRIMARY,
SSE,600128,苏豪弘业,1997-09-01,,RETROSPECTIVE_PRIMARY,
SSE,600129,太极集团,1997-11-18,,RETROSPECTIVE_PRIMARY,
SSE,600130,波导股份,2000-07-06,,RETROSPECTIVE_PRIMARY,
SSE,600131,国网信通,1998-04-02,,RETROSPECTIVE_PRIMARY,
SSE,600132,重庆啤酒,1997-10-30,,RETROSPECTIVE_PRIMARY,
SSE,600133,东湖高新,1998-02-12,,RETROSPECTIVE_PRIMARY,
SSE,600135,乐凯胶片,1998-01-22,,RETROSPECTIVE_PRIMARY,
SSE,600136,ST明诚,1998-03-03,,RETROSPECTIVE_PRIMARY,
SSE,600137,浪莎股份,1998-04-16,,RETROSPECTIVE_PRIMARY,
SSE,600138,中青旅,1997-12-03,,RETROSPECTIVE_PRIMARY,
SSE,600141,兴发集团,1999-06-16,,RETROSPECTIVE_PRIMARY,
SSE,600143,金发科技,2004-06-23,,RETROSPECTIVE_PRIMARY,
SSE,600148,长春一东,1998-05-20,,RETROSPECTIVE_PRIMARY,
SSE,600149,廊坊发展,1999-10-14,,RETROSPECTIVE_PRIMARY,
SSE,600150,中国船舶,1998-05-20,,RETROSPECTIVE_PRIMARY,
SSE,600151,航天机电,1998-06-05,,RETROSPECTIVE_PRIMARY,
SSE,600152,维科技术,1998-06-09,,RETROSPECTIVE_PRIMARY,
SSE,600153,建发股份,1998-06-16,,RETROSPECTIVE_PRIMARY,
SSE,600155,华创云信,1998-09-18,,RETROSPECTIVE_PRIMARY,
SSE,600156,华升股份,1998-05-27,,RETROSPECTIVE_PRIMARY,
SSE,600157,永泰能源,1998-05-13,,RETROSPECTIVE_PRIMARY,
SSE,600158,中体产业,1998-03-27,,RETROSPECTIVE_PRIMARY,
SSE,600159,大龙地产,1998-05-26,,RETROSPECTIVE_PRIMARY,
SSE,600160,巨化股份,1998-06-26,,RETROSPECTIVE_PRIMARY,
SSE,600161,天坛生物,1998-06-16,,RETROSPECTIVE_PRIMARY,
SSE,600162,香江控股,1998-06-09,,RETROSPECTIVE_PRIMARY,
SSE,600163,中闽能源,1998-06-02,,RETROSPECTIVE_PRIMARY,
SSE,600165,ST宁科,1998-05-29,,RETROSPECTIVE_PRIMARY,
SSE,600166,福田汽车,1998-06-02,,RETROSPECTIVE_PRIMARY,
SSE,600167,联美控股,1999-01-28,,RETROSPECTIVE_PRIMARY,
SSE,600168,武汉控股,1998-04-27,,RETROSPECTIVE_PRIMARY,
SSE,600169,ST太重,1998-09-04,,RETROSPECTIVE_PRIMARY,
SSE,600170,上海建工,1998-06-23,,RETROSPECTIVE_PRIMARY,
SSE,600171,上海贝岭,1998-09-24,,RETROSPECTIVE_PRIMARY,
SSE,600172,黄河旋风,1998-11-26,,RETROSPECTIVE_PRIMARY,
SSE,600173,卧龙新能,1999-04-15,,RETROSPECTIVE_PRIMARY,
SSE,600176,中国巨石,1999-04-22,,RETROSPECTIVE_PRIMARY,
SSE,600177,雅戈尔,1998-11-19,,RETROSPECTIVE_PRIMARY,
SSE,600178,东安动力,1998-10-14,,RETROSPECTIVE_PRIMARY,
SSE,600179,安通控股,1998-11-04,,RETROSPECTIVE_PRIMARY,
SSE,600180,*ST瑞茂,1998-07-03,,RETROSPECTIVE_PRIMARY,
SSE,600182,S佳通,1999-05-07,,RETROSPECTIVE_PRIMARY,
SSE,600183,生益科技,1998-10-28,,RETROSPECTIVE_PRIMARY,
SSE,600184,光电股份,2003-11-06,,RETROSPECTIVE_PRIMARY,
SSE,600185,珠免集团,1999-06-11,,RETROSPECTIVE_PRIMARY,
SSE,600186,莲花控股,1998-08-25,,RETROSPECTIVE_PRIMARY,
SSE,600187,*ST国中,1998-11-11,,RETROSPECTIVE_PRIMARY,
SSE,600188,兖矿能源,1998-07-01,,RETROSPECTIVE_PRIMARY,
SSE,600189,泉阳泉,1998-10-07,,RETROSPECTIVE_PRIMARY,
SSE,600191,华资实业,1998-12-10,,RETROSPECTIVE_PRIMARY,
SSE,600192,长城电工,1998-12-24,,RETROSPECTIVE_PRIMARY,
SSE,600195,中牧股份,1999-01-07,,RETROSPECTIVE_PRIMARY,
SSE,600196,复星医药,1998-08-07,,RETROSPECTIVE_PRIMARY,
SSE,600197,伊力特,1999-09-16,,RETROSPECTIVE_PRIMARY,
SSE,600198,大唐电信,1998-10-21,,RETROSPECTIVE_PRIMARY,
SSE,600199,金种子酒,1998-08-12,,RETROSPECTIVE_PRIMARY,
SSE,600201,生物股份,1999-01-15,,RETROSPECTIVE_PRIMARY,
SSE,600202,哈空调,1999-06-03,,RETROSPECTIVE_PRIMARY,
SSE,600203,福日电子,1999-05-14,,RETROSPECTIVE_PRIMARY,
SSE,600206,有研新材,1999-03-19,,RETROSPECTIVE_PRIMARY,
SSE,600207,安彩高科,1999-07-14,,RETROSPECTIVE_PRIMARY,
SSE,600208,衢州发展,1999-06-23,,RETROSPECTIVE_PRIMARY,
SSE,600210,紫江企业,1999-08-24,,RETROSPECTIVE_PRIMARY,
SSE,600211,西藏药业,1999-07-21,,RETROSPECTIVE_PRIMARY,
SSE,600212,绿能慧充,1999-08-17,,RETROSPECTIVE_PRIMARY,
SSE,600215,派斯林,1999-09-09,,RETROSPECTIVE_PRIMARY,
SSE,600216,浙江医药,1999-10-21,,RETROSPECTIVE_PRIMARY,
SSE,600217,中再资环,1999-12-16,,RETROSPECTIVE_PRIMARY,
SSE,600218,全柴动力,1998-12-03,,RETROSPECTIVE_PRIMARY,
SSE,600219,南山铝业,1999-12-23,,RETROSPECTIVE_PRIMARY,
SSE,600221,海航控股,1999-11-25,,RETROSPECTIVE_PRIMARY,
SSE,600222,太龙药业,1999-11-05,,RETROSPECTIVE_PRIMARY,
SSE,600223,福瑞达,2000-01-13,,RETROSPECTIVE_PRIMARY,
SSE,600226,亨通股份,1999-11-16,,RETROSPECTIVE_PRIMARY,
SSE,600227,赤天化,2000-02-21,,RETROSPECTIVE_PRIMARY,
SSE,600228,返利科技,1999-01-19,,RETROSPECTIVE_PRIMARY,
SSE,600229,城市传媒,2000-03-09,,RETROSPECTIVE_PRIMARY,
SSE,600230,沧州大化,2000-04-06,,RETROSPECTIVE_PRIMARY,
SSE,600231,凌钢股份,2000-05-11,,RETROSPECTIVE_PRIMARY,
SSE,600232,金鹰股份,2000-06-02,,RETROSPECTIVE_PRIMARY,
SSE,600233,圆通速递,2000-06-08,,RETROSPECTIVE_PRIMARY,
SSE,600234,科新发展,2000-06-15,,RETROSPECTIVE_PRIMARY,
SSE,600235,民丰特纸,2000-06-15,,RETROSPECTIVE_PRIMARY,
SSE,600236,桂冠电力,2000-03-23,,RETROSPECTIVE_PRIMARY,
SSE,600237,铜峰电子,2000-06-09,,RETROSPECTIVE_PRIMARY,
SSE,600238,*ST椰岛,2000-01-20,,RETROSPECTIVE_PRIMARY,
SSE,600239,ST云城,1999-12-02,,RETROSPECTIVE_PRIMARY,
SSE,600241,时代万恒,2000-11-28,,RETROSPECTIVE_PRIMARY,
SSE,600243,*ST海华,2000-11-20,,RETROSPECTIVE_PRIMARY,
SSE,600246,万通发展,2000-09-22,,RETROSPECTIVE_PRIMARY,
SSE,600248,陕建股份,2000-06-22,,RETROSPECTIVE_PRIMARY,
SSE,600249,两面针,2004-01-30,,RETROSPECTIVE_PRIMARY,
SSE,600250,南京商旅,2001-03-06,,RETROSPECTIVE_PRIMARY,
SSE,600251,冠农股份,2003-06-09,,RETROSPECTIVE_PRIMARY,
SSE,600252,中恒集团,2000-11-30,,RETROSPECTIVE_PRIMARY,
SSE,600255,鑫科材料,2000-11-22,,RETROSPECTIVE_PRIMARY,
SSE,600256,广汇能源,2000-05-26,,RETROSPECTIVE_PRIMARY,
SSE,600257,大湖股份,2000-06-12,,RETROSPECTIVE_PRIMARY,
SSE,600258,首旅酒店,2000-06-01,,RETROSPECTIVE_PRIMARY,
SSE,600259,中稀有色,2000-05-25,,RETROSPECTIVE_PRIMARY,
SSE,600261,阳光照明,2000-07-20,,RETROSPECTIVE_PRIMARY,
SSE,600262,北方股份,2000-06-30,,RETROSPECTIVE_PRIMARY,
SSE,600265,*ST景谷,2000-08-25,,RETROSPECTIVE_PRIMARY,
SSE,600266,城建发展,1999-02-03,,RETROSPECTIVE_PRIMARY,
SSE,600267,海正药业,2000-07-25,,RETROSPECTIVE_PRIMARY,
SSE,600268,国电南自,1999-11-18,,RETROSPECTIVE_PRIMARY,
SSE,600269,赣粤高速,2000-05-18,,RETROSPECTIVE_PRIMARY,
SSE,600271,航天信息,2003-07-11,,RETROSPECTIVE_PRIMARY,
SSE,600272,开开实业,2001-02-28,,RETROSPECTIVE_PRIMARY,
SSE,600273,嘉化能源,2003-06-27,,RETROSPECTIVE_PRIMARY,
SSE,600276,恒瑞医药,2000-10-18,,RETROSPECTIVE_PRIMARY,
SSE,600278,东方创业,2000-07-12,,RETROSPECTIVE_PRIMARY,
SSE,600279,重庆港,2000-07-31,,RETROSPECTIVE_PRIMARY,
SSE,600280,中央商场,2000-09-26,,RETROSPECTIVE_PRIMARY,
SSE,600281,华阳新材,2000-11-09,,RETROSPECTIVE_PRIMARY,
SSE,600282,南钢股份,2000-09-19,,RETROSPECTIVE_PRIMARY,
SSE,600283,钱江水利,2000-10-18,,RETROSPECTIVE_PRIMARY,
SSE,600284,浦东建设,2004-03-16,,RETROSPECTIVE_PRIMARY,
SSE,600285,羚锐制药,2000-10-18,,RETROSPECTIVE_PRIMARY,
SSE,600287,苏豪时尚,2000-09-01,,RETROSPECTIVE_PRIMARY,
SSE,600288,大恒科技,2000-11-29,,RETROSPECTIVE_PRIMARY,
SSE,600289,ST信通,2000-07-20,,RETROSPECTIVE_PRIMARY,
SSE,600292,电投水电,2000-11-01,,RETROSPECTIVE_PRIMARY,
SSE,600293,三峡新材,2000-09-19,,RETROSPECTIVE_PRIMARY,
SSE,600295,鄂尔多斯,2001-04-26,,RETROSPECTIVE_PRIMARY,
SSE,600298,安琪酵母,2000-08-18,,RETROSPECTIVE_PRIMARY,
SSE,600299,安迪苏,2000-04-20,,RETROSPECTIVE_PRIMARY,
SSE,600300,维维股份,2000-06-30,,RETROSPECTIVE_PRIMARY,
SSE,600301,华锡有色,2000-07-12,,RETROSPECTIVE_PRIMARY,
SSE,600302,ST标准,2000-12-13,,RETROSPECTIVE_PRIMARY,
SSE,600303,曙光股份,2000-12-26,,RETROSPECTIVE_PRIMARY,
SSE,600305,恒顺醋业,2001-02-06,,RETROSPECTIVE_PRIMARY,
SSE,600307,酒钢宏兴,2000-12-20,,RETROSPECTIVE_PRIMARY,
SSE,600308,华泰股份,2000-09-28,,RETROSPECTIVE_PRIMARY,
SSE,600309,万华化学,2001-01-05,,RETROSPECTIVE_PRIMARY,
SSE,600310,广西能源,2001-02-28,,RETROSPECTIVE_PRIMARY,
SSE,600312,平高电气,2001-02-21,,RETROSPECTIVE_PRIMARY,
SSE,600313,农发种业,2001-01-19,,RETROSPECTIVE_PRIMARY,
SSE,600315,上海家化,2001-03-15,,RETROSPECTIVE_PRIMARY,
SSE,600316,洪都航空,2000-12-15,,RETROSPECTIVE_PRIMARY,
SSE,600318,新力金融,2000-12-08,,RETROSPECTIVE_PRIMARY,
SSE,600319,亚星化学,2001-03-26,,RETROSPECTIVE_PRIMARY,
SSE,600320,振华重工,2000-12-21,,RETROSPECTIVE_PRIMARY,
SSE,600322,津投城开,2001-09-10,,RETROSPECTIVE_PRIMARY,
SSE,600323,瀚蓝环境,2000-12-25,,RETROSPECTIVE_PRIMARY,
SSE,600325,华发股份,2004-02-25,,RETROSPECTIVE_PRIMARY,
SSE,600326,西藏天路,2001-01-16,,RETROSPECTIVE_PRIMARY,
SSE,600327,大东方,2002-06-25,,RETROSPECTIVE_PRIMARY,
SSE,600328,中盐化工,2000-12-22,,RETROSPECTIVE_PRIMARY,
SSE,600329,达仁堂,2001-06-06,,RETROSPECTIVE_PRIMARY,
SSE,600330,天通股份,2001-01-18,,RETROSPECTIVE_PRIMARY,
SSE,600331,宏达股份,2001-12-20,,RETROSPECTIVE_PRIMARY,
SSE,600332,白云山,2001-02-06,,RETROSPECTIVE_PRIMARY,
SSE,600333,长春燃气,2000-12-11,,RETROSPECTIVE_PRIMARY,
SSE,600335,国机汽车,2001-03-05,,RETROSPECTIVE_PRIMARY,
SSE,600336,澳柯玛,2000-12-29,,RETROSPECTIVE_PRIMARY,
SSE,600337,ST美克,2000-11-27,,RETROSPECTIVE_PRIMARY,
SSE,600338,西藏珠峰,2000-12-27,,RETROSPECTIVE_PRIMARY,
SSE,600339,中油工程,2000-12-25,,RETROSPECTIVE_PRIMARY,
SSE,600340,*ST华幸,2003-12-30,,RETROSPECTIVE_PRIMARY,
SSE,600343,航天动力,2003-04-08,,RETROSPECTIVE_PRIMARY,
SSE,600345,长江通信,2000-12-22,,RETROSPECTIVE_PRIMARY,
SSE,600346,恒力石化,2001-08-20,,RETROSPECTIVE_PRIMARY,
SSE,600348,华阳股份,2003-08-21,,RETROSPECTIVE_PRIMARY,
SSE,600350,山东高速,2002-03-18,,RETROSPECTIVE_PRIMARY,
SSE,600351,亚宝药业,2002-09-26,,RETROSPECTIVE_PRIMARY,
SSE,600352,浙江龙盛,2003-08-01,,RETROSPECTIVE_PRIMARY,
SSE,600353,旭光电子,2002-11-20,,RETROSPECTIVE_PRIMARY,
SSE,600354,敦煌种业,2004-01-15,,RETROSPECTIVE_PRIMARY,
SSE,600356,恒丰纸业,2001-04-19,,RETROSPECTIVE_PRIMARY,
SSE,600358,国旅联合,2000-09-22,,RETROSPECTIVE_PRIMARY,
SSE,600359,新农开发,1999-04-29,,RETROSPECTIVE_PRIMARY,
SSE,600360,华微电子,2001-03-16,,RETROSPECTIVE_PRIMARY,
SSE,600361,创新新材,2001-11-29,,RETROSPECTIVE_PRIMARY,
SSE,600362,江西铜业,2002-01-11,,RETROSPECTIVE_PRIMARY,
SSE,600363,联创光电,2001-03-29,,RETROSPECTIVE_PRIMARY,
SSE,600365,ST通葡,2001-01-15,,RETROSPECTIVE_PRIMARY,
SSE,600366,宁波韵升,2000-10-30,,RETROSPECTIVE_PRIMARY,
SSE,600367,红星发展,2001-03-20,,RETROSPECTIVE_PRIMARY,
SSE,600368,五洲交通,2000-12-21,,RETROSPECTIVE_PRIMARY,
SSE,600369,西南证券,2001-01-09,,RETROSPECTIVE_PRIMARY,
SSE,600370,*ST三房,2003-03-06,,RETROSPECTIVE_PRIMARY,
SSE,600371,万向德农,2002-09-16,,RETROSPECTIVE_PRIMARY,
SSE,600372,中航机载,2001-07-06,,RETROSPECTIVE_PRIMARY,
SSE,600373,中文传媒,2002-03-04,,RETROSPECTIVE_PRIMARY,
SSE,600375,汉马科技,2003-04-01,,RETROSPECTIVE_PRIMARY,
SSE,600376,首开股份,2001-03-12,,RETROSPECTIVE_PRIMARY,
SSE,600377,宁沪高速,2001-01-16,,RETROSPECTIVE_PRIMARY,
SSE,600378,昊华科技,2001-01-11,,RETROSPECTIVE_PRIMARY,
SSE,600379,宝光股份,2002-01-16,,RETROSPECTIVE_PRIMARY,
SSE,600380,健康元,2001-06-08,,RETROSPECTIVE_PRIMARY,
SSE,600381,*ST春天,2001-05-08,,RETROSPECTIVE_PRIMARY,
SSE,600382,广东明珠,2001-01-18,,RETROSPECTIVE_PRIMARY,
SSE,600383,金地集团,2001-04-12,,RETROSPECTIVE_PRIMARY,
SSE,600386,北巴传媒,2001-02-16,,RETROSPECTIVE_PRIMARY,
SSE,600388,龙净环保,2000-12-29,,RETROSPECTIVE_PRIMARY,
SSE,600389,江山股份,2001-01-10,,RETROSPECTIVE_PRIMARY,
SSE,600390,五矿资本,2001-01-15,,RETROSPECTIVE_PRIMARY,
SSE,600391,航发科技,2001-12-12,,RETROSPECTIVE_PRIMARY,
SSE,600392,盛和资源,2003-05-29,,RETROSPECTIVE_PRIMARY,
SSE,600395,盘江股份,2001-05-31,,RETROSPECTIVE_PRIMARY,
SSE,600396,华电辽能,2001-03-28,,RETROSPECTIVE_PRIMARY,
SSE,600397,江钨装备,2002-07-02,,RETROSPECTIVE_PRIMARY,
SSE,600398,海澜之家,2000-12-28,,RETROSPECTIVE_PRIMARY,
SSE,600399,抚顺特钢,2000-12-29,,RETROSPECTIVE_PRIMARY,
SSE,600400,红豆股份,2001-01-08,,RETROSPECTIVE_PRIMARY,
SSE,600403,大有能源,2003-10-09,,RETROSPECTIVE_PRIMARY,
SSE,600405,动力源,2004-04-01,,RETROSPECTIVE_PRIMARY,
SSE,600406,国电南瑞,2003-10-16,,RETROSPECTIVE_PRIMARY,
SSE,600408,安泰集团,2003-02-12,,RETROSPECTIVE_PRIMARY,
SSE,600409,三友化工,2003-06-18,,RETROSPECTIVE_PRIMARY,
SSE,600410,华胜天成,2004-04-27,,RETROSPECTIVE_PRIMARY,
SSE,600415,小商品城,2002-05-09,,RETROSPECTIVE_PRIMARY,
SSE,600416,湘电股份,2002-07-18,,RETROSPECTIVE_PRIMARY,
SSE,600418,江淮汽车,2001-08-24,,RETROSPECTIVE_PRIMARY,
SSE,600419,天润乳业,2001-06-28,,RETROSPECTIVE_PRIMARY,
SSE,600420,国药现代,2004-06-16,,RETROSPECTIVE_PRIMARY,
SSE,600422,昆药集团,2000-12-06,,RETROSPECTIVE_PRIMARY,
SSE,600423,*ST柳化,2003-07-17,,RETROSPECTIVE_PRIMARY,
SSE,600425,青松建化,2003-07-24,,RETROSPECTIVE_PRIMARY,
SSE,600426,华鲁恒升,2002-06-20,,RETROSPECTIVE_PRIMARY,
SSE,600428,中远海特,2002-04-18,,RETROSPECTIVE_PRIMARY,
SSE,600429,三元股份,2003-09-15,,RETROSPECTIVE_PRIMARY,
SSE,600433,冠豪高新,2003-06-19,,RETROSPECTIVE_PRIMARY,
SSE,600435,北方导航,2003-07-04,,RETROSPECTIVE_PRIMARY,
SSE,600436,片仔癀,2003-06-16,,RETROSPECTIVE_PRIMARY,
SSE,600438,通威股份,2004-03-02,,RETROSPECTIVE_PRIMARY,
SSE,600439,瑞贝卡,2003-07-10,,RETROSPECTIVE_PRIMARY,
SSE,600444,国机通用,2004-02-19,,RETROSPECTIVE_PRIMARY,
SSE,600446,金证股份,2003-12-24,,RETROSPECTIVE_PRIMARY,
SSE,600448,华纺股份,2001-09-03,,RETROSPECTIVE_PRIMARY,
SSE,600449,宁夏建材,2003-08-29,,RETROSPECTIVE_PRIMARY,
SSE,600452,涪陵电力,2004-03-03,,RETROSPECTIVE_PRIMARY,
SSE,600455,博通股份,2004-03-29,,RETROSPECTIVE_PRIMARY,
SSE,600456,宝钛股份,2002-04-12,,RETROSPECTIVE_PRIMARY,
SSE,600458,时代新材,2002-12-19,,RETROSPECTIVE_PRIMARY,
SSE,600459,贵研铂业,2003-05-16,,RETROSPECTIVE_PRIMARY,
SSE,600460,士兰微,2003-03-11,,RETROSPECTIVE_PRIMARY,
SSE,600461,洪城环境,2004-06-01,,RETROSPECTIVE_PRIMARY,
SSE,600463,空港股份,2004-03-18,,RETROSPECTIVE_PRIMARY,
SSE,600467,好当家,2004-04-05,,RETROSPECTIVE_PRIMARY,
SSE,600468,百利电气,2001-06-15,,RETROSPECTIVE_PRIMARY,
SSE,600469,风神股份,2003-10-21,,RETROSPECTIVE_PRIMARY,
SSE,600470,六国化工,2004-03-05,,RETROSPECTIVE_PRIMARY,
SSE,600475,华光环能,2003-07-21,,RETROSPECTIVE_PRIMARY,
SSE,600476,*ST湘邮,2003-12-10,,RETROSPECTIVE_PRIMARY,
SSE,600477,杭萧钢构,2003-11-10,,RETROSPECTIVE_PRIMARY,
SSE,600478,科力远,2003-09-18,,RETROSPECTIVE_PRIMARY,
SSE,600479,千金药业,2004-03-12,,RETROSPECTIVE_PRIMARY,
SSE,600480,凌云股份,2003-08-15,,RETROSPECTIVE_PRIMARY,
SSE,600481,双良节能,2003-04-22,,RETROSPECTIVE_PRIMARY,
SSE,600482,中国动力,2004-07-14,,RETROSPECTIVE_PRIMARY,
SSE,600483,福能股份,2004-05-31,,RETROSPECTIVE_PRIMARY,
SSE,600486,扬农化工,2002-04-25,,RETROSPECTIVE_PRIMARY,
SSE,600487,亨通光电,2003-08-22,,RETROSPECTIVE_PRIMARY,
SSE,600488,津药药业,2001-06-18,,RETROSPECTIVE_PRIMARY,
SSE,600489,中金黄金,2003-08-14,,RETROSPECTIVE_PRIMARY,
SSE,600490,鹏欣资源,2003-06-26,,RETROSPECTIVE_PRIMARY,
SSE,600491,ST龙元,2004-05-24,,RETROSPECTIVE_PRIMARY,
SSE,600493,凤竹纺织,2004-04-21,,RETROSPECTIVE_PRIMARY,
SSE,600495,晋西车轴,2004-05-26,,RETROSPECTIVE_PRIMARY,
SSE,600496,精工钢构,2002-06-05,,RETROSPECTIVE_PRIMARY,
SSE,600497,驰宏锌锗,2004-04-20,,RETROSPECTIVE_PRIMARY,
SSE,600498,烽火通信,2001-08-23,,RETROSPECTIVE_PRIMARY,
SSE,600499,科达制造,2002-10-10,,RETROSPECTIVE_PRIMARY,
SSE,600500,中化国际,2000-03-01,,RETROSPECTIVE_PRIMARY,
SSE,600501,航天晨光,2001-06-15,,RETROSPECTIVE_PRIMARY,
SSE,600502,安徽建工,2003-04-15,,RETROSPECTIVE_PRIMARY,
SSE,600503,华丽家族,2002-07-09,,RETROSPECTIVE_PRIMARY,
SSE,600505,西昌电力,2002-05-30,,RETROSPECTIVE_PRIMARY,
SSE,600506,统一股份,2001-12-26,,RETROSPECTIVE_PRIMARY,
SSE,600507,方大特钢,2003-09-30,,RETROSPECTIVE_PRIMARY,
SSE,600508,上海能源,2001-08-29,,RETROSPECTIVE_PRIMARY,
SSE,600509,天富能源,2002-02-28,,RETROSPECTIVE_PRIMARY,
SSE,600510,黑牡丹,2002-06-18,,RETROSPECTIVE_PRIMARY,
SSE,600511,国药股份,2002-11-27,,RETROSPECTIVE_PRIMARY,
SSE,600512,腾达建设,2002-12-26,,RETROSPECTIVE_PRIMARY,
SSE,600513,联环药业,2003-03-19,,RETROSPECTIVE_PRIMARY,
SSE,600515,海南机场,2002-08-06,,RETROSPECTIVE_PRIMARY,
SSE,600516,方大炭素,2002-08-30,,RETROSPECTIVE_PRIMARY,
SSE,600517,国网英大,2003-10-10,,RETROSPECTIVE_PRIMARY,
SSE,600518,康美药业,2001-03-19,,RETROSPECTIVE_PRIMARY,
SSE,600519,贵州茅台,2001-08-27,,RETROSPECTIVE_PRIMARY,
SSE,600520,三佳科技,2002-01-08,,RETROSPECTIVE_PRIMARY,
SSE,600521,华海药业,2003-03-04,,RETROSPECTIVE_PRIMARY,
SSE,600522,中天科技,2002-10-24,,RETROSPECTIVE_PRIMARY,
SSE,600523,贵航股份,2001-12-27,,RETROSPECTIVE_PRIMARY,
SSE,600525,ST长园,2002-12-02,,RETROSPECTIVE_PRIMARY,
SSE,600526,菲达环保,2002-07-22,,RETROSPECTIVE_PRIMARY,
SSE,600527,江南高纤,2003-11-27,,RETROSPECTIVE_PRIMARY,
SSE,600528,中铁工业,2001-05-28,,RETROSPECTIVE_PRIMARY,
SSE,600529,山东药玻,2002-06-03,,RETROSPECTIVE_PRIMARY,
SSE,600530,交大昂立,2001-07-02,,RETROSPECTIVE_PRIMARY,
SSE,600531,豫光金铅,2002-07-30,,RETROSPECTIVE_PRIMARY,
SSE,600533,栖霞建设,2002-03-28,,RETROSPECTIVE_PRIMARY,
SSE,600535,天士力,2002-08-23,,RETROSPECTIVE_PRIMARY,
SSE,600536,中国软件,2002-05-17,,RETROSPECTIVE_PRIMARY,
SSE,600537,*ST亿晶,2003-01-23,,RETROSPECTIVE_PRIMARY,
SSE,600538,国发股份,2003-01-14,,RETROSPECTIVE_PRIMARY,
SSE,600539,狮头股份,2001-08-24,,RETROSPECTIVE_PRIMARY,
SSE,600540,新赛股份,2004-01-07,,RETROSPECTIVE_PRIMARY,
SSE,600543,*ST莫高,2004-03-24,,RETROSPECTIVE_PRIMARY,
SSE,600545,卓郎智能,2003-12-03,,RETROSPECTIVE_PRIMARY,
SSE,600546,山煤国际,2003-07-31,,RETROSPECTIVE_PRIMARY,
SSE,600547,山东黄金,2003-08-28,,RETROSPECTIVE_PRIMARY,
SSE,600548,深高速,2001-12-25,,RETROSPECTIVE_PRIMARY,
SSE,600549,厦门钨业,2002-11-07,,RETROSPECTIVE_PRIMARY,
SSE,600550,保变电气,2001-02-28,,RETROSPECTIVE_PRIMARY,
SSE,600551,时代出版,2002-09-05,,RETROSPECTIVE_PRIMARY,
SSE,600552,凯盛科技,2002-11-08,,RETROSPECTIVE_PRIMARY,
SSE,600556,天下秀,2001-08-07,,RETROSPECTIVE_PRIMARY,
SSE,600557,康缘药业,2002-09-18,,RETROSPECTIVE_PRIMARY,
SSE,600558,大西洋,2001-02-27,,RETROSPECTIVE_PRIMARY,
SSE,600559,老白干酒,2002-10-29,,RETROSPECTIVE_PRIMARY,
SSE,600560,金自天正,2002-09-19,,RETROSPECTIVE_PRIMARY,
SSE,600561,江西长运,2002-07-16,,RETROSPECTIVE_PRIMARY,
SSE,600562,国睿科技,2003-01-28,,RETROSPECTIVE_PRIMARY,
SSE,600563,法拉电子,2002-12-10,,RETROSPECTIVE_PRIMARY,
SSE,600566,济川药业,2001-08-22,,RETROSPECTIVE_PRIMARY,
SSE,600567,山鹰国际,2001-12-18,,RETROSPECTIVE_PRIMARY,
SSE,600568,ST中珠,2001-05-18,,RETROSPECTIVE_PRIMARY,
SSE,600569,安阳钢铁,2001-08-20,,RETROSPECTIVE_PRIMARY,
SSE,600570,恒生电子,2003-12-16,,RETROSPECTIVE_PRIMARY,
SSE,600571,信雅达,2002-11-01,,RETROSPECTIVE_PRIMARY,
SSE,600572,康恩贝,2004-04-12,,RETROSPECTIVE_PRIMARY,
SSE,600573,惠泉啤酒,2003-02-26,,RETROSPECTIVE_PRIMARY,
SSE,600575,淮河能源,2003-03-28,,RETROSPECTIVE_PRIMARY,
SSE,600576,祥源文旅,2003-02-20,,RETROSPECTIVE_PRIMARY,
SSE,600577,精达股份,2002-09-11,,RETROSPECTIVE_PRIMARY,
SSE,600578,京能电力,2002-05-10,,RETROSPECTIVE_PRIMARY,
SSE,600579,中化装备,2002-08-09,,RETROSPECTIVE_PRIMARY,
SSE,600580,卧龙电驱,2002-06-06,,RETROSPECTIVE_PRIMARY,
SSE,600581,*ST八钢,2002-08-16,,RETROSPECTIVE_PRIMARY,
SSE,600582,天地科技,2002-05-15,,RETROSPECTIVE_PRIMARY,
SSE,600583,海油工程,2002-02-05,,RETROSPECTIVE_PRIMARY,
SSE,600584,长电科技,2003-06-03,,RETROSPECTIVE_PRIMARY,
SSE,600585,海螺水泥,2002-02-07,,RETROSPECTIVE_PRIMARY,
SSE,600586,金晶科技,2002-08-15,,RETROSPECTIVE_PRIMARY,
SSE,600587,新华医疗,2002-09-27,,RETROSPECTIVE_PRIMARY,
SSE,600588,用友网络,2001-05-18,,RETROSPECTIVE_PRIMARY,
SSE,600589,大位科技,2001-06-12,,RETROSPECTIVE_PRIMARY,
SSE,600590,泰豪科技,2002-07-03,,RETROSPECTIVE_PRIMARY,
SSE,600592,龙溪股份,2002-08-05,,RETROSPECTIVE_PRIMARY,
SSE,600593,大连圣亚,2002-07-11,,RETROSPECTIVE_PRIMARY,
SSE,600594,益佰制药,2004-03-23,,RETROSPECTIVE_PRIMARY,
SSE,600595,中孚实业,2002-06-26,,RETROSPECTIVE_PRIMARY,
SSE,600596,新安股份,2001-09-06,,RETROSPECTIVE_PRIMARY,
SSE,600597,光明乳业,2002-08-28,,RETROSPECTIVE_PRIMARY,
SSE,600598,北大荒,2002-03-29,,RETROSPECTIVE_PRIMARY,
SSE,600600,青岛啤酒,1993-08-27,,RETROSPECTIVE_PRIMARY,
SSE,600601,方正科技,1990-12-19,,RETROSPECTIVE_PRIMARY,
SSE,600602,云赛智联,1990-12-19,,RETROSPECTIVE_PRIMARY,
SSE,600603,广汇物流,1992-01-13,,RETROSPECTIVE_PRIMARY,
SSE,600604,市北高新,1992-03-27,,RETROSPECTIVE_PRIMARY,
SSE,600605,汇通能源,1992-03-27,,RETROSPECTIVE_PRIMARY,
SSE,600606,绿地控股,1992-03-27,,RETROSPECTIVE_PRIMARY,
SSE,600609,金杯汽车,1992-07-24,,RETROSPECTIVE_PRIMARY,
SSE,600610,中毅达,1992-08-05,,RETROSPECTIVE_PRIMARY,
SSE,600611,大众交通,1992-08-07,,RETROSPECTIVE_PRIMARY,
SSE,600612,老凤祥,1992-08-14,,RETROSPECTIVE_PRIMARY,
SSE,600613,神奇制药,1992-08-20,,RETROSPECTIVE_PRIMARY,
SSE,600615,鑫源智造,1992-09-10,,RETROSPECTIVE_PRIMARY,
SSE,600616,金枫酒业,1992-09-29,,RETROSPECTIVE_PRIMARY,
SSE,600617,国新能源,1992-10-13,,RETROSPECTIVE_PRIMARY,
SSE,600618,氯碱化工,1992-11-13,,RETROSPECTIVE_PRIMARY,
SSE,600619,海立股份,1992-11-16,,RETROSPECTIVE_PRIMARY,
SSE,600620,天宸股份,1992-11-17,,RETROSPECTIVE_PRIMARY,
SSE,600621,华鑫股份,1992-12-02,,RETROSPECTIVE_PRIMARY,
SSE,600622,光大嘉宝,1992-12-03,,RETROSPECTIVE_PRIMARY,
SSE,600623,华谊集团,1992-12-04,,RETROSPECTIVE_PRIMARY,
SSE,600624,ST复华,1993-01-05,,RETROSPECTIVE_PRIMARY,
SSE,600626,申达股份,1993-01-07,,RETROSPECTIVE_PRIMARY,
SSE,600628,新世界,1993-01-19,,RETROSPECTIVE_PRIMARY,
SSE,600629,华建集团,1993-02-09,,RETROSPECTIVE_PRIMARY,
SSE,600630,龙头股份,1993-02-09,,RETROSPECTIVE_PRIMARY,
SSE,600633,浙数文化,1993-03-04,,RETROSPECTIVE_PRIMARY,
SSE,600635,大众公用,1993-03-04,,RETROSPECTIVE_PRIMARY,
SSE,600637,东方明珠,1993-03-16,,RETROSPECTIVE_PRIMARY,
SSE,600638,新黄浦,1993-03-26,,RETROSPECTIVE_PRIMARY,
SSE,600639,浦东金桥,1993-03-26,,RETROSPECTIVE_PRIMARY,
SSE,600640,国脉文化,1993-04-07,,RETROSPECTIVE_PRIMARY,
SSE,600641,先导基电,1993-04-07,,RETROSPECTIVE_PRIMARY,
SSE,600642,申能股份,1993-04-16,,RETROSPECTIVE_PRIMARY,
SSE,600643,爱建集团,1993-04-26,,RETROSPECTIVE_PRIMARY,
SSE,600644,乐山电力,1993-04-26,,RETROSPECTIVE_PRIMARY,
SSE,600645,中源协和,1993-05-04,,RETROSPECTIVE_PRIMARY,
SSE,600648,外高桥,1993-05-04,,RETROSPECTIVE_PRIMARY,
SSE,600649,城投控股,1993-05-18,,RETROSPECTIVE_PRIMARY,
SSE,600650,锦江在线,1993-06-07,,RETROSPECTIVE_PRIMARY,
SSE,600651,飞乐音响,1990-12-19,,RETROSPECTIVE_PRIMARY,
SSE,600653,申华控股,1990-12-19,,RETROSPECTIVE_PRIMARY,
SSE,600654,中安科,1990-12-19,,RETROSPECTIVE_PRIMARY,
SSE,600655,豫园股份,1992-09-02,,RETROSPECTIVE_PRIMARY,
SSE,600657,信达地产,1993-05-24,,RETROSPECTIVE_PRIMARY,
SSE,600658,电子城,1993-05-24,,RETROSPECTIVE_PRIMARY,
SSE,600660,福耀玻璃,1993-06-10,,RETROSPECTIVE_PRIMARY,
SSE,600661,昂立教育,1993-06-14,,RETROSPECTIVE_PRIMARY,
SSE,600662,外服控股,1993-06-14,,RETROSPECTIVE_PRIMARY,
SSE,600663,陆家嘴,1993-06-28,,RETROSPECTIVE_PRIMARY,
SSE,600664,哈药股份,1993-06-29,,RETROSPECTIVE_PRIMARY,
SSE,600665,天地源,1993-07-09,,RETROSPECTIVE_PRIMARY,
SSE,600666,奥瑞德,1993-07-12,,RETROSPECTIVE_PRIMARY,
SSE,600667,太极实业,1993-07-28,,RETROSPECTIVE_PRIMARY,
SSE,600668,尖峰集团,1993-07-28,,RETROSPECTIVE_PRIMARY,
SSE,600671,天目药业,1993-08-23,,RETROSPECTIVE_PRIMARY,
SSE,600673,东阳光,1993-09-17,,RETROSPECTIVE_PRIMARY,
SSE,600674,川投能源,1993-09-24,,RETROSPECTIVE_PRIMARY,
SSE,600675,中华企业,1993-09-24,,RETROSPECTIVE_PRIMARY,
SSE,600676,交运股份,1993-09-28,,RETROSPECTIVE_PRIMARY,
SSE,600678,ST金顶,1993-10-08,,RETROSPECTIVE_PRIMARY,
SSE,600679,上海凤凰,1993-10-08,,RETROSPECTIVE_PRIMARY,
SSE,600681,百川能源,1993-10-18,,RETROSPECTIVE_PRIMARY,
SSE,600682,南京新百,1993-10-18,,RETROSPECTIVE_PRIMARY,
SSE,600683,京投发展,1993-10-25,,RETROSPECTIVE_PRIMARY,
SSE,600684,珠江股份,1993-10-28,,RETROSPECTIVE_PRIMARY,
SSE,600685,中船防务,1993-10-28,,RETROSPECTIVE_PRIMARY,
SSE,600686,金龙汽车,1993-11-08,,RETROSPECTIVE_PRIMARY,
SSE,600688,上海石化,1993-11-08,,RETROSPECTIVE_PRIMARY,
SSE,600689,上海三毛,1993-11-08,,RETROSPECTIVE_PRIMARY,
SSE,600690,海尔智家,1993-11-19,,RETROSPECTIVE_PRIMARY,
SSE,600691,潞化科技,1993-11-19,,RETROSPECTIVE_PRIMARY,
SSE,600692,亚通股份,1993-11-19,,RETROSPECTIVE_PRIMARY,
SSE,600693,东百集团,1993-11-22,,RETROSPECTIVE_PRIMARY,
SSE,600694,大商股份,1993-11-22,,RETROSPECTIVE_PRIMARY,
SSE,600697,欧亚集团,1993-12-06,,RETROSPECTIVE_PRIMARY,
SSE,600698,湖南天雁,1993-12-06,,RETROSPECTIVE_PRIMARY,
SSE,600699,均胜电子,1993-12-06,,RETROSPECTIVE_PRIMARY,
SSE,600702,舍得酒业,1996-05-24,,RETROSPECTIVE_PRIMARY,
SSE,600703,三安光电,1996-05-28,,RETROSPECTIVE_PRIMARY,
SSE,600704,物产中大,1996-06-06,,RETROSPECTIVE_PRIMARY,
SSE,600706,曲江文旅,1996-05-16,,RETROSPECTIVE_PRIMARY,
SSE,600707,彩虹股份,1996-05-20,,RETROSPECTIVE_PRIMARY,
SSE,600708,光明地产,1996-06-06,,RETROSPECTIVE_PRIMARY,
SSE,600710,苏美达,1996-07-01,,RETROSPECTIVE_PRIMARY,
SSE,600711,盛屯矿业,1996-05-31,,RETROSPECTIVE_PRIMARY,
SSE,600712,南宁百货,1996-06-26,,RETROSPECTIVE_PRIMARY,
SSE,600713,南京医药,1996-07-01,,RETROSPECTIVE_PRIMARY,
SSE,600714,金瑞矿业,1996-06-06,,RETROSPECTIVE_PRIMARY,
SSE,600715,文投控股,1996-07-01,,RETROSPECTIVE_PRIMARY,
SSE,600716,凤凰股份,1996-07-02,,RETROSPECTIVE_PRIMARY,
SSE,600717,天津港,1996-06-14,,RETROSPECTIVE_PRIMARY,
SSE,600718,东软集团,1996-06-18,,RETROSPECTIVE_PRIMARY,
SSE,600719,大连热电,1996-07-16,,RETROSPECTIVE_PRIMARY,
SSE,600720,中交设计,1996-07-16,,RETROSPECTIVE_PRIMARY,
SSE,600721,百花医药,1996-06-26,,RETROSPECTIVE_PRIMARY,
SSE,600722,金牛化工,1996-06-26,,RETROSPECTIVE_PRIMARY,
SSE,600724,宁波富达,1996-07-16,,RETROSPECTIVE_PRIMARY,
SSE,600725,云维股份,1996-07-02,,RETROSPECTIVE_PRIMARY,
SSE,600726,华电能源,1996-07-01,,RETROSPECTIVE_PRIMARY,
SSE,600727,鲁北化工,1996-07-02,,RETROSPECTIVE_PRIMARY,
SSE,600728,佳都科技,1996-07-16,,RETROSPECTIVE_PRIMARY,
SSE,600729,重百集团,1996-07-02,,RETROSPECTIVE_PRIMARY,
SSE,600730,*ST高科,1996-07-26,,RETROSPECTIVE_PRIMARY,
SSE,600731,湖南海利,1996-08-02,,RETROSPECTIVE_PRIMARY,
SSE,600732,爱旭股份,1996-08-16,,RETROSPECTIVE_PRIMARY,
SSE,600733,北汽蓝谷,1996-08-16,,RETROSPECTIVE_PRIMARY,
SSE,600734,*ST实达,1996-08-08,,RETROSPECTIVE_PRIMARY,
SSE,600735,ST新华锦,1996-07-26,,RETROSPECTIVE_PRIMARY,
SSE,600736,苏州高新,1996-08-15,,RETROSPECTIVE_PRIMARY,
SSE,600737,中粮糖业,1996-07-31,,RETROSPECTIVE_PRIMARY,
SSE,600738,丽尚国潮,1996-08-02,,RETROSPECTIVE_PRIMARY,
SSE,600739,辽宁成大,1996-08-19,,RETROSPECTIVE_PRIMARY,
SSE,600740,山西焦化,1996-08-08,,RETROSPECTIVE_PRIMARY,
SSE,600741,华域汽车,1996-08-26,,RETROSPECTIVE_PRIMARY,
SSE,600742,富维股份,1996-08-26,,RETROSPECTIVE_PRIMARY,
SSE,600743,华远控股,1996-09-09,,RETROSPECTIVE_PRIMARY,
SSE,600744,华银电力,1996-09-05,,RETROSPECTIVE_PRIMARY,
SSE,600745,*ST闻泰,1996-08-28,,RETROSPECTIVE_PRIMARY,
SSE,600746,江苏索普,1996-09-18,,RETROSPECTIVE_PRIMARY,
SSE,600748,上实发展,1996-09-25,,RETROSPECTIVE_PRIMARY,
SSE,600749,西藏旅游,1996-10-15,,RETROSPECTIVE_PRIMARY,
SSE,600750,华润江中,1996-09-23,,RETROSPECTIVE_PRIMARY,
SSE,600751,海航科技,1996-09-09,,RETROSPECTIVE_PRIMARY,
SSE,600753,ST海钦,1996-09-27,,RETROSPECTIVE_PRIMARY,
SSE,600754,锦江酒店,1996-10-11,,RETROSPECTIVE_PRIMARY,
SSE,600755,厦门国贸,1996-10-03,,RETROSPECTIVE_PRIMARY,
SSE,600756,浪潮软件,1996-09-23,,RETROSPECTIVE_PRIMARY,
SSE,600757,长江传媒,1996-10-03,,RETROSPECTIVE_PRIMARY,
SSE,600758,辽宁能源,1996-10-29,,RETROSPECTIVE_PRIMARY,
SSE,600759,ST洲际,1996-10-08,,RETROSPECTIVE_PRIMARY,
SSE,600760,中航沈飞,1996-10-11,,RETROSPECTIVE_PRIMARY,
SSE,600761,安徽合力,1996-10-09,,RETROSPECTIVE_PRIMARY,
SSE,600763,通策医疗,1996-10-30,,RETROSPECTIVE_PRIMARY,
SSE,600764,中国海防,1996-11-04,,RETROSPECTIVE_PRIMARY,
SSE,600765,中航重机,1996-11-06,,RETROSPECTIVE_PRIMARY,
SSE,600768,宁波富邦,1996-11-11,,RETROSPECTIVE_PRIMARY,
SSE,600769,祥龙电业,1996-11-01,,RETROSPECTIVE_PRIMARY,
SSE,600770,综艺股份,1996-11-20,,RETROSPECTIVE_PRIMARY,
SSE,600771,广誉远,1996-11-05,,RETROSPECTIVE_PRIMARY,
SSE,600773,西藏城投,1996-11-08,,RETROSPECTIVE_PRIMARY,
SSE,600774,汉商集团,1996-11-08,,RETROSPECTIVE_PRIMARY,
SSE,600775,南京熊猫,1996-11-18,,RETROSPECTIVE_PRIMARY,
SSE,600776,东方通信,1996-11-26,,RETROSPECTIVE_PRIMARY,
SSE,600777,新潮能源,1996-11-21,,RETROSPECTIVE_PRIMARY,
SSE,600778,友好集团,1996-12-03,,RETROSPECTIVE_PRIMARY,
SSE,600779,水井坊,1996-12-06,,RETROSPECTIVE_PRIMARY,
SSE,600780,通宝能源,1996-12-05,,RETROSPECTIVE_PRIMARY,
SSE,600782,新钢股份,1996-12-25,,RETROSPECTIVE_PRIMARY,
SSE,600783,鲁信创投,1996-12-25,,RETROSPECTIVE_PRIMARY,
SSE,600784,鲁银投资,1996-12-25,,RETROSPECTIVE_PRIMARY,
SSE,600785,新华百货,1997-01-08,,RETROSPECTIVE_PRIMARY,
SSE,600787,中储股份,1997-01-21,,RETROSPECTIVE_PRIMARY,
SSE,600789,鲁抗医药,1997-02-26,,RETROSPECTIVE_PRIMARY,
SSE,600790,轻纺城,1997-02-28,,RETROSPECTIVE_PRIMARY,
SSE,600791,京能置业,1997-01-30,,RETROSPECTIVE_PRIMARY,
SSE,600792,云煤能源,1997-01-23,,RETROSPECTIVE_PRIMARY,
SSE,600793,宜宾纸业,1997-02-20,,RETROSPECTIVE_PRIMARY,
SSE,600794,保税科技,1997-03-06,,RETROSPECTIVE_PRIMARY,
SSE,600795,国电电力,1997-03-18,,RETROSPECTIVE_PRIMARY,
SSE,600796,钱江生化,1997-04-08,,RETROSPECTIVE_PRIMARY,
SSE,600797,浙大网新,1997-04-18,,RETROSPECTIVE_PRIMARY,
SSE,600798,宁波海运,1997-04-23,,RETROSPECTIVE_PRIMARY,
SSE,600800,渤海化学,1993-12-06,,RETROSPECTIVE_PRIMARY,
SSE,600801,华新建材,1994-01-03,,RETROSPECTIVE_PRIMARY,
SSE,600802,福建水泥,1994-01-03,,RETROSPECTIVE_PRIMARY,
SSE,600803,新奥股份,1994-01-03,,RETROSPECTIVE_PRIMARY,
SSE,600805,悦达投资,1994-01-03,,RETROSPECTIVE_PRIMARY,
SSE,600807,济高发展,1994-01-03,,RETROSPECTIVE_PRIMARY,
SSE,600808,马钢股份,1994-01-06,,RETROSPECTIVE_PRIMARY,
SSE,600809,山西汾酒,1994-01-06,,RETROSPECTIVE_PRIMARY,
SSE,600810,神马股份,1994-01-06,,RETROSPECTIVE_PRIMARY,
SSE,600812,华北制药,1994-01-14,,RETROSPECTIVE_PRIMARY,
SSE,600814,杭州解百,1994-01-14,,RETROSPECTIVE_PRIMARY,
SSE,600815,厦工股份,1994-01-28,,RETROSPECTIVE_PRIMARY,
SSE,600816,建元信托,1994-01-28,,RETROSPECTIVE_PRIMARY,
SSE,600817,宇通重工,1994-01-28,,RETROSPECTIVE_PRIMARY,
SSE,600818,ST中路,1994-01-28,,RETROSPECTIVE_PRIMARY,
SSE,600819,耀皮玻璃,1994-01-28,,RETROSPECTIVE_PRIMARY,
SSE,600820,隧道股份,1994-01-28,,RETROSPECTIVE_PRIMARY,
SSE,600821,金开新能,1994-01-28,,RETROSPECTIVE_PRIMARY,
SSE,600822,上海物贸,1994-02-04,,RETROSPECTIVE_PRIMARY,
SSE,600824,益民集团,1994-02-04,,RETROSPECTIVE_PRIMARY,
SSE,600825,新华传媒,1994-02-04,,RETROSPECTIVE_PRIMARY,
SSE,600826,兰生股份,1994-02-04,,RETROSPECTIVE_PRIMARY,
SSE,600827,百联股份,1994-02-04,,RETROSPECTIVE_PRIMARY,
SSE,600828,茂业商业,1994-02-24,,RETROSPECTIVE_PRIMARY,
SSE,600829,人民同泰,1994-02-24,,RETROSPECTIVE_PRIMARY,
SSE,600830,香溢融通,1994-02-24,,RETROSPECTIVE_PRIMARY,
SSE,600831,广电网络,1994-02-24,,RETROSPECTIVE_PRIMARY,
SSE,600833,第一医药,1994-02-24,,RETROSPECTIVE_PRIMARY,
SSE,600834,申通地铁,1994-02-24,,RETROSPECTIVE_PRIMARY,
SSE,600835,上海机电,1994-02-24,,RETROSPECTIVE_PRIMARY,
SSE,600838,上海九百,1994-02-24,,RETROSPECTIVE_PRIMARY,
SSE,600839,四川长虹,1994-03-11,,RETROSPECTIVE_PRIMARY,
SSE,600841,动力新科,1994-03-11,,RETROSPECTIVE_PRIMARY,
SSE,600843,上工申贝,1994-03-11,,RETROSPECTIVE_PRIMARY,
SSE,600844,金煤科技,1994-03-11,,RETROSPECTIVE_PRIMARY,
SSE,600845,宝信软件,1994-03-11,,RETROSPECTIVE_PRIMARY,
SSE,600846,同济科技,1994-03-11,,RETROSPECTIVE_PRIMARY,
SSE,600847,万里股份,1994-03-24,,RETROSPECTIVE_PRIMARY,
SSE,600848,上海临港,1994-03-24,,RETROSPECTIVE_PRIMARY,
SSE,600850,电科数字,1994-03-24,,RETROSPECTIVE_PRIMARY,
SSE,600851,海欣股份,1994-04-04,,RETROSPECTIVE_PRIMARY,
SSE,600853,龙建股份,1994-04-04,,RETROSPECTIVE_PRIMARY,
SSE,600854,春兰股份,1994-04-25,,RETROSPECTIVE_PRIMARY,
SSE,600855,航天长峰,1994-04-25,,RETROSPECTIVE_PRIMARY,
SSE,600857,宁波中百,1994-04-25,,RETROSPECTIVE_PRIMARY,
SSE,600858,银座股份,1994-05-06,,RETROSPECTIVE_PRIMARY,
SSE,600859,王府井,1994-05-06,,RETROSPECTIVE_PRIMARY,
SSE,600860,京城股份,1994-05-06,,RETROSPECTIVE_PRIMARY,
SSE,600861,北京人力,1994-05-20,,RETROSPECTIVE_PRIMARY,
SSE,600862,中航高科,1994-05-20,,RETROSPECTIVE_PRIMARY,
SSE,600863,华能蒙电,1994-05-20,,RETROSPECTIVE_PRIMARY,
SSE,600864,哈投股份,1994-08-09,,RETROSPECTIVE_PRIMARY,
SSE,600865,百大集团,1994-08-09,,RETROSPECTIVE_PRIMARY,
SSE,600866,XD星湖科,1994-08-18,,RETROSPECTIVE_PRIMARY,
SSE,600867,通化东宝,1994-08-24,,RETROSPECTIVE_PRIMARY,
SSE,600868,梅雁吉祥,1994-09-12,,RETROSPECTIVE_PRIMARY,
SSE,600869,远东股份,1995-02-06,,RETROSPECTIVE_PRIMARY,
SSE,600871,石化油服,1995-04-11,,RETROSPECTIVE_PRIMARY,
SSE,600872,中炬高新,1995-01-24,,RETROSPECTIVE_PRIMARY,
SSE,600873,梅花生物,1995-02-17,,RETROSPECTIVE_PRIMARY,
SSE,600874,创业环保,1995-06-30,,RETROSPECTIVE_PRIMARY,
SSE,600875,东方电气,1995-10-10,,RETROSPECTIVE_PRIMARY,
SSE,600876,凯盛新能,1995-10-31,,RETROSPECTIVE_PRIMARY,
SSE,600877,电科芯片,1995-10-13,,RETROSPECTIVE_PRIMARY,
SSE,600879,航天电子,1995-11-15,,RETROSPECTIVE_PRIMARY,
SSE,600880,博瑞传播,1995-11-15,,RETROSPECTIVE_PRIMARY,
SSE,600881,亚泰集团,1995-11-15,,RETROSPECTIVE_PRIMARY,
SSE,600882,妙可蓝多,1995-12-06,,RETROSPECTIVE_PRIMARY,
SSE,600883,博闻科技,1995-12-08,,RETROSPECTIVE_PRIMARY,
SSE,600884,杉杉股份,1996-01-30,,RETROSPECTIVE_PRIMARY,
SSE,600885,宏发股份,1996-02-05,,RETROSPECTIVE_PRIMARY,
SSE,600886,国投电力,1996-01-18,,RETROSPECTIVE_PRIMARY,
SSE,600887,伊利股份,1996-03-12,,RETROSPECTIVE_PRIMARY,
SSE,600888,新疆众和,1996-02-15,,RETROSPECTIVE_PRIMARY,
SSE,600889,*ST京化,1996-03-08,,RETROSPECTIVE_PRIMARY,
SSE,600892,大晟文化,1996-03-15,,RETROSPECTIVE_PRIMARY,
SSE,600893,航发动力,1996-04-08,,RETROSPECTIVE_PRIMARY,
SSE,600894,广日股份,1996-03-28,,RETROSPECTIVE_PRIMARY,
SSE,600895,张江高科,1996-04-22,,RETROSPECTIVE_PRIMARY,
SSE,600897,厦门空港,1996-05-31,,RETROSPECTIVE_PRIMARY,
SSE,600900,长江电力,2003-11-18,,RETROSPECTIVE_PRIMARY,
SSE,600901,江苏金租,2018-03-01,,RETROSPECTIVE_PRIMARY,
SSE,600903,贵州燃气,2017-11-07,,RETROSPECTIVE_PRIMARY,
SSE,600905,三峡能源,2021-06-10,,RETROSPECTIVE_PRIMARY,
SSE,600906,财达证券,2021-05-07,,RETROSPECTIVE_PRIMARY,
SSE,600908,无锡银行,2016-09-23,,RETROSPECTIVE_PRIMARY,
SSE,600909,华安证券,2016-12-06,,RETROSPECTIVE_PRIMARY,
SSE,600916,中国黄金,2021-02-05,,RETROSPECTIVE_PRIMARY,
SSE,600917,重庆燃气,2014-09-30,,RETROSPECTIVE_PRIMARY,
SSE,600918,中泰证券,2020-06-03,,RETROSPECTIVE_PRIMARY,
SSE,600919,江苏银行,2016-08-02,,RETROSPECTIVE_PRIMARY,
SSE,600925,苏能股份,2023-03-29,,RETROSPECTIVE_PRIMARY,
SSE,600926,杭州银行,2016-10-27,,RETROSPECTIVE_PRIMARY,
SSE,600927,永安期货,2021-12-23,,RETROSPECTIVE_PRIMARY,
SSE,600928,西安银行,2019-03-01,,RETROSPECTIVE_PRIMARY,
SSE,600929,雪天盐业,2018-03-26,,RETROSPECTIVE_PRIMARY,
SSE,600930,华电新能,2025-07-16,,RETROSPECTIVE_PRIMARY,
SSE,600933,爱柯迪,2017-11-17,,RETROSPECTIVE_PRIMARY,
SSE,600935,华塑股份,2021-11-26,,RETROSPECTIVE_PRIMARY,
SSE,600936,北投科技,2016-08-15,,RETROSPECTIVE_PRIMARY,
SSE,600938,中国海油,2022-04-21,,RETROSPECTIVE_PRIMARY,
SSE,600939,重庆建工,2017-02-21,,RETROSPECTIVE_PRIMARY,
SSE,600941,中国移动,2022-01-05,,RETROSPECTIVE_PRIMARY,
SSE,600955,维远股份,2021-09-15,,RETROSPECTIVE_PRIMARY,
SSE,600956,新天绿能,2020-06-29,,RETROSPECTIVE_PRIMARY,
SSE,600958,东方证券,2015-03-23,,RETROSPECTIVE_PRIMARY,
SSE,600959,江苏有线,2015-04-28,,RETROSPECTIVE_PRIMARY,
SSE,600960,渤海汽车,2004-04-07,,RETROSPECTIVE_PRIMARY,
SSE,600961,株冶集团,2004-08-30,,RETROSPECTIVE_PRIMARY,
SSE,600962,国投中鲁,2004-06-22,,RETROSPECTIVE_PRIMARY,
SSE,600963,岳阳林纸,2004-05-25,,RETROSPECTIVE_PRIMARY,
SSE,600965,*ST福成,2004-07-13,,RETROSPECTIVE_PRIMARY,
SSE,600966,博汇纸业,2004-06-08,,RETROSPECTIVE_PRIMARY,
SSE,600967,内蒙一机,2004-05-18,,RETROSPECTIVE_PRIMARY,
SSE,600968,海油发展,2019-06-26,,RETROSPECTIVE_PRIMARY,
SSE,600969,郴电国际,2004-04-08,,RETROSPECTIVE_PRIMARY,
SSE,600970,中材国际,2005-04-12,,RETROSPECTIVE_PRIMARY,
SSE,600971,恒源煤电,2004-08-17,,RETROSPECTIVE_PRIMARY,
SSE,600973,宝胜股份,2004-08-02,,RETROSPECTIVE_PRIMARY,
SSE,600975,新五丰,2004-06-09,,RETROSPECTIVE_PRIMARY,
SSE,600976,健民集团,2004-04-19,,RETROSPECTIVE_PRIMARY,
SSE,600977,中国电影,2016-08-09,,RETROSPECTIVE_PRIMARY,
SSE,600979,广安爱众,2004-09-06,,RETROSPECTIVE_PRIMARY,
SSE,600980,北矿科技,2004-05-12,,RETROSPECTIVE_PRIMARY,
SSE,600981,苏豪汇鸿,2004-06-30,,RETROSPECTIVE_PRIMARY,
SSE,600982,宁波能源,2004-07-06,,RETROSPECTIVE_PRIMARY,
SSE,600983,惠而浦,2004-07-27,,RETROSPECTIVE_PRIMARY,
SSE,600984,建设机械,2004-07-07,,RETROSPECTIVE_PRIMARY,
SSE,600985,淮北矿业,2004-04-28,,RETROSPECTIVE_PRIMARY,
SSE,600986,浙文互联,2004-04-26,,RETROSPECTIVE_PRIMARY,
SSE,600987,航民股份,2004-08-09,,RETROSPECTIVE_PRIMARY,
SSE,600988,赤峰黄金,2004-04-14,,RETROSPECTIVE_PRIMARY,
SSE,600989,宝丰能源,2019-05-16,,RETROSPECTIVE_PRIMARY,
SSE,600990,四创电子,2004-05-10,,RETROSPECTIVE_PRIMARY,
SSE,600992,贵绳股份,2004-05-14,,RETROSPECTIVE_PRIMARY,
SSE,600993,马应龙,2004-05-17,,RETROSPECTIVE_PRIMARY,
SSE,600995,南网储能,2004-06-15,,RETROSPECTIVE_PRIMARY,
SSE,600996,贵广网络,2016-12-26,,RETROSPECTIVE_PRIMARY,
SSE,600997,开滦股份,2004-06-02,,RETROSPECTIVE_PRIMARY,
SSE,600998,九州通,2010-11-02,,RETROSPECTIVE_PRIMARY,
SSE,600999,招商证券,2009-11-17,,RETROSPECTIVE_PRIMARY,
SSE,601000,唐山港,2010-07-05,,RETROSPECTIVE_PRIMARY,
SSE,601001,晋控煤业,2006-06-23,,RETROSPECTIVE_PRIMARY,
SSE,601002,晋亿实业,2007-01-26,,RETROSPECTIVE_PRIMARY,
SSE,601003,柳钢股份,2007-02-27,,RETROSPECTIVE_PRIMARY,
SSE,601005,重庆钢铁,2007-02-28,,RETROSPECTIVE_PRIMARY,
SSE,601006,大秦铁路,2006-08-01,,RETROSPECTIVE_PRIMARY,
SSE,601007,金陵饭店,2007-04-06,,RETROSPECTIVE_PRIMARY,
SSE,601008,连云港,2007-04-26,,RETROSPECTIVE_PRIMARY,
SSE,601009,南京银行,2007-07-19,,RETROSPECTIVE_PRIMARY,
SSE,601010,ST文峰,2011-06-03,,RETROSPECTIVE_PRIMARY,
SSE,601011,宝泰隆,2011-03-09,,RETROSPECTIVE_PRIMARY,
SSE,601012,隆基绿能,2012-04-11,,RETROSPECTIVE_PRIMARY,
SSE,601015,陕西黑猫,2014-11-05,,RETROSPECTIVE_PRIMARY,
SSE,601016,节能风电,2014-09-29,,RETROSPECTIVE_PRIMARY,
SSE,601018,宁波港,2010-09-28,,RETROSPECTIVE_PRIMARY,
SSE,601019,山东出版,2017-11-22,,RETROSPECTIVE_PRIMARY,
SSE,601020,华钰矿业,2016-03-16,,RETROSPECTIVE_PRIMARY,
SSE,601021,春秋航空,2015-01-21,,RETROSPECTIVE_PRIMARY,
SSE,601022,宁波远洋,2022-12-08,,RETROSPECTIVE_PRIMARY,
SSE,601026,道生天合,2025-10-17,,RETROSPECTIVE_PRIMARY,
SSE,601033,永兴股份,2024-01-18,,RETROSPECTIVE_PRIMARY,
SSE,601038,一拖股份,2012-08-08,,RETROSPECTIVE_PRIMARY,
SSE,601058,赛轮轮胎,2011-06-30,,RETROSPECTIVE_PRIMARY,
SSE,601059,信达证券,2023-02-01,,RETROSPECTIVE_PRIMARY,
SSE,601061,中信金属,2023-04-10,,RETROSPECTIVE_PRIMARY,
SSE,601065,江盐集团,2023-04-10,,RETROSPECTIVE_PRIMARY,
SSE,601066,中信建投,2018-06-20,,RETROSPECTIVE_PRIMARY,
SSE,601068,中铝国际,2018-08-31,,RETROSPECTIVE_PRIMARY,
SSE,601069,西部黄金,2015-01-22,,RETROSPECTIVE_PRIMARY,
SSE,601077,渝农商行,2019-10-29,,RETROSPECTIVE_PRIMARY,
SSE,601083,锦江航运,2023-12-05,,RETROSPECTIVE_PRIMARY,
SSE,601086,国芳集团,2017-09-29,,RETROSPECTIVE_PRIMARY,
SSE,601088,中国神华,2007-10-09,,RETROSPECTIVE_PRIMARY,
SSE,601089,福元医药,2022-06-30,,RETROSPECTIVE_PRIMARY,
SSE,601096,宏盛华源,2023-12-22,,RETROSPECTIVE_PRIMARY,
SSE,601098,中南传媒,2010-10-28,,RETROSPECTIVE_PRIMARY,
SSE,601099,太平洋,2007-12-28,,RETROSPECTIVE_PRIMARY,
SSE,601100,恒立液压,2011-10-28,,RETROSPECTIVE_PRIMARY,
SSE,601101,昊华能源,2010-03-31,,RETROSPECTIVE_PRIMARY,
SSE,601106,中国一重,2010-02-09,,RETROSPECTIVE_PRIMARY,
SSE,601107,四川成渝,2009-07-27,,RETROSPECTIVE_PRIMARY,
SSE,601108,财通证券,2017-10-24,,RETROSPECTIVE_PRIMARY,
SSE,601111,中国国航,2006-08-18,,RETROSPECTIVE_PRIMARY,
SSE,601112,振石股份,2026-01-29,,RETROSPECTIVE_PRIMARY,
SSE,601113,华鼎股份,2011-05-09,,RETROSPECTIVE_PRIMARY,
SSE,601116,三江购物,2011-03-02,,RETROSPECTIVE_PRIMARY,
SSE,601117,中国化学,2010-01-07,,RETROSPECTIVE_PRIMARY,
SSE,601118,海南橡胶,2011-01-07,,RETROSPECTIVE_PRIMARY,
SSE,601121,宝地矿业,2023-03-10,,RETROSPECTIVE_PRIMARY,
SSE,601126,四方股份,2010-12-31,,RETROSPECTIVE_PRIMARY,
SSE,601127,赛力斯,2016-06-15,,RETROSPECTIVE_PRIMARY,
SSE,601128,常熟银行,2016-09-30,,RETROSPECTIVE_PRIMARY,
SSE,601133,柏诚股份,2023-04-10,,RETROSPECTIVE_PRIMARY,
SSE,601136,首创证券,2022-12-22,,RETROSPECTIVE_PRIMARY,
SSE,601137,博威合金,2011-01-27,,RETROSPECTIVE_PRIMARY,
SSE,601138,工业富联,2018-06-08,,RETROSPECTIVE_PRIMARY,
SSE,601139,深圳燃气,2009-12-25,,RETROSPECTIVE_PRIMARY,
SSE,601155,新城控股,2015-12-04,,RETROSPECTIVE_PRIMARY,
SSE,601156,东航物流,2021-06-09,,RETROSPECTIVE_PRIMARY,
SSE,601158,重庆水务,2010-03-29,,RETROSPECTIVE_PRIMARY,
SSE,601162,天风证券,2018-10-19,,RETROSPECTIVE_PRIMARY,
SSE,601163,三角轮胎,2016-09-09,,RETROSPECTIVE_PRIMARY,
SSE,601166,兴业银行,2007-02-05,,RETROSPECTIVE_PRIMARY,
SSE,601168,西部矿业,2007-07-12,,RETROSPECTIVE_PRIMARY,
SSE,601169,北京银行,2007-09-19,,RETROSPECTIVE_PRIMARY,
SSE,601177,杭齿前进,2010-10-11,,RETROSPECTIVE_PRIMARY,
SSE,601179,中国西电,2010-01-28,,RETROSPECTIVE_PRIMARY,
SSE,601186,中国铁建,2008-03-10,,RETROSPECTIVE_PRIMARY,
SSE,601187,厦门银行,2020-10-27,,RETROSPECTIVE_PRIMARY,
SSE,601188,龙江交通,2010-03-19,,RETROSPECTIVE_PRIMARY,
SSE,601198,东兴证券,2015-02-26,,RETROSPECTIVE_PRIMARY,
SSE,601199,江南水务,2011-03-17,,RETROSPECTIVE_PRIMARY,
SSE,601200,上海环境,2017-03-31,,RETROSPECTIVE_PRIMARY,
SSE,601208,东材科技,2011-05-20,,RETROSPECTIVE_PRIMARY,
SSE,601211,国泰海通,2015-06-26,,RETROSPECTIVE_PRIMARY,
SSE,601212,白银有色,2017-02-15,,RETROSPECTIVE_PRIMARY,
SSE,601216,君正集团,2011-02-22,,RETROSPECTIVE_PRIMARY,
SSE,601218,吉鑫科技,2011-05-06,,RETROSPECTIVE_PRIMARY,
SSE,601222,林洋能源,2011-08-08,,RETROSPECTIVE_PRIMARY,
SSE,601225,陕西煤业,2014-01-28,,RETROSPECTIVE_PRIMARY,
SSE,601226,华电科工,2014-12-11,,RETROSPECTIVE_PRIMARY,
SSE,601228,广州港,2017-03-29,,RETROSPECTIVE_PRIMARY,
SSE,601229,上海银行,2016-11-16,,RETROSPECTIVE_PRIMARY,
SSE,601231,环旭电子,2012-02-20,,RETROSPECTIVE_PRIMARY,
SSE,601233,桐昆股份,2011-05-18,,RETROSPECTIVE_PRIMARY,
SSE,601236,红塔证券,2019-07-05,,RETROSPECTIVE_PRIMARY,
SSE,601238,广汽集团,2012-03-29,,RETROSPECTIVE_PRIMARY,
SSE,601279,英利汽车,2021-04-15,,RETROSPECTIVE_PRIMARY,
SSE,601288,农业银行,2010-07-15,,RETROSPECTIVE_PRIMARY,
SSE,601298,青岛港,2019-01-21,,RETROSPECTIVE_PRIMARY,
SSE,601311,骆驼股份,2011-06-02,,RETROSPECTIVE_PRIMARY,
SSE,601318,中国平安,2007-03-01,,RETROSPECTIVE_PRIMARY,
SSE,601319,中国人保,2018-11-16,,RETROSPECTIVE_PRIMARY,
SSE,601326,秦港股份,2017-08-16,,RETROSPECTIVE_PRIMARY,
SSE,601328,交通银行,2007-05-15,,RETROSPECTIVE_PRIMARY,
SSE,601330,绿色动力,2018-06-11,,RETROSPECTIVE_PRIMARY,
SSE,601333,广深铁路,2006-12-22,,RETROSPECTIVE_PRIMARY,
SSE,601336,新华保险,2011-12-16,,RETROSPECTIVE_PRIMARY,
SSE,601339,百隆东方,2012-06-12,,RETROSPECTIVE_PRIMARY,
SSE,601360,三六零,2012-01-16,,RETROSPECTIVE_PRIMARY,
SSE,601366,利群股份,2017-04-12,,RETROSPECTIVE_PRIMARY,
SSE,601368,绿城水务,2015-06-12,,RETROSPECTIVE_PRIMARY,
SSE,601369,陕鼓动力,2010-04-28,,RETROSPECTIVE_PRIMARY,
SSE,601375,中原证券,2017-01-03,,RETROSPECTIVE_PRIMARY,
SSE,601377,兴业证券,2010-10-13,,RETROSPECTIVE_PRIMARY,
SSE,601388,怡球资源,2012-04-23,,RETROSPECTIVE_PRIMARY,
SSE,601390,中国中铁,2007-12-03,,RETROSPECTIVE_PRIMARY,
SSE,601398,工商银行,2006-10-27,,RETROSPECTIVE_PRIMARY,
SSE,601399,国机重装,2020-06-08,,RETROSPECTIVE_PRIMARY,
SSE,601456,国联民生,2020-07-31,,RETROSPECTIVE_PRIMARY,
SSE,601500,通用股份,2016-09-19,,RETROSPECTIVE_PRIMARY,
SSE,601512,中新集团,2019-12-20,,RETROSPECTIVE_PRIMARY,
SSE,601515,衢州东峰,2012-02-16,,RETROSPECTIVE_PRIMARY,
SSE,601518,吉林高速,2010-03-19,,RETROSPECTIVE_PRIMARY,
SSE,601519,大智慧,2011-01-28,,RETROSPECTIVE_PRIMARY,
SSE,601528,瑞丰银行,2021-06-25,,RETROSPECTIVE_PRIMARY,
SSE,601555,东吴证券,2011-12-12,,RETROSPECTIVE_PRIMARY,
SSE,601566,九牧王,2011-05-30,,RETROSPECTIVE_PRIMARY,
SSE,601567,三星电气,2011-06-15,,RETROSPECTIVE_PRIMARY,
SSE,601568,北元化工,2020-10-20,,RETROSPECTIVE_PRIMARY,
SSE,601577,长沙银行,2018-09-26,,RETROSPECTIVE_PRIMARY,
SSE,601579,会稽山,2014-08-25,,RETROSPECTIVE_PRIMARY,
SSE,601588,北辰实业,2006-10-16,,RETROSPECTIVE_PRIMARY,
SSE,601595,上海电影,2016-08-17,,RETROSPECTIVE_PRIMARY,
SSE,601598,中国外运,2019-01-18,,RETROSPECTIVE_PRIMARY,
SSE,601599,浙文影业,2011-05-27,,RETROSPECTIVE_PRIMARY,
SSE,601600,中国铝业,2007-04-30,,RETROSPECTIVE_PRIMARY,
SSE,601601,中国太保,2007-12-25,,RETROSPECTIVE_PRIMARY,
SSE,601606,长城军工,2018-08-06,,RETROSPECTIVE_PRIMARY,
SSE,601607,上海医药,1994-03-24,,RETROSPECTIVE_PRIMARY,
SSE,601608,中信重工,2012-07-06,,RETROSPECTIVE_PRIMARY,
SSE,601609,金田股份,2020-04-22,,RETROSPECTIVE_PRIMARY,
SSE,601611,中国核建,2016-06-06,,RETROSPECTIVE_PRIMARY,
SSE,601615,明阳智能,2019-01-23,,RETROSPECTIVE_PRIMARY,
SSE,601616,广电电气,2011-02-01,,RETROSPECTIVE_PRIMARY,
SSE,601618,中国中冶,2009-09-21,,RETROSPECTIVE_PRIMARY,
SSE,601619,嘉泽新能,2017-07-20,,RETROSPECTIVE_PRIMARY,
SSE,601628,中国人寿,2007-01-09,,RETROSPECTIVE_PRIMARY,
SSE,601633,长城汽车,2011-09-28,,RETROSPECTIVE_PRIMARY,
SSE,601636,旗滨集团,2011-08-12,,RETROSPECTIVE_PRIMARY,
SSE,601658,邮储银行,2019-12-10,,RETROSPECTIVE_PRIMARY,
SSE,601665,齐鲁银行,2021-06-18,,RETROSPECTIVE_PRIMARY,
SSE,601666,平煤股份,2006-11-23,,RETROSPECTIVE_PRIMARY,
SSE,601668,中国建筑,2009-07-29,,RETROSPECTIVE_PRIMARY,
SSE,601669,中国电建,2011-10-18,,RETROSPECTIVE_PRIMARY,
SSE,601677,明泰铝业,2011-09-19,,RETROSPECTIVE_PRIMARY,
SSE,601678,滨化股份,2010-02-23,,RETROSPECTIVE_PRIMARY,
SSE,601686,友发集团,2020-12-04,,RETROSPECTIVE_PRIMARY,
SSE,601688,华泰证券,2010-02-26,,RETROSPECTIVE_PRIMARY,
SSE,601689,拓普集团,2015-03-19,,RETROSPECTIVE_PRIMARY,
SSE,601696,中银证券,2020-02-26,,RETROSPECTIVE_PRIMARY,
SSE,601698,中国卫通,2019-06-28,,RETROSPECTIVE_PRIMARY,
SSE,601699,潞安环能,2006-09-22,,RETROSPECTIVE_PRIMARY,
SSE,601700,风范股份,2011-01-18,,RETROSPECTIVE_PRIMARY,
SSE,601702,华峰铝业,2020-09-07,,RETROSPECTIVE_PRIMARY,
SSE,601717,中创智领,2010-08-03,,RETROSPECTIVE_PRIMARY,
SSE,601718,ST际华,2010-08-16,,RETROSPECTIVE_PRIMARY,
SSE,601727,上海电气,2008-12-05,,RETROSPECTIVE_PRIMARY,
SSE,601728,中国电信,2021-08-20,,RETROSPECTIVE_PRIMARY,
SSE,601766,中国中车,2008-08-18,,RETROSPECTIVE_PRIMARY,
SSE,601777,千里科技,2010-11-25,,RETROSPECTIVE_PRIMARY,
SSE,601778,晶科科技,2020-05-19,,RETROSPECTIVE_PRIMARY,
SSE,601788,光大证券,2009-08-18,,RETROSPECTIVE_PRIMARY,
SSE,601789,宁波建工,2011-08-16,,RETROSPECTIVE_PRIMARY,
SSE,601798,蓝科高新,2011-06-22,,RETROSPECTIVE_PRIMARY,
SSE,601799,星宇股份,2011-02-01,,RETROSPECTIVE_PRIMARY,
SSE,601800,XD中国交,2012-03-09,,RETROSPECTIVE_PRIMARY,
SSE,601801,皖新传媒,2010-01-18,,RETROSPECTIVE_PRIMARY,
SSE,601808,中海油服,2007-09-28,,RETROSPECTIVE_PRIMARY,
SSE,601811,新华文轩,2016-08-08,,RETROSPECTIVE_PRIMARY,
SSE,601816,京沪高铁,2020-01-16,,RETROSPECTIVE_PRIMARY,
SSE,601818,光大银行,2010-08-18,,RETROSPECTIVE_PRIMARY,
SSE,601825,沪农商行,2021-08-19,,RETROSPECTIVE_PRIMARY,
SSE,601827,三峰环境,2020-06-05,,RETROSPECTIVE_PRIMARY,
SSE,601828,美凯龙,2018-01-17,,RETROSPECTIVE_PRIMARY,
SSE,601838,成都银行,2018-01-31,,RETROSPECTIVE_PRIMARY,
SSE,601857,中国石油,2007-11-05,,RETROSPECTIVE_PRIMARY,
SSE,601858,中国科传,2017-01-18,,RETROSPECTIVE_PRIMARY,
SSE,601860,紫金银行,2019-01-03,,RETROSPECTIVE_PRIMARY,
SSE,601865,福莱特,2019-02-15,,RETROSPECTIVE_PRIMARY,
SSE,601866,中远海发,2007-12-12,,RETROSPECTIVE_PRIMARY,
SSE,601868,中国能建,2021-09-28,,RETROSPECTIVE_PRIMARY,
SSE,601869,长飞光纤,2018-07-20,,RETROSPECTIVE_PRIMARY,
SSE,601872,招商轮船,2006-12-01,,RETROSPECTIVE_PRIMARY,
SSE,601877,正泰电器,2010-01-21,,RETROSPECTIVE_PRIMARY,
SSE,601878,浙商证券,2017-06-26,,RETROSPECTIVE_PRIMARY,
SSE,601880,辽港股份,2010-12-06,,RETROSPECTIVE_PRIMARY,
SSE,601881,中国银河,2017-01-23,,RETROSPECTIVE_PRIMARY,
SSE,601882,海天精工,2016-11-07,,RETROSPECTIVE_PRIMARY,
SSE,601886,江河集团,2011-08-18,,RETROSPECTIVE_PRIMARY,
SSE,601888,中国中免,2009-10-15,,RETROSPECTIVE_PRIMARY,
SSE,601890,亚星锚链,2010-12-28,,RETROSPECTIVE_PRIMARY,
SSE,601898,中煤能源,2008-02-01,,RETROSPECTIVE_PRIMARY,
SSE,601899,紫金矿业,2008-04-25,,RETROSPECTIVE_PRIMARY,
SSE,601900,南方传媒,2016-02-15,,RETROSPECTIVE_PRIMARY,
SSE,601901,方正证券,2011-08-10,,RETROSPECTIVE_PRIMARY,
SSE,601908,京运通,2011-09-08,,RETROSPECTIVE_PRIMARY,
SSE,601916,浙商银行,2019-11-26,,RETROSPECTIVE_PRIMARY,
SSE,601918,新集能源,2007-12-19,,RETROSPECTIVE_PRIMARY,
SSE,601919,中远海控,2007-06-26,,RETROSPECTIVE_PRIMARY,
SSE,601921,浙版传媒,2021-07-23,,RETROSPECTIVE_PRIMARY,
SSE,601928,凤凰传媒,2011-11-30,,RETROSPECTIVE_PRIMARY,
SSE,601929,吉视传媒,2012-02-23,,RETROSPECTIVE_PRIMARY,
SSE,601933,永辉超市,2010-12-15,,RETROSPECTIVE_PRIMARY,
SSE,601939,建设银行,2007-09-25,,RETROSPECTIVE_PRIMARY,
SSE,601949,XD中国出,2017-08-21,,RETROSPECTIVE_PRIMARY,
SSE,601952,苏垦农发,2017-05-15,,RETROSPECTIVE_PRIMARY,
SSE,601956,东贝集团,2020-12-25,,RETROSPECTIVE_PRIMARY,
SSE,601958,金钼股份,2008-04-17,,RETROSPECTIVE_PRIMARY,
SSE,601963,重庆银行,2021-02-05,,RETROSPECTIVE_PRIMARY,
SSE,601965,中国汽研,2012-06-11,,RETROSPECTIVE_PRIMARY,
SSE,601966,玲珑轮胎,2016-07-06,,RETROSPECTIVE_PRIMARY,
SSE,601968,宝钢包装,2015-06-11,,RETROSPECTIVE_PRIMARY,
SSE,601969,海南矿业,2014-12-09,,RETROSPECTIVE_PRIMARY,
SSE,601975,招商南油,2019-01-08,,RETROSPECTIVE_PRIMARY,
SSE,601985,中国核电,2015-06-10,,RETROSPECTIVE_PRIMARY,
SSE,601988,中国银行,2006-07-05,,RETROSPECTIVE_PRIMARY,
SSE,601990,南京证券,2018-06-13,,RETROSPECTIVE_PRIMARY,
SSE,601991,大唐发电,2006-12-20,,RETROSPECTIVE_PRIMARY,
SSE,601992,金隅集团,2011-03-01,,RETROSPECTIVE_PRIMARY,
SSE,601995,中金公司,2020-11-02,,RETROSPECTIVE_PRIMARY,
SSE,601996,丰林集团,2011-09-29,,RETROSPECTIVE_PRIMARY,
SSE,601997,贵阳银行,2016-08-16,,RETROSPECTIVE_PRIMARY,
SSE,601998,中信银行,2007-04-27,,RETROSPECTIVE_PRIMARY,
SSE,601999,出版传媒,2007-12-21,,RETROSPECTIVE_PRIMARY,
SSE,603000,人民网,2012-04-27,,RETROSPECTIVE_PRIMARY,
SSE,603001,奥康国际,2012-04-26,,RETROSPECTIVE_PRIMARY,
SSE,603002,宏昌电子,2012-05-18,,RETROSPECTIVE_PRIMARY,
SSE,603004,鼎龙科技,2023-12-27,,RETROSPECTIVE_PRIMARY,
SSE,603005,晶方科技,2014-02-10,,RETROSPECTIVE_PRIMARY,
SSE,603006,联明股份,2014-06-30,,RETROSPECTIVE_PRIMARY,
SSE,603007,顺景科技,2016-08-26,,RETROSPECTIVE_PRIMARY,
SSE,603008,ST喜临门,2012-07-17,,RETROSPECTIVE_PRIMARY,
SSE,603009,北特科技,2014-07-18,,RETROSPECTIVE_PRIMARY,
SSE,603010,万盛股份,2014-10-10,,RETROSPECTIVE_PRIMARY,
SSE,603011,合锻智能,2014-11-07,,RETROSPECTIVE_PRIMARY,
SSE,603012,创力集团,2015-03-20,,RETROSPECTIVE_PRIMARY,
SSE,603013,亚普股份,2018-05-09,,RETROSPECTIVE_PRIMARY,
SSE,603014,威高血净,2025-05-19,,RETROSPECTIVE_PRIMARY,
SSE,603015,弘讯科技,2015-03-03,,RETROSPECTIVE_PRIMARY,
SSE,603016,新宏泰,2016-07-01,,RETROSPECTIVE_PRIMARY,
SSE,603017,中衡设计,2014-12-31,,RETROSPECTIVE_PRIMARY,
SSE,603018,华设集团,2014-10-13,,RETROSPECTIVE_PRIMARY,
SSE,603019,中科曙光,2014-11-06,,RETROSPECTIVE_PRIMARY,
SSE,603020,爱普股份,2015-03-25,,RETROSPECTIVE_PRIMARY,
SSE,603021,*ST华鹏,2015-04-23,,RETROSPECTIVE_PRIMARY,
SSE,603022,新通联,2015-05-18,,RETROSPECTIVE_PRIMARY,
SSE,603023,威帝股份,2015-05-27,,RETROSPECTIVE_PRIMARY,
SSE,603025,大豪科技,2015-04-22,,RETROSPECTIVE_PRIMARY,
SSE,603026,石大胜华,2015-05-29,,RETROSPECTIVE_PRIMARY,
SSE,603027,XD千禾味,2016-03-07,,RETROSPECTIVE_PRIMARY,
SSE,603028,赛福天,2016-03-31,,RETROSPECTIVE_PRIMARY,
SSE,603029,天鹅股份,2016-04-27,,RETROSPECTIVE_PRIMARY,
SSE,603030,全筑股份,2015-03-20,,RETROSPECTIVE_PRIMARY,
SSE,603031,安孚科技,2016-08-22,,RETROSPECTIVE_PRIMARY,
SSE,603032,德新科技,2017-01-05,,RETROSPECTIVE_PRIMARY,
SSE,603033,三维股份,2016-12-07,,RETROSPECTIVE_PRIMARY,
SSE,603035,常熟汽饰,2017-01-05,,RETROSPECTIVE_PRIMARY,
SSE,603036,如通股份,2016-12-09,,RETROSPECTIVE_PRIMARY,
SSE,603037,凯众股份,2017-01-20,,RETROSPECTIVE_PRIMARY,
SSE,603038,华立股份,2017-01-16,,RETROSPECTIVE_PRIMARY,
SSE,603039,泛微网络,2017-01-13,,RETROSPECTIVE_PRIMARY,
SSE,603040,新坐标,2017-02-09,,RETROSPECTIVE_PRIMARY,
SSE,603041,美思德,2017-03-30,,RETROSPECTIVE_PRIMARY,
SSE,603042,华脉科技,2017-06-02,,RETROSPECTIVE_PRIMARY,
SSE,603043,广州酒家,2017-06-27,,RETROSPECTIVE_PRIMARY,
SSE,603045,福达合金,2018-05-17,,RETROSPECTIVE_PRIMARY,
SSE,603048,浙江黎明,2021-11-16,,RETROSPECTIVE_PRIMARY,
SSE,603049,中策橡胶,2025-06-05,,RETROSPECTIVE_PRIMARY,
SSE,603050,科林电气,2017-04-14,,RETROSPECTIVE_PRIMARY,
SSE,603051,鹿山新材,2022-03-25,,RETROSPECTIVE_PRIMARY,
SSE,603052,可川科技,2022-10-11,,RETROSPECTIVE_PRIMARY,
SSE,603053,成都燃气,2019-12-17,,RETROSPECTIVE_PRIMARY,
SSE,603055,台华新材,2017-09-21,,RETROSPECTIVE_PRIMARY,
SSE,603057,紫燕食品,2022-09-26,,RETROSPECTIVE_PRIMARY,
SSE,603058,永吉股份,2016-12-23,,RETROSPECTIVE_PRIMARY,
SSE,603059,倍加洁,2018-03-02,,RETROSPECTIVE_PRIMARY,
SSE,603060,国检集团,2016-11-09,,RETROSPECTIVE_PRIMARY,
SSE,603061,金海通,2023-03-03,,RETROSPECTIVE_PRIMARY,
SSE,603062,麦加芯彩,2023-11-07,,RETROSPECTIVE_PRIMARY,
SSE,603063,禾望电气,2017-07-28,,RETROSPECTIVE_PRIMARY,
SSE,603065,宿迁联盛,2023-03-21,,RETROSPECTIVE_PRIMARY,
SSE,603066,音飞储存,2015-06-11,,RETROSPECTIVE_PRIMARY,
SSE,603067,振华股份,2016-09-13,,RETROSPECTIVE_PRIMARY,
SSE,603068,博通集成,2019-04-15,,RETROSPECTIVE_PRIMARY,
SSE,603069,海汽集团,2016-07-12,,RETROSPECTIVE_PRIMARY,
SSE,603070,万控智造,2022-03-10,,RETROSPECTIVE_PRIMARY,
SSE,603071,物产环能,2021-12-16,,RETROSPECTIVE_PRIMARY,
SSE,603072,天和磁材,2025-01-03,,RETROSPECTIVE_PRIMARY,
SSE,603073,彩蝶实业,2023-03-16,,RETROSPECTIVE_PRIMARY,
SSE,603075,热威股份,2023-09-11,,RETROSPECTIVE_PRIMARY,
SSE,603076,乐惠国际,2017-11-13,,RETROSPECTIVE_PRIMARY,
SSE,603077,和邦生物,2012-07-31,,RETROSPECTIVE_PRIMARY,
SSE,603078,江化微,2017-04-10,,RETROSPECTIVE_PRIMARY,
SSE,603079,圣达生物,2017-08-23,,RETROSPECTIVE_PRIMARY,
SSE,603080,新疆火炬,2018-01-03,,RETROSPECTIVE_PRIMARY,
SSE,603081,大丰实业,2017-04-20,,RETROSPECTIVE_PRIMARY,
SSE,603082,北自科技,2024-01-30,,RETROSPECTIVE_PRIMARY,
SSE,603083,剑桥科技,2017-11-10,,RETROSPECTIVE_PRIMARY,
SSE,603085,天成自控,2015-06-30,,RETROSPECTIVE_PRIMARY,
SSE,603086,先达股份,2017-05-11,,RETROSPECTIVE_PRIMARY,
SSE,603087,甘李药业,2020-06-29,,RETROSPECTIVE_PRIMARY,
SSE,603088,宁波精达,2014-11-11,,RETROSPECTIVE_PRIMARY,
SSE,603089,正裕工业,2017-01-26,,RETROSPECTIVE_PRIMARY,
SSE,603090,宏盛股份,2016-08-31,,RETROSPECTIVE_PRIMARY,
SSE,603091,众鑫股份,2024-09-20,,RETROSPECTIVE_PRIMARY,
SSE,603092,德力佳,2025-11-07,,RETROSPECTIVE_PRIMARY,
SSE,603093,南华期货,2019-08-30,,RETROSPECTIVE_PRIMARY,
SSE,603095,越剑智能,2020-04-15,,RETROSPECTIVE_PRIMARY,
SSE,603096,新经典,2017-04-25,,RETROSPECTIVE_PRIMARY,
SSE,603097,江苏华辰,2022-05-12,,RETROSPECTIVE_PRIMARY,
SSE,603098,森特股份,2016-12-16,,RETROSPECTIVE_PRIMARY,
SSE,603099,长白山,2014-08-22,,RETROSPECTIVE_PRIMARY,
SSE,603100,川仪股份,2014-08-05,,RETROSPECTIVE_PRIMARY,
SSE,603101,汇嘉时代,2016-05-06,,RETROSPECTIVE_PRIMARY,
SSE,603102,百合股份,2022-01-25,,RETROSPECTIVE_PRIMARY,
SSE,603103,横店影视,2017-10-12,,RETROSPECTIVE_PRIMARY,
SSE,603105,芯能科技,2018-07-09,,RETROSPECTIVE_PRIMARY,
SSE,603106,恒银科技,2017-09-20,,RETROSPECTIVE_PRIMARY,
SSE,603107,上海汽配,2023-11-01,,RETROSPECTIVE_PRIMARY,
SSE,603108,润达医疗,2015-05-27,,RETROSPECTIVE_PRIMARY,
SSE,603109,神驰机电,2019-12-31,,RETROSPECTIVE_PRIMARY,
SSE,603110,东方材料,2017-10-13,,RETROSPECTIVE_PRIMARY,
SSE,603111,康尼机电,2014-08-01,,RETROSPECTIVE_PRIMARY,
SSE,603112,华翔股份,2020-09-17,,RETROSPECTIVE_PRIMARY,
SSE,603113,金能科技,2017-05-11,,RETROSPECTIVE_PRIMARY,
SSE,603115,海星股份,2019-08-09,,RETROSPECTIVE_PRIMARY,
SSE,603116,红蜻蜓,2015-06-29,,RETROSPECTIVE_PRIMARY,
SSE,603117,万林物流,2015-06-29,,RETROSPECTIVE_PRIMARY,
SSE,603118,共进股份,2015-02-25,,RETROSPECTIVE_PRIMARY,
SSE,603119,浙江荣泰,2023-08-01,,RETROSPECTIVE_PRIMARY,
SSE,603120,肯特催化,2025-04-16,,RETROSPECTIVE_PRIMARY,
SSE,603121,华培动力,2019-01-11,,RETROSPECTIVE_PRIMARY,
SSE,603122,合富中国,2022-02-16,,RETROSPECTIVE_PRIMARY,
SSE,603123,翠微股份,2012-05-03,,RETROSPECTIVE_PRIMARY,
SSE,603124,江南新材,2025-03-20,,RETROSPECTIVE_PRIMARY,
SSE,603125,常青科技,2023-04-10,,RETROSPECTIVE_PRIMARY,
SSE,603126,中材节能,2014-07-31,,RETROSPECTIVE_PRIMARY,
SSE,603127,昭衍新药,2017-08-25,,RETROSPECTIVE_PRIMARY,
SSE,603128,华贸物流,2012-05-29,,RETROSPECTIVE_PRIMARY,
SSE,603129,春风动力,2017-08-18,,RETROSPECTIVE_PRIMARY,
SSE,603130,云中马,2022-11-18,,RETROSPECTIVE_PRIMARY,
SSE,603131,上海沪工,2016-06-07,,RETROSPECTIVE_PRIMARY,
SSE,603132,金徽股份,2022-02-22,,RETROSPECTIVE_PRIMARY,
SSE,603135,中重科技,2023-04-10,,RETROSPECTIVE_PRIMARY,
SSE,603136,天目湖,2017-09-27,,RETROSPECTIVE_PRIMARY,
SSE,603137,恒尚节能,2023-04-19,,RETROSPECTIVE_PRIMARY,
SSE,603138,海量数据,2017-03-06,,RETROSPECTIVE_PRIMARY,
SSE,603139,康惠股份,2017-04-21,,RETROSPECTIVE_PRIMARY,
SSE,603150,万朗磁塑,2022-01-24,,RETROSPECTIVE_PRIMARY,
SSE,603151,邦基科技,2022-10-19,,RETROSPECTIVE_PRIMARY,
SSE,603153,上海建科,2023-03-13,,RETROSPECTIVE_PRIMARY,
SSE,603155,新亚强,2020-09-01,,RETROSPECTIVE_PRIMARY,
SSE,603156,养元饮品,2018-02-12,,RETROSPECTIVE_PRIMARY,
SSE,603158,腾龙股份,2015-03-20,,RETROSPECTIVE_PRIMARY,
SSE,603159,上海亚虹,2016-08-12,,RETROSPECTIVE_PRIMARY,
SSE,603160,汇顶科技,2016-10-17,,RETROSPECTIVE_PRIMARY,
SSE,603161,科华控股,2018-01-05,,RETROSPECTIVE_PRIMARY,
SSE,603162,海通发展,2023-03-29,,RETROSPECTIVE_PRIMARY,
SSE,603163,圣晖集成,2022-10-13,,RETROSPECTIVE_PRIMARY,
SSE,603165,荣晟环保,2017-01-17,,RETROSPECTIVE_PRIMARY,
SSE,603166,福达股份,2014-11-27,,RETROSPECTIVE_PRIMARY,
SSE,603167,渤海轮渡,2012-09-06,,RETROSPECTIVE_PRIMARY,
SSE,603168,莎普爱思,2014-07-02,,RETROSPECTIVE_PRIMARY,
SSE,603169,兰石重装,2014-10-09,,RETROSPECTIVE_PRIMARY,
SSE,603170,宝立食品,2022-07-15,,RETROSPECTIVE_PRIMARY,
SSE,603171,税友股份,2021-06-30,,RETROSPECTIVE_PRIMARY,
SSE,603172,万丰股份,2023-05-10,,RETROSPECTIVE_PRIMARY,
SSE,603173,福斯达,2023-01-30,,RETROSPECTIVE_PRIMARY,
SSE,603175,超颖电子,2025-10-24,,RETROSPECTIVE_PRIMARY,
SSE,603176,汇通集团,2021-12-31,,RETROSPECTIVE_PRIMARY,
SSE,603177,德创环保,2017-02-07,,RETROSPECTIVE_PRIMARY,
SSE,603178,圣龙股份,2017-03-28,,RETROSPECTIVE_PRIMARY,
SSE,603179,新泉股份,2017-03-17,,RETROSPECTIVE_PRIMARY,
SSE,603180,金牌家居,2017-05-12,,RETROSPECTIVE_PRIMARY,
SSE,603181,皇马科技,2017-08-24,,RETROSPECTIVE_PRIMARY,
SSE,603182,嘉华股份,2022-09-09,,RETROSPECTIVE_PRIMARY,
SSE,603183,建研院,2017-09-05,,RETROSPECTIVE_PRIMARY,
SSE,603185,弘元绿能,2018-12-28,,RETROSPECTIVE_PRIMARY,
SSE,603186,华正新材,2017-01-03,,RETROSPECTIVE_PRIMARY,
SSE,603187,海容冷链,2018-11-29,,RETROSPECTIVE_PRIMARY,
SSE,603188,亚邦股份,2014-09-09,,RETROSPECTIVE_PRIMARY,
SSE,603189,*ST网达,2016-09-14,,RETROSPECTIVE_PRIMARY,
SSE,603190,亚通精工,2023-02-17,,RETROSPECTIVE_PRIMARY,
SSE,603191,望变电气,2022-04-28,,RETROSPECTIVE_PRIMARY,
SSE,603192,汇得科技,2018-08-28,,RETROSPECTIVE_PRIMARY,
SSE,603193,润本股份,2023-10-17,,RETROSPECTIVE_PRIMARY,
SSE,603194,中力股份,2024-12-24,,RETROSPECTIVE_PRIMARY,
SSE,603195,公牛集团,2020-02-06,,RETROSPECTIVE_PRIMARY,
SSE,603196,璞源材料,2017-05-31,,RETROSPECTIVE_PRIMARY,
SSE,603197,保隆科技,2017-05-19,,RETROSPECTIVE_PRIMARY,
SSE,603198,迎驾贡酒,2015-05-28,,RETROSPECTIVE_PRIMARY,
SSE,603199,九华旅游,2015-03-26,,RETROSPECTIVE_PRIMARY,
SSE,603200,上海洗霸,2017-06-01,,RETROSPECTIVE_PRIMARY,
SSE,603201,常润股份,2022-07-29,,RETROSPECTIVE_PRIMARY,
SSE,603202,天有为,2025-04-24,,RETROSPECTIVE_PRIMARY,
SSE,603203,快克智能,2016-11-08,,RETROSPECTIVE_PRIMARY,
SSE,603205,健尔康,2024-11-07,,RETROSPECTIVE_PRIMARY,
SSE,603206,嘉环科技,2022-05-06,,RETROSPECTIVE_PRIMARY,
SSE,603207,小方制药,2024-08-26,,RETROSPECTIVE_PRIMARY,
SSE,603208,江山欧派,2017-02-10,,RETROSPECTIVE_PRIMARY,
SSE,603209,兴通股份,2022-03-24,,RETROSPECTIVE_PRIMARY,
SSE,603210,泰鸿万立,2025-04-09,,RETROSPECTIVE_PRIMARY,
SSE,603211,晋拓股份,2022-07-25,,RETROSPECTIVE_PRIMARY,
SSE,603212,赛伍技术,2020-04-30,,RETROSPECTIVE_PRIMARY,
SSE,603213,镇洋发展,2021-11-11,,RETROSPECTIVE_PRIMARY,
SSE,603214,爱婴室,2018-03-30,,RETROSPECTIVE_PRIMARY,
SSE,603215,比依股份,2022-02-18,,RETROSPECTIVE_PRIMARY,
SSE,603216,梦天家居,2021-12-15,,RETROSPECTIVE_PRIMARY,
SSE,603217,元利科技,2019-06-20,,RETROSPECTIVE_PRIMARY,
SSE,603218,XD日月股,2016-12-28,,RETROSPECTIVE_PRIMARY,
SSE,603219,富佳股份,2021-11-22,,RETROSPECTIVE_PRIMARY,
SSE,603220,中贝通信,2018-11-15,,RETROSPECTIVE_PRIMARY,
SSE,603221,爱丽家居,2020-03-23,,RETROSPECTIVE_PRIMARY,
SSE,603222,济民健康,2015-02-17,,RETROSPECTIVE_PRIMARY,
SSE,603223,恒通股份,2015-06-30,,RETROSPECTIVE_PRIMARY,
SSE,603225,新凤鸣,2017-04-18,,RETROSPECTIVE_PRIMARY,
SSE,603226,菲林格尔,2017-06-15,,RETROSPECTIVE_PRIMARY,
SSE,603227,雪峰科技,2015-05-15,,RETROSPECTIVE_PRIMARY,
SSE,603228,景旺电子,2017-01-06,,RETROSPECTIVE_PRIMARY,
SSE,603229,奥翔药业,2017-05-09,,RETROSPECTIVE_PRIMARY,
SSE,603230,内蒙新华,2021-12-24,,RETROSPECTIVE_PRIMARY,
SSE,603231,索宝蛋白,2023-12-15,,RETROSPECTIVE_PRIMARY,
SSE,603232,格尔软件,2017-04-21,,RETROSPECTIVE_PRIMARY,
SSE,603233,大参林,2017-07-31,,RETROSPECTIVE_PRIMARY,
SSE,603235,天新药业,2022-07-12,,RETROSPECTIVE_PRIMARY,
SSE,603236,移远通信,2019-07-16,,RETROSPECTIVE_PRIMARY,
SSE,603237,五芳斋,2022-08-31,,RETROSPECTIVE_PRIMARY,
SSE,603238,诺邦股份,2017-02-22,,RETROSPECTIVE_PRIMARY,
SSE,603239,浙江仙通,2016-12-30,,RETROSPECTIVE_PRIMARY,
SSE,603248,锡华科技,2025-12-23,,RETROSPECTIVE_PRIMARY,
SSE,603255,鼎际得,2022-08-18,,RETROSPECTIVE_PRIMARY,
SSE,603256,宏和科技,2019-07-19,,RETROSPECTIVE_PRIMARY,
SSE,603257,中国瑞林,2025-04-08,,RETROSPECTIVE_PRIMARY,
SSE,603258,电魂网络,2016-10-26,,RETROSPECTIVE_PRIMARY,
SSE,603259,药明康德,2018-05-08,,RETROSPECTIVE_PRIMARY,
SSE,603260,合盛硅业,2017-10-30,,RETROSPECTIVE_PRIMARY,
SSE,603261,立航科技,2022-03-15,,RETROSPECTIVE_PRIMARY,
SSE,603262,技源集团,2025-07-23,,RETROSPECTIVE_PRIMARY,
SSE,603266,天龙股份,2017-01-10,,RETROSPECTIVE_PRIMARY,
SSE,603267,鸿远电子,2019-05-15,,RETROSPECTIVE_PRIMARY,
SSE,603268,松发股份,2015-03-19,,RETROSPECTIVE_PRIMARY,
SSE,603269,海鸥股份,2017-05-17,,RETROSPECTIVE_PRIMARY,
SSE,603270,金帝股份,2023-09-01,,RETROSPECTIVE_PRIMARY,
SSE,603271,永杰新材,2025-03-11,,RETROSPECTIVE_PRIMARY,
SSE,603272,*ST联翔,2022-05-20,,RETROSPECTIVE_PRIMARY,
SSE,603273,天元智能,2023-10-23,,RETROSPECTIVE_PRIMARY,
SSE,603275,众辰科技,2023-08-23,,RETROSPECTIVE_PRIMARY,
SSE,603276,恒兴新材,2023-09-25,,RETROSPECTIVE_PRIMARY,
SSE,603277,银都股份,2017-09-11,,RETROSPECTIVE_PRIMARY,
SSE,603278,大业股份,2017-11-13,,RETROSPECTIVE_PRIMARY,
SSE,603279,景津装备,2019-07-29,,RETROSPECTIVE_PRIMARY,
SSE,603280,南方路机,2022-11-08,,RETROSPECTIVE_PRIMARY,
SSE,603281,江瀚新材,2023-01-31,,RETROSPECTIVE_PRIMARY,
SSE,603282,亚光股份,2023-03-15,,RETROSPECTIVE_PRIMARY,
SSE,603283,赛腾股份,2017-12-25,,RETROSPECTIVE_PRIMARY,
SSE,603284,林平发展,2026-02-10,,RETROSPECTIVE_PRIMARY,
SSE,603285,键邦股份,2024-07-05,,RETROSPECTIVE_PRIMARY,
SSE,603286,日盈电子,2017-06-27,,RETROSPECTIVE_PRIMARY,
SSE,603288,海天味业,2014-02-11,,RETROSPECTIVE_PRIMARY,
SSE,603289,泰瑞机器,2017-10-31,,RETROSPECTIVE_PRIMARY,
SSE,603290,斯达半导,2020-02-04,,RETROSPECTIVE_PRIMARY,
SSE,603291,联合水务,2023-03-27,,RETROSPECTIVE_PRIMARY,
SSE,603293,埃泰克,2026-04-16,,RETROSPECTIVE_PRIMARY,
SSE,603296,华勤技术,2023-08-08,,RETROSPECTIVE_PRIMARY,
SSE,603297,永新光学,2018-09-10,,RETROSPECTIVE_PRIMARY,
SSE,603298,杭叉集团,2016-12-27,,RETROSPECTIVE_PRIMARY,
SSE,603299,苏盐井神,2015-12-31,,RETROSPECTIVE_PRIMARY,
SSE,603300,海南华铁,2015-05-29,,RETROSPECTIVE_PRIMARY,
SSE,603301,振德医疗,2018-04-12,,RETROSPECTIVE_PRIMARY,
SSE,603303,得邦照明,2017-03-30,,RETROSPECTIVE_PRIMARY,
SSE,603305,旭升集团,2017-07-10,,RETROSPECTIVE_PRIMARY,
SSE,603306,华懋科技,2014-09-26,,RETROSPECTIVE_PRIMARY,
SSE,603307,扬州金泉,2023-02-16,,RETROSPECTIVE_PRIMARY,
SSE,603308,应流股份,2014-01-22,,RETROSPECTIVE_PRIMARY,
SSE,603309,维力医疗,2015-03-02,,RETROSPECTIVE_PRIMARY,
SSE,603310,巍华新材,2024-08-14,,RETROSPECTIVE_PRIMARY,
SSE,603311,金海高科,2015-05-18,,RETROSPECTIVE_PRIMARY,
SSE,603312,西典新能,2024-01-11,,RETROSPECTIVE_PRIMARY,
SSE,603313,梦百合,2016-10-13,,RETROSPECTIVE_PRIMARY,
SSE,603315,福鞍股份,2015-04-24,,RETROSPECTIVE_PRIMARY,
SSE,603316,诚邦股份,2017-06-19,,RETROSPECTIVE_PRIMARY,
SSE,603317,天味食品,2019-04-16,,RETROSPECTIVE_PRIMARY,
SSE,603318,水发燃气,2015-04-24,,RETROSPECTIVE_PRIMARY,
SSE,603319,美湖股份,2016-11-30,,RETROSPECTIVE_PRIMARY,
SSE,603320,迪贝电气,2017-05-02,,RETROSPECTIVE_PRIMARY,
SSE,603321,梅轮电梯,2017-09-15,,RETROSPECTIVE_PRIMARY,
SSE,603322,超讯科技,2016-07-28,,RETROSPECTIVE_PRIMARY,
SSE,603323,苏农银行,2016-11-29,,RETROSPECTIVE_PRIMARY,
SSE,603324,盛剑科技,2021-04-07,,RETROSPECTIVE_PRIMARY,
SSE,603325,博隆技术,2024-01-10,,RETROSPECTIVE_PRIMARY,
SSE,603326,我乐家居,2017-06-16,,RETROSPECTIVE_PRIMARY,
SSE,603327,福蓉科技,2019-05-23,,RETROSPECTIVE_PRIMARY,
SSE,603328,依顿电子,2014-07-01,,RETROSPECTIVE_PRIMARY,
SSE,603329,上海雅仕,2017-12-29,,RETROSPECTIVE_PRIMARY,
SSE,603330,天洋新材,2017-02-13,,RETROSPECTIVE_PRIMARY,
SSE,603331,百达精工,2017-07-05,,RETROSPECTIVE_PRIMARY,
SSE,603332,苏州龙杰,2019-01-17,,RETROSPECTIVE_PRIMARY,
SSE,603333,福华尚纬,2012-05-07,,RETROSPECTIVE_PRIMARY,
SSE,603334,丰倍生物,2025-11-05,,RETROSPECTIVE_PRIMARY,
SSE,603335,迪生力,2017-06-20,,RETROSPECTIVE_PRIMARY,
SSE,603336,宏辉果蔬,2016-11-24,,RETROSPECTIVE_PRIMARY,
SSE,603337,杰克科技,2017-01-19,,RETROSPECTIVE_PRIMARY,
SSE,603338,浙江鼎力,2015-03-25,,RETROSPECTIVE_PRIMARY,
SSE,603339,四方科技,2016-05-19,,RETROSPECTIVE_PRIMARY,
SSE,603341,龙旗科技,2024-03-01,,RETROSPECTIVE_PRIMARY,
SSE,603344,星德胜,2024-03-20,,RETROSPECTIVE_PRIMARY,
SSE,603345,安井食品,2017-02-22,,RETROSPECTIVE_PRIMARY,
SSE,603348,文灿股份,2018-04-26,,RETROSPECTIVE_PRIMARY,
SSE,603350,安乃达,2024-07-03,,RETROSPECTIVE_PRIMARY,
SSE,603351,威尔药业,2019-01-30,,RETROSPECTIVE_PRIMARY,
SSE,603352,至信股份,2026-01-15,,RETROSPECTIVE_PRIMARY,
SSE,603353,和顺石油,2020-04-07,,RETROSPECTIVE_PRIMARY,
SSE,603355,莱克电气,2015-05-13,,RETROSPECTIVE_PRIMARY,
SSE,603356,华菱精工,2018-01-24,,RETROSPECTIVE_PRIMARY,
SSE,603357,设计总院,2017-08-01,,RETROSPECTIVE_PRIMARY,
SSE,603358,华达科技,2017-01-25,,RETROSPECTIVE_PRIMARY,
SSE,603359,*ST东珠,2017-09-01,,RETROSPECTIVE_PRIMARY,
SSE,603360,百傲化学,2017-02-06,,RETROSPECTIVE_PRIMARY,
SSE,603363,傲农生物,2017-09-26,,RETROSPECTIVE_PRIMARY,
SSE,603365,水星家纺,2017-11-20,,RETROSPECTIVE_PRIMARY,
SSE,603366,日出东方,2012-05-21,,RETROSPECTIVE_PRIMARY,
SSE,603367,辰欣药业,2017-09-29,,RETROSPECTIVE_PRIMARY,
SSE,603368,柳药集团,2014-12-04,,RETROSPECTIVE_PRIMARY,
SSE,603369,今世缘,2014-07-03,,RETROSPECTIVE_PRIMARY,
SSE,603370,华新精科,2025-09-05,,RETROSPECTIVE_PRIMARY,
SSE,603373,安邦护卫,2023-12-20,,RETROSPECTIVE_PRIMARY,
SSE,603375,盛景微,2024-01-24,,RETROSPECTIVE_PRIMARY,
SSE,603376,大明电子,2025-11-06,,RETROSPECTIVE_PRIMARY,
SSE,603377,ST东时,2016-02-05,,RETROSPECTIVE_PRIMARY,
SSE,603378,*ST亚士,2017-09-28,,RETROSPECTIVE_PRIMARY,
SSE,603379,三美股份,2019-04-02,,RETROSPECTIVE_PRIMARY,
SSE,603380,易德龙,2017-06-22,,RETROSPECTIVE_PRIMARY,
SSE,603381,永臻股份,2024-06-26,,RETROSPECTIVE_PRIMARY,
SSE,603382,海阳科技,2025-06-12,,RETROSPECTIVE_PRIMARY,
SSE,603383,顶点软件,2017-05-22,,RETROSPECTIVE_PRIMARY,
SSE,603385,惠达卫浴,2017-04-05,,RETROSPECTIVE_PRIMARY,
SSE,603386,骏亚科技,2017-09-12,,RETROSPECTIVE_PRIMARY,
SSE,603387,基蛋生物,2017-07-17,,RETROSPECTIVE_PRIMARY,
SSE,603389,亚振家居,2016-12-15,,RETROSPECTIVE_PRIMARY,
SSE,603390,通达电气,2019-11-25,,RETROSPECTIVE_PRIMARY,
SSE,603391,力聚热能,2024-07-31,,RETROSPECTIVE_PRIMARY,
SSE,603392,万泰生物,2020-04-29,,RETROSPECTIVE_PRIMARY,
SSE,603393,新天然气,2016-09-12,,RETROSPECTIVE_PRIMARY,
SSE,603395,红四方,2024-11-26,,RETROSPECTIVE_PRIMARY,
SSE,603396,金辰股份,2017-10-18,,RETROSPECTIVE_PRIMARY,
SSE,603398,*ST沐邦,2015-12-09,,RETROSPECTIVE_PRIMARY,
SSE,603399,永杉锂业,2012-08-24,,RETROSPECTIVE_PRIMARY,
SSE,603400,华之杰,2025-06-20,,RETROSPECTIVE_PRIMARY,
SSE,603402,陕西旅游,2026-01-06,,RETROSPECTIVE_PRIMARY,
SSE,603406,天富龙,2025-08-08,,RETROSPECTIVE_PRIMARY,
SSE,603407,长裕集团,2026-05-11,,RETROSPECTIVE_PRIMARY,
SSE,603408,建霖家居,2020-07-30,,RETROSPECTIVE_PRIMARY,
SSE,603409,汇通控股,2025-03-04,,RETROSPECTIVE_PRIMARY,
SSE,603416,信捷电气,2016-12-21,,RETROSPECTIVE_PRIMARY,
SSE,603418,友升股份,2025-09-23,,RETROSPECTIVE_PRIMARY,
SSE,603421,鼎信通讯,2016-10-11,,RETROSPECTIVE_PRIMARY,
SSE,603429,*ST集友,2017-01-24,,RETROSPECTIVE_PRIMARY,
SSE,603435,嘉德利,2026-05-22,,RETROSPECTIVE_PRIMARY,
SSE,603439,三力制药,2020-04-28,,RETROSPECTIVE_PRIMARY,
SSE,603444,吉比特,2017-01-04,,RETROSPECTIVE_PRIMARY,
SSE,603456,九洲药业,2014-10-10,,RETROSPECTIVE_PRIMARY,
SSE,603458,勘设股份,2017-08-09,,RETROSPECTIVE_PRIMARY,
SSE,603459,红板科技,2026-04-08,,RETROSPECTIVE_PRIMARY,
SSE,603466,风语筑,2017-10-20,,RETROSPECTIVE_PRIMARY,
SSE,603477,巨星农牧,2017-12-18,,RETROSPECTIVE_PRIMARY,
SSE,603486,科沃斯,2018-05-28,,RETROSPECTIVE_PRIMARY,
SSE,603488,展鹏科技,2017-05-16,,RETROSPECTIVE_PRIMARY,
SSE,603489,八方股份,2019-11-11,,RETROSPECTIVE_PRIMARY,
SSE,603496,恒为科技,2017-06-07,,RETROSPECTIVE_PRIMARY,
SSE,603499,翔港科技,2017-10-16,,RETROSPECTIVE_PRIMARY,
SSE,603500,祥和实业,2017-09-04,,RETROSPECTIVE_PRIMARY,
SSE,603501,豪威集团,2017-05-04,,RETROSPECTIVE_PRIMARY,
SSE,603505,金石资源,2017-05-03,,RETROSPECTIVE_PRIMARY,
SSE,603506,南都物业,2018-02-01,,RETROSPECTIVE_PRIMARY,
SSE,603507,振江股份,2017-11-06,,RETROSPECTIVE_PRIMARY,
SSE,603508,思维列控,2015-12-24,,RETROSPECTIVE_PRIMARY,
SSE,603511,爱慕股份,2021-05-31,,RETROSPECTIVE_PRIMARY,
SSE,603515,欧普照明,2016-08-19,,RETROSPECTIVE_PRIMARY,
SSE,603516,淳中科技,2018-02-02,,RETROSPECTIVE_PRIMARY,
SSE,603517,ST绝味,2017-03-17,,RETROSPECTIVE_PRIMARY,
SSE,603518,锦泓集团,2014-12-03,,RETROSPECTIVE_PRIMARY,
SSE,603519,立霸股份,2015-03-19,,RETROSPECTIVE_PRIMARY,
SSE,603520,司太立,2016-03-09,,RETROSPECTIVE_PRIMARY,
SSE,603527,众源新材,2017-09-07,,RETROSPECTIVE_PRIMARY,
SSE,603528,多伦科技,2016-05-03,,RETROSPECTIVE_PRIMARY,
SSE,603529,爱玛科技,2021-06-15,,RETROSPECTIVE_PRIMARY,
SSE,603530,神马电力,2019-08-05,,RETROSPECTIVE_PRIMARY,
SSE,603533,掌阅科技,2017-09-21,,RETROSPECTIVE_PRIMARY,
SSE,603535,嘉诚国际,2017-08-08,,RETROSPECTIVE_PRIMARY,
SSE,603536,惠发食品,2017-06-13,,RETROSPECTIVE_PRIMARY,
SSE,603538,美诺华,2017-04-07,,RETROSPECTIVE_PRIMARY,
SSE,603551,奥普科技,2020-01-15,,RETROSPECTIVE_PRIMARY,
SSE,603556,海兴电力,2016-11-10,,RETROSPECTIVE_PRIMARY,
SSE,603557,*ST起步,2017-08-18,,RETROSPECTIVE_PRIMARY,
SSE,603558,健盛集团,2015-01-27,,RETROSPECTIVE_PRIMARY,
SSE,603559,中通国脉,2016-12-02,,RETROSPECTIVE_PRIMARY,
SSE,603565,中谷物流,2020-09-25,,RETROSPECTIVE_PRIMARY,
SSE,603566,普莱柯,2015-05-18,,RETROSPECTIVE_PRIMARY,
SSE,603567,珍宝岛,2015-04-24,,RETROSPECTIVE_PRIMARY,
SSE,603568,伟明环保,2015-05-28,,RETROSPECTIVE_PRIMARY,
SSE,603569,长久物流,2016-08-10,,RETROSPECTIVE_PRIMARY,
SSE,603577,汇金通,2016-12-22,,RETROSPECTIVE_PRIMARY,
SSE,603578,三星新材,2017-03-06,,RETROSPECTIVE_PRIMARY,
SSE,603579,荣泰健康,2017-01-11,,RETROSPECTIVE_PRIMARY,
SSE,603580,艾艾精工,2017-05-25,,RETROSPECTIVE_PRIMARY,
SSE,603583,捷昌驱动,2018-09-21,,RETROSPECTIVE_PRIMARY,
SSE,603585,苏利股份,2016-12-14,,RETROSPECTIVE_PRIMARY,
SSE,603586,金麒麟,2017-04-06,,RETROSPECTIVE_PRIMARY,
SSE,603587,地素时尚,2018-06-22,,RETROSPECTIVE_PRIMARY,
SSE,603588,高能环境,2014-12-29,,RETROSPECTIVE_PRIMARY,
SSE,603589,口子窖,2015-06-29,,RETROSPECTIVE_PRIMARY,
SSE,603590,康辰药业,2018-08-27,,RETROSPECTIVE_PRIMARY,
SSE,603595,ST东尼,2017-07-12,,RETROSPECTIVE_PRIMARY,
SSE,603596,伯特利,2018-04-27,,RETROSPECTIVE_PRIMARY,
SSE,603598,引力传媒,2015-05-27,,RETROSPECTIVE_PRIMARY,
SSE,603599,广信股份,2015-05-13,,RETROSPECTIVE_PRIMARY,
SSE,603600,永艺股份,2015-01-23,,RETROSPECTIVE_PRIMARY,
SSE,603601,再升科技,2015-01-22,,RETROSPECTIVE_PRIMARY,
SSE,603602,纵横通信,2017-08-10,,RETROSPECTIVE_PRIMARY,
SSE,603605,珀莱雅,2017-11-15,,RETROSPECTIVE_PRIMARY,
SSE,603606,东方电缆,2014-10-15,,RETROSPECTIVE_PRIMARY,
SSE,603607,京华激光,2017-10-25,,RETROSPECTIVE_PRIMARY,
SSE,603608,天创时尚,2016-02-18,,RETROSPECTIVE_PRIMARY,
SSE,603609,禾丰股份,2014-08-08,,RETROSPECTIVE_PRIMARY,
SSE,603610,麒盛科技,2019-10-29,,RETROSPECTIVE_PRIMARY,
SSE,603611,诺力股份,2015-01-28,,RETROSPECTIVE_PRIMARY,
SSE,603612,索通发展,2017-07-18,,RETROSPECTIVE_PRIMARY,
SSE,603613,国联股份,2019-07-30,,RETROSPECTIVE_PRIMARY,
SSE,603615,茶花股份,2017-02-13,,RETROSPECTIVE_PRIMARY,
SSE,603616,韩建河山,2015-06-11,,RETROSPECTIVE_PRIMARY,
SSE,603617,君禾股份,2017-07-03,,RETROSPECTIVE_PRIMARY,
SSE,603618,杭电股份,2015-02-17,,RETROSPECTIVE_PRIMARY,
SSE,603619,中曼石油,2017-11-17,,RETROSPECTIVE_PRIMARY,
SSE,603626,科森科技,2017-02-09,,RETROSPECTIVE_PRIMARY,
SSE,603628,清源股份,2017-01-12,,RETROSPECTIVE_PRIMARY,
SSE,603629,利通电子,2018-12-24,,RETROSPECTIVE_PRIMARY,
SSE,603630,拉芳家化,2017-03-13,,RETROSPECTIVE_PRIMARY,
SSE,603633,徕木股份,2016-11-17,,RETROSPECTIVE_PRIMARY,
SSE,603636,南威软件,2014-12-30,,RETROSPECTIVE_PRIMARY,
SSE,603637,镇海股份,2017-02-08,,RETROSPECTIVE_PRIMARY,
SSE,603638,艾迪精密,2017-01-20,,RETROSPECTIVE_PRIMARY,
SSE,603639,XD海利尔,2017-01-12,,RETROSPECTIVE_PRIMARY,
SSE,603648,畅联股份,2017-09-13,,RETROSPECTIVE_PRIMARY,
SSE,603650,彤程新材,2018-06-27,,RETROSPECTIVE_PRIMARY,
SSE,603655,朗博科技,2017-12-29,,RETROSPECTIVE_PRIMARY,
SSE,603656,泰禾智能,2017-03-21,,RETROSPECTIVE_PRIMARY,
SSE,603657,春光科技,2018-07-30,,RETROSPECTIVE_PRIMARY,
SSE,603658,安图生物,2016-09-01,,RETROSPECTIVE_PRIMARY,
SSE,603659,璞泰来,2017-11-03,,RETROSPECTIVE_PRIMARY,
SSE,603660,苏州科达,2016-12-01,,RETROSPECTIVE_PRIMARY,
SSE,603661,恒林股份,2017-11-21,,RETROSPECTIVE_PRIMARY,
SSE,603662,柯力传感,2019-08-06,,RETROSPECTIVE_PRIMARY,
SSE,603663,三祥新材,2016-08-01,,RETROSPECTIVE_PRIMARY,
SSE,603665,康隆达,2017-03-13,,RETROSPECTIVE_PRIMARY,
SSE,603666,亿嘉和,2018-06-12,,RETROSPECTIVE_PRIMARY,
SSE,603667,五洲新春,2016-10-25,,RETROSPECTIVE_PRIMARY,
SSE,603668,天马科技,2017-01-17,,RETROSPECTIVE_PRIMARY,
SSE,603669,灵康药业,2015-05-28,,RETROSPECTIVE_PRIMARY,
SSE,603676,卫信康,2017-07-21,,RETROSPECTIVE_PRIMARY,
SSE,603677,奇精机械,2017-02-06,,RETROSPECTIVE_PRIMARY,
SSE,603678,火炬电子,2015-01-26,,RETROSPECTIVE_PRIMARY,
SSE,603679,华体科技,2017-06-21,,RETROSPECTIVE_PRIMARY,
SSE,603680,今创集团,2018-02-27,,RETROSPECTIVE_PRIMARY,
SSE,603681,永冠新材,2019-03-26,,RETROSPECTIVE_PRIMARY,
SSE,603682,锦和商管,2020-04-21,,RETROSPECTIVE_PRIMARY,
SSE,603683,晶华新材,2017-10-20,,RETROSPECTIVE_PRIMARY,
SSE,603685,晨丰科技,2017-11-27,,RETROSPECTIVE_PRIMARY,
SSE,603686,福龙马,2015-01-26,,RETROSPECTIVE_PRIMARY,
SSE,603687,大胜达,2019-07-26,,RETROSPECTIVE_PRIMARY,
SSE,603688,石英股份,2014-10-31,,RETROSPECTIVE_PRIMARY,
SSE,603689,皖天然气,2017-01-10,,RETROSPECTIVE_PRIMARY,
SSE,603690,至纯科技,2017-01-13,,RETROSPECTIVE_PRIMARY,
SSE,603693,江苏新能,2018-07-03,,RETROSPECTIVE_PRIMARY,
SSE,603696,安记食品,2015-12-09,,RETROSPECTIVE_PRIMARY,
SSE,603697,有友食品,2019-05-08,,RETROSPECTIVE_PRIMARY,
SSE,603698,航天工程,2015-01-28,,RETROSPECTIVE_PRIMARY,
SSE,603699,纽威股份,2014-01-17,,RETROSPECTIVE_PRIMARY,
SSE,603700,宁水集团,2019-01-22,,RETROSPECTIVE_PRIMARY,
SSE,603701,德宏股份,2016-04-12,,RETROSPECTIVE_PRIMARY,
SSE,603703,盛洋科技,2015-04-23,,RETROSPECTIVE_PRIMARY,
SSE,603706,东方环宇,2018-07-09,,RETROSPECTIVE_PRIMARY,
SSE,603707,健友股份,2017-07-19,,RETROSPECTIVE_PRIMARY,
SSE,603708,家家悦,2016-12-13,,RETROSPECTIVE_PRIMARY,
SSE,603709,DR中源家,2018-02-08,,RETROSPECTIVE_PRIMARY,
SSE,603711,香飘飘,2017-11-30,,RETROSPECTIVE_PRIMARY,
SSE,603712,七一二,2018-02-26,,RETROSPECTIVE_PRIMARY,
SSE,603713,密尔克卫,2018-07-13,,RETROSPECTIVE_PRIMARY,
SSE,603716,塞力医疗,2016-10-31,,RETROSPECTIVE_PRIMARY,
SSE,603717,天域生物,2017-03-27,,RETROSPECTIVE_PRIMARY,
SSE,603718,*ST海利,2015-05-15,,RETROSPECTIVE_PRIMARY,
SSE,603719,良品铺子,2020-02-24,,RETROSPECTIVE_PRIMARY,
SSE,603721,中广天择,2017-08-11,,RETROSPECTIVE_PRIMARY,
SSE,603722,阿科力,2017-10-25,,RETROSPECTIVE_PRIMARY,
SSE,603725,天安新材,2017-09-06,,RETROSPECTIVE_PRIMARY,
SSE,603726,朗迪集团,2016-04-21,,RETROSPECTIVE_PRIMARY,
SSE,603727,博迈科,2016-11-22,,RETROSPECTIVE_PRIMARY,
SSE,603728,鸣志电器,2017-05-09,,RETROSPECTIVE_PRIMARY,
SSE,603729,ST龙韵,2015-03-24,,RETROSPECTIVE_PRIMARY,
SSE,603730,岱美股份,2017-07-28,,RETROSPECTIVE_PRIMARY,
SSE,603733,仙鹤股份,2018-04-20,,RETROSPECTIVE_PRIMARY,
SSE,603737,三棵树,2016-06-03,,RETROSPECTIVE_PRIMARY,
SSE,603738,泰晶科技,2016-09-28,,RETROSPECTIVE_PRIMARY,
SSE,603739,蔚蓝生物,2019-01-16,,RETROSPECTIVE_PRIMARY,
SSE,603755,日辰股份,2019-08-28,,RETROSPECTIVE_PRIMARY,
SSE,603757,大元泵业,2017-07-11,,RETROSPECTIVE_PRIMARY,
SSE,603758,秦安股份,2017-05-17,,RETROSPECTIVE_PRIMARY,
SSE,603759,海天股份,2021-03-26,,RETROSPECTIVE_PRIMARY,
SSE,603766,隆鑫通用,2012-08-10,,RETROSPECTIVE_PRIMARY,
SSE,603767,中马传动,2017-06-13,,RETROSPECTIVE_PRIMARY,
SSE,603768,常青股份,2017-03-24,,RETROSPECTIVE_PRIMARY,
SSE,603773,沃格光电,2018-04-17,,RETROSPECTIVE_PRIMARY,
SSE,603776,永安行,2017-08-17,,RETROSPECTIVE_PRIMARY,
SSE,603777,来伊份,2016-10-12,,RETROSPECTIVE_PRIMARY,
SSE,603778,国晟科技,2015-12-31,,RETROSPECTIVE_PRIMARY,
SSE,603779,威龙股份,2016-05-16,,RETROSPECTIVE_PRIMARY,
SSE,603786,科博达,2019-10-15,,RETROSPECTIVE_PRIMARY,
SSE,603787,新日股份,2017-04-27,,RETROSPECTIVE_PRIMARY,
SSE,603788,宁波高发,2015-01-20,,RETROSPECTIVE_PRIMARY,
SSE,603789,ST星农,2015-04-27,,RETROSPECTIVE_PRIMARY,
SSE,603790,雅运股份,2018-09-12,,RETROSPECTIVE_PRIMARY,
SSE,603797,联泰环保,2017-04-13,,RETROSPECTIVE_PRIMARY,
SSE,603798,康普顿,2016-04-06,,RETROSPECTIVE_PRIMARY,
SSE,603799,华友钴业,2015-01-29,,RETROSPECTIVE_PRIMARY,
SSE,603800,洪田股份,2015-12-10,,RETROSPECTIVE_PRIMARY,
SSE,603801,志邦家居,2017-06-30,,RETROSPECTIVE_PRIMARY,
SSE,603803,瑞斯康达,2017-04-20,,RETROSPECTIVE_PRIMARY,
SSE,603806,福斯特,2014-09-05,,RETROSPECTIVE_PRIMARY,
SSE,603808,歌力思,2015-04-22,,RETROSPECTIVE_PRIMARY,
SSE,603809,豪能股份,2017-11-28,,RETROSPECTIVE_PRIMARY,
SSE,603810,丰山集团,2018-09-17,,RETROSPECTIVE_PRIMARY,
SSE,603811,诚意药业,2017-03-15,,RETROSPECTIVE_PRIMARY,
SSE,603813,原尚股份,2017-09-18,,RETROSPECTIVE_PRIMARY,
SSE,603815,交建股份,2019-10-21,,RETROSPECTIVE_PRIMARY,
SSE,603816,顾家家居,2016-10-14,,RETROSPECTIVE_PRIMARY,
SSE,603817,海峡环保,2017-02-20,,RETROSPECTIVE_PRIMARY,
SSE,603818,曲美家居,2015-04-22,,RETROSPECTIVE_PRIMARY,
SSE,603819,神力股份,2016-11-25,,RETROSPECTIVE_PRIMARY,
SSE,603822,ST嘉澳,2016-04-28,,RETROSPECTIVE_PRIMARY,
SSE,603823,百合花,2016-12-20,,RETROSPECTIVE_PRIMARY,
SSE,603825,ST华扬,2017-08-02,,RETROSPECTIVE_PRIMARY,
SSE,603826,坤彩科技,2017-04-14,,RETROSPECTIVE_PRIMARY,
SSE,603828,*ST利达,2015-02-26,,RETROSPECTIVE_PRIMARY,
SSE,603829,洛凯股份,2017-10-17,,RETROSPECTIVE_PRIMARY,
SSE,603833,欧派家居,2017-03-28,,RETROSPECTIVE_PRIMARY,
SSE,603836,海程邦达,2021-05-26,,RETROSPECTIVE_PRIMARY,
SSE,603838,*ST四通,2015-07-01,,RETROSPECTIVE_PRIMARY,
SSE,603839,安正时尚,2017-02-14,,RETROSPECTIVE_PRIMARY,
SSE,603843,*ST正平,2016-09-05,,RETROSPECTIVE_PRIMARY,
SSE,603848,好太太,2017-12-01,,RETROSPECTIVE_PRIMARY,
SSE,603855,华荣股份,2017-05-24,,RETROSPECTIVE_PRIMARY,
SSE,603856,东宏股份,2017-11-06,,RETROSPECTIVE_PRIMARY,
SSE,603858,步长制药,2016-11-18,,RETROSPECTIVE_PRIMARY,
SSE,603859,能科科技,2016-10-21,,RETROSPECTIVE_PRIMARY,
SSE,603860,中公高科,2017-08-02,,RETROSPECTIVE_PRIMARY,
SSE,603861,白云电器,2016-03-22,,RETROSPECTIVE_PRIMARY,
SSE,603863,松炀资源,2019-06-21,,RETROSPECTIVE_PRIMARY,
SSE,603866,桃李面包,2015-12-22,,RETROSPECTIVE_PRIMARY,
SSE,603867,新化股份,2019-06-27,,RETROSPECTIVE_PRIMARY,
SSE,603868,飞科电器,2016-04-18,,RETROSPECTIVE_PRIMARY,
SSE,603869,XDST智知,2015-03-26,,RETROSPECTIVE_PRIMARY,
SSE,603871,嘉友国际,2018-02-06,,RETROSPECTIVE_PRIMARY,
SSE,603876,鼎胜新材,2018-04-18,,RETROSPECTIVE_PRIMARY,
SSE,603877,太平鸟,2017-01-09,,RETROSPECTIVE_PRIMARY,
SSE,603878,武进不锈,2016-12-19,,RETROSPECTIVE_PRIMARY,
SSE,603879,永悦科技,2017-06-14,,RETROSPECTIVE_PRIMARY,
SSE,603880,南卫股份,2017-08-07,,RETROSPECTIVE_PRIMARY,
SSE,603881,数据港,2017-02-08,,RETROSPECTIVE_PRIMARY,
SSE,603882,金域医学,2017-09-08,,RETROSPECTIVE_PRIMARY,
SSE,603883,老百姓,2015-04-23,,RETROSPECTIVE_PRIMARY,
SSE,603885,吉祥航空,2015-05-27,,RETROSPECTIVE_PRIMARY,
SSE,603886,元祖股份,2016-12-28,,RETROSPECTIVE_PRIMARY,
SSE,603887,城地香江,2016-10-10,,RETROSPECTIVE_PRIMARY,
SSE,603888,DR新华网,2016-10-28,,RETROSPECTIVE_PRIMARY,
SSE,603889,新澳股份,2014-12-31,,RETROSPECTIVE_PRIMARY,
SSE,603890,春秋电子,2017-12-12,,RETROSPECTIVE_PRIMARY,
SSE,603893,瑞芯微,2020-02-07,,RETROSPECTIVE_PRIMARY,
SSE,603895,天永智能,2018-01-22,,RETROSPECTIVE_PRIMARY,
SSE,603896,寿仙谷,2017-05-10,,RETROSPECTIVE_PRIMARY,
SSE,603897,长城科技,2018-04-10,,RETROSPECTIVE_PRIMARY,
SSE,603898,好莱客,2015-02-17,,RETROSPECTIVE_PRIMARY,
SSE,603899,晨光股份,2015-01-27,,RETROSPECTIVE_PRIMARY,
SSE,603900,莱绅通灵,2016-11-23,,RETROSPECTIVE_PRIMARY,
SSE,603901,永创智能,2015-05-29,,RETROSPECTIVE_PRIMARY,
SSE,603903,中持股份,2017-03-14,,RETROSPECTIVE_PRIMARY,
SSE,603906,龙蟠科技,2017-04-10,,RETROSPECTIVE_PRIMARY,
SSE,603908,牧高笛,2017-03-07,,RETROSPECTIVE_PRIMARY,
SSE,603909,建发合诚,2016-06-28,,RETROSPECTIVE_PRIMARY,
SSE,603912,佳力图,2017-11-01,,RETROSPECTIVE_PRIMARY,
SSE,603915,国茂股份,2019-06-14,,RETROSPECTIVE_PRIMARY,
SSE,603916,苏博特,2017-11-10,,RETROSPECTIVE_PRIMARY,
SSE,603917,合力科技,2017-12-04,,RETROSPECTIVE_PRIMARY,
SSE,603918,金桥信息,2015-05-28,,RETROSPECTIVE_PRIMARY,
SSE,603919,金徽酒,2016-03-10,,RETROSPECTIVE_PRIMARY,
SSE,603920,世运电路,2017-04-26,,RETROSPECTIVE_PRIMARY,
SSE,603922,ST金鸿顺,2017-10-23,,RETROSPECTIVE_PRIMARY,
SSE,603926,铁流股份,2017-05-10,,RETROSPECTIVE_PRIMARY,
SSE,603927,中科软,2019-09-09,,RETROSPECTIVE_PRIMARY,
SSE,603928,兴业股份,2016-12-12,,RETROSPECTIVE_PRIMARY,
SSE,603929,亚翔集成,2016-12-30,,RETROSPECTIVE_PRIMARY,
SSE,603931,格林达,2020-08-19,,RETROSPECTIVE_PRIMARY,
SSE,603933,睿能科技,2017-07-06,,RETROSPECTIVE_PRIMARY,
SSE,603936,博敏电子,2015-12-09,,RETROSPECTIVE_PRIMARY,
SSE,603937,丽岛新材,2017-11-02,,RETROSPECTIVE_PRIMARY,
SSE,603938,三孚股份,2017-06-28,,RETROSPECTIVE_PRIMARY,
SSE,603939,益丰药房,2015-02-17,,RETROSPECTIVE_PRIMARY,
SSE,603948,建业股份,2020-03-02,,RETROSPECTIVE_PRIMARY,
SSE,603949,雪龙集团,2020-03-10,,RETROSPECTIVE_PRIMARY,
SSE,603950,长源东谷,2020-05-26,,RETROSPECTIVE_PRIMARY,
SSE,603955,大千生态,2017-03-10,,RETROSPECTIVE_PRIMARY,
SSE,603956,威派格,2019-02-22,,RETROSPECTIVE_PRIMARY,
SSE,603958,哈森股份,2016-06-29,,RETROSPECTIVE_PRIMARY,
SSE,603959,ST百利,2016-05-17,,RETROSPECTIVE_PRIMARY,
SSE,603960,克来机电,2017-03-14,,RETROSPECTIVE_PRIMARY,
SSE,603966,法兰泰克,2017-01-25,,RETROSPECTIVE_PRIMARY,
SSE,603967,中创物流,2019-04-29,,RETROSPECTIVE_PRIMARY,
SSE,603968,醋化股份,2015-05-18,,RETROSPECTIVE_PRIMARY,
SSE,603969,银龙股份,2015-02-27,,RETROSPECTIVE_PRIMARY,
SSE,603970,中农立华,2017-11-16,,RETROSPECTIVE_PRIMARY,
SSE,603976,正川股份,2017-08-22,,RETROSPECTIVE_PRIMARY,
SSE,603977,国泰集团,2016-11-11,,RETROSPECTIVE_PRIMARY,
SSE,603978,深圳新星,2017-08-07,,RETROSPECTIVE_PRIMARY,
SSE,603979,金诚信,2015-06-30,,RETROSPECTIVE_PRIMARY,
SSE,603980,吉华集团,2017-06-15,,RETROSPECTIVE_PRIMARY,
SSE,603982,泉峰汽车,2019-05-22,,RETROSPECTIVE_PRIMARY,
SSE,603983,丸美生物,2019-07-25,,RETROSPECTIVE_PRIMARY,
SSE,603985,恒润股份,2017-05-05,,RETROSPECTIVE_PRIMARY,
SSE,603986,兆易创新,2016-08-18,,RETROSPECTIVE_PRIMARY,
SSE,603987,康德莱,2016-11-21,,RETROSPECTIVE_PRIMARY,
SSE,603988,中电电机,2014-11-04,,RETROSPECTIVE_PRIMARY,
SSE,603989,艾华集团,2015-05-15,,RETROSPECTIVE_PRIMARY,
SSE,603990,麦迪科技,2016-12-08,,RETROSPECTIVE_PRIMARY,
SSE,603991,领先股份,2017-03-08,,RETROSPECTIVE_PRIMARY,
SSE,603992,松霖科技,2019-08-26,,RETROSPECTIVE_PRIMARY,
SSE,603993,洛阳钼业,2012-10-09,,RETROSPECTIVE_PRIMARY,
SSE,603995,甬金股份,2019-12-24,,RETROSPECTIVE_PRIMARY,
SSE,603997,继峰股份,2015-03-02,,RETROSPECTIVE_PRIMARY,
SSE,603998,方盛制药,2014-12-05,,RETROSPECTIVE_PRIMARY,
SSE,603999,读者传媒,2015-12-10,,RETROSPECTIVE_PRIMARY,
SSE,605001,威奥股份,2020-05-22,,RETROSPECTIVE_PRIMARY,
SSE,605003,众望布艺,2020-09-08,,RETROSPECTIVE_PRIMARY,
SSE,605005,合兴股份,2021-01-19,,RETROSPECTIVE_PRIMARY,
SSE,605006,山东玻纤,2020-09-03,,RETROSPECTIVE_PRIMARY,
SSE,605007,五洲特纸,2020-11-10,,RETROSPECTIVE_PRIMARY,
SSE,605008,长鸿高科,2020-08-21,,RETROSPECTIVE_PRIMARY,
SSE,605009,豪悦护理,2020-09-11,,RETROSPECTIVE_PRIMARY,
SSE,605011,杭州热电,2021-06-30,,RETROSPECTIVE_PRIMARY,
SSE,605016,百龙创园,2021-04-21,,RETROSPECTIVE_PRIMARY,
SSE,605018,长华集团,2020-09-29,,RETROSPECTIVE_PRIMARY,
SSE,605020,永和股份,2021-07-09,,RETROSPECTIVE_PRIMARY,
SSE,605028,世茂能源,2021-07-12,,RETROSPECTIVE_PRIMARY,
SSE,605033,美邦股份,2021-09-16,,RETROSPECTIVE_PRIMARY,
SSE,605050,福然德,2020-09-24,,RETROSPECTIVE_PRIMARY,
SSE,605055,迎丰股份,2021-01-29,,RETROSPECTIVE_PRIMARY,
SSE,605056,咸亨国际,2021-07-20,,RETROSPECTIVE_PRIMARY,
SSE,605058,澳弘电子,2020-10-21,,RETROSPECTIVE_PRIMARY,
SSE,605060,联德股份,2021-03-01,,RETROSPECTIVE_PRIMARY,
SSE,605066,天正电气,2020-08-07,,RETROSPECTIVE_PRIMARY,
SSE,605068,明新旭腾,2020-11-23,,RETROSPECTIVE_PRIMARY,
SSE,605069,正和生态,2021-08-16,,RETROSPECTIVE_PRIMARY,
SSE,605077,华康股份,2021-02-09,,RETROSPECTIVE_PRIMARY,
SSE,605080,浙江自然,2021-05-06,,RETROSPECTIVE_PRIMARY,
SSE,605086,龙高股份,2021-04-16,,RETROSPECTIVE_PRIMARY,
SSE,605088,冠盛股份,2020-08-17,,RETROSPECTIVE_PRIMARY,
SSE,605089,味知香,2021-04-27,,RETROSPECTIVE_PRIMARY,
SSE,605090,九丰能源,2021-05-25,,RETROSPECTIVE_PRIMARY,
SSE,605098,行动教育,2021-04-21,,RETROSPECTIVE_PRIMARY,
SSE,605099,共创草坪,2020-09-30,,RETROSPECTIVE_PRIMARY,
SSE,605100,华丰股份,2020-08-11,,RETROSPECTIVE_PRIMARY,
SSE,605108,同庆楼,2020-07-16,,RETROSPECTIVE_PRIMARY,
SSE,605111,新洁能,2020-09-28,,RETROSPECTIVE_PRIMARY,
SSE,605116,奥锐特,2020-09-21,,RETROSPECTIVE_PRIMARY,
SSE,605117,德业股份,2021-04-20,,RETROSPECTIVE_PRIMARY,
SSE,605118,力鼎光电,2020-07-30,,RETROSPECTIVE_PRIMARY,
SSE,605122,四方新材,2021-03-10,,RETROSPECTIVE_PRIMARY,
SSE,605123,派克新材,2020-08-25,,RETROSPECTIVE_PRIMARY,
SSE,605128,上海沿浦,2020-09-15,,RETROSPECTIVE_PRIMARY,
SSE,605133,嵘泰股份,2021-02-24,,RETROSPECTIVE_PRIMARY,
SSE,605136,丽人丽妆,2020-09-29,,RETROSPECTIVE_PRIMARY,
SSE,605138,盛泰集团,2021-10-27,,RETROSPECTIVE_PRIMARY,
SSE,605151,西上海,2020-12-15,,RETROSPECTIVE_PRIMARY,
SSE,605155,西大门,2020-12-31,,RETROSPECTIVE_PRIMARY,
SSE,605158,华达新材,2020-08-05,,RETROSPECTIVE_PRIMARY,
SSE,605162,新中港,2021-07-07,,RETROSPECTIVE_PRIMARY,
SSE,605166,聚合顺,2020-06-18,,RETROSPECTIVE_PRIMARY,
SSE,605167,利柏特,2021-07-26,,RETROSPECTIVE_PRIMARY,
SSE,605168,三人行,2020-05-28,,RETROSPECTIVE_PRIMARY,
SSE,605169,洪通燃气,2020-10-30,,RETROSPECTIVE_PRIMARY,
SSE,605177,东亚药业,2020-11-25,,RETROSPECTIVE_PRIMARY,
SSE,605178,时空科技,2020-08-21,,RETROSPECTIVE_PRIMARY,
SSE,605179,一鸣食品,2020-12-28,,RETROSPECTIVE_PRIMARY,
SSE,605180,华生科技,2021-04-30,,RETROSPECTIVE_PRIMARY,
SSE,605183,确成股份,2020-12-07,,RETROSPECTIVE_PRIMARY,
SSE,605186,健麾信息,2020-12-22,,RETROSPECTIVE_PRIMARY,
SSE,605188,国光连锁,2020-07-28,,RETROSPECTIVE_PRIMARY,
SSE,605189,富春染织,2021-05-28,,RETROSPECTIVE_PRIMARY,
SSE,605196,华通线缆,2021-05-11,,RETROSPECTIVE_PRIMARY,
SSE,605198,安德利,2020-09-18,,RETROSPECTIVE_PRIMARY,
SSE,605199,ST葫芦娃,2020-07-10,,RETROSPECTIVE_PRIMARY,
SSE,605208,永茂泰,2021-03-08,,RETROSPECTIVE_PRIMARY,
SSE,605218,伟时电子,2020-09-28,,RETROSPECTIVE_PRIMARY,
SSE,605222,起帆电缆,2020-07-31,,RETROSPECTIVE_PRIMARY,
SSE,605228,神通科技,2021-01-20,,RETROSPECTIVE_PRIMARY,
SSE,605255,天普股份,2020-08-25,,RETROSPECTIVE_PRIMARY,
SSE,605258,协和电子,2020-12-03,,RETROSPECTIVE_PRIMARY,
SSE,605259,绿田机械,2021-06-15,,RETROSPECTIVE_PRIMARY,
SSE,605266,健之佳,2020-12-01,,RETROSPECTIVE_PRIMARY,
SSE,605268,王力安防,2021-02-24,,RETROSPECTIVE_PRIMARY,
SSE,605277,新亚电子,2021-01-06,,RETROSPECTIVE_PRIMARY,
SSE,605286,同力天启,2021-03-22,,RETROSPECTIVE_PRIMARY,
SSE,605287,德才股份,2021-07-06,,RETROSPECTIVE_PRIMARY,
SSE,605288,凯迪股份,2020-06-01,,RETROSPECTIVE_PRIMARY,
SSE,605289,罗曼股份,2021-04-26,,RETROSPECTIVE_PRIMARY,
SSE,605296,神农集团,2021-05-28,,RETROSPECTIVE_PRIMARY,
SSE,605298,必得科技,2021-03-01,,RETROSPECTIVE_PRIMARY,
SSE,605299,舒华体育,2020-12-15,,RETROSPECTIVE_PRIMARY,
SSE,605300,佳禾食品,2021-04-30,,RETROSPECTIVE_PRIMARY,
SSE,605303,园林股份,2021-03-01,,RETROSPECTIVE_PRIMARY,
SSE,605305,中际联合,2021-05-06,,RETROSPECTIVE_PRIMARY,
SSE,605318,法狮龙,2020-08-03,,RETROSPECTIVE_PRIMARY,
SSE,605319,无锡振华,2021-06-07,,RETROSPECTIVE_PRIMARY,
SSE,605333,沪光股份,2020-08-18,,RETROSPECTIVE_PRIMARY,
SSE,605336,*ST帅电,2020-10-19,,RETROSPECTIVE_PRIMARY,
SSE,605337,李子园,2021-02-08,,RETROSPECTIVE_PRIMARY,
SSE,605338,巴比食品,2020-10-12,,RETROSPECTIVE_PRIMARY,
SSE,605339,南侨食品,2021-05-18,,RETROSPECTIVE_PRIMARY,
SSE,605358,立昂微,2020-09-11,,RETROSPECTIVE_PRIMARY,
SSE,605365,立达信,2021-07-20,,RETROSPECTIVE_PRIMARY,
SSE,605366,宏柏新材,2020-08-12,,RETROSPECTIVE_PRIMARY,
SSE,605368,蓝天燃气,2021-01-29,,RETROSPECTIVE_PRIMARY,
SSE,605369,拱东医疗,2020-09-16,,RETROSPECTIVE_PRIMARY,
SSE,605376,博迁新材,2020-12-08,,RETROSPECTIVE_PRIMARY,
SSE,605377,华旺科技,2020-12-28,,RETROSPECTIVE_PRIMARY,
SSE,605378,野马电池,2021-04-12,,RETROSPECTIVE_PRIMARY,
SSE,605388,均瑶健康,2020-08-18,,RETROSPECTIVE_PRIMARY,
SSE,605389,长龄液压,2021-03-22,,RETROSPECTIVE_PRIMARY,
SSE,605398,新炬网络,2021-01-21,,RETROSPECTIVE_PRIMARY,
SSE,605399,晨光新材,2020-08-04,,RETROSPECTIVE_PRIMARY,
SSE,605488,福莱新材,2021-05-13,,RETROSPECTIVE_PRIMARY,
SSE,605499,东鹏饮料,2021-05-27,,RETROSPECTIVE_PRIMARY,
SSE,605500,森林包装,2020-12-22,,RETROSPECTIVE_PRIMARY,
SSE,605507,国邦医药,2021-08-02,,RETROSPECTIVE_PRIMARY,
SSE,605555,德昌股份,2021-10-21,,RETROSPECTIVE_PRIMARY,
SSE,605566,福莱蒽特,2021-10-25,,RETROSPECTIVE_PRIMARY,
SSE,605567,春雪食品,2021-10-13,,RETROSPECTIVE_PRIMARY,
SSE,605577,龙版传媒,2021-08-24,,RETROSPECTIVE_PRIMARY,
SSE,605580,恒盛能源,2021-08-19,,RETROSPECTIVE_PRIMARY,
SSE,605588,冠石科技,2021-08-12,,RETROSPECTIVE_PRIMARY,
SSE,605589,圣泉集团,2021-08-10,,RETROSPECTIVE_PRIMARY,
SSE,605598,上海港湾,2021-09-17,,RETROSPECTIVE_PRIMARY,
SSE,605599,菜百股份,2021-09-09,,RETROSPECTIVE_PRIMARY,
SZSE,000001,平安银行,1991-04-03,,RETROSPECTIVE_PRIMARY,
SZSE,000002,万 科Ａ,1991-01-29,,RETROSPECTIVE_PRIMARY,
SZSE,000006,深振业Ａ,1992-04-27,,RETROSPECTIVE_PRIMARY,
SZSE,000007,全新好,1992-04-13,,RETROSPECTIVE_PRIMARY,
SZSE,000008,神州高铁,1992-05-07,,RETROSPECTIVE_PRIMARY,
SZSE,000009,中国宝安,1991-06-25,,RETROSPECTIVE_PRIMARY,
SZSE,000010,*ST美丽,1995-10-27,,RETROSPECTIVE_PRIMARY,
SZSE,000011,深物业A,1992-03-30,,RETROSPECTIVE_PRIMARY,
SZSE,000012,南 玻Ａ,1992-02-28,,RETROSPECTIVE_PRIMARY,
SZSE,000014,沙河股份,1992-06-02,,RETROSPECTIVE_PRIMARY,
SZSE,000016,*ST康佳A,1992-03-27,,RETROSPECTIVE_PRIMARY,
SZSE,000017,深中华A,1992-03-31,,RETROSPECTIVE_PRIMARY,
SZSE,000019,深粮控股,1992-10-12,,RETROSPECTIVE_PRIMARY,
SZSE,000020,深华发Ａ,1992-04-28,,RETROSPECTIVE_PRIMARY,
SZSE,000021,深科技,1994-02-02,,RETROSPECTIVE_PRIMARY,
SZSE,000025,特 力Ａ,1993-06-21,,RETROSPECTIVE_PRIMARY,
SZSE,000026,飞亚达,1993-06-03,,RETROSPECTIVE_PRIMARY,
SZSE,000027,深圳能源,1993-09-03,,RETROSPECTIVE_PRIMARY,
SZSE,000028,国药一致,1993-08-09,,RETROSPECTIVE_PRIMARY,
SZSE,000029,深深房Ａ,1993-09-15,,RETROSPECTIVE_PRIMARY,
SZSE,000030,富奥股份,1993-09-29,,RETROSPECTIVE_PRIMARY,
SZSE,000031,大悦城,1993-10-08,,RETROSPECTIVE_PRIMARY,
SZSE,000032,深桑达Ａ,1993-10-28,,RETROSPECTIVE_PRIMARY,
SZSE,000034,神州数码,1994-05-09,,RETROSPECTIVE_PRIMARY,
SZSE,000035,中国天楹,1994-04-08,,RETROSPECTIVE_PRIMARY,
SZSE,000036,华联控股,1994-06-17,,RETROSPECTIVE_PRIMARY,
SZSE,000037,深南电A,1994-07-01,,RETROSPECTIVE_PRIMARY,
SZSE,000039,中集集团,1994-04-08,,RETROSPECTIVE_PRIMARY,
SZSE,000042,中洲控股,1994-09-21,,RETROSPECTIVE_PRIMARY,
SZSE,000045,深纺织Ａ,1994-08-15,,RETROSPECTIVE_PRIMARY,
SZSE,000048,京基智农,1994-11-01,,RETROSPECTIVE_PRIMARY,
SZSE,000049,德赛电池,1995-03-20,,RETROSPECTIVE_PRIMARY,
SZSE,000050,深天马Ａ,1995-03-15,,RETROSPECTIVE_PRIMARY,
SZSE,000055,方大集团,1996-04-15,,RETROSPECTIVE_PRIMARY,
SZSE,000056,*ST皇庭,1996-07-08,,RETROSPECTIVE_PRIMARY,
SZSE,000058,深 赛 格,1996-12-26,,RETROSPECTIVE_PRIMARY,
SZSE,000059,华锦股份,1997-01-30,,RETROSPECTIVE_PRIMARY,
SZSE,000060,中金岭南,1997-01-23,,RETROSPECTIVE_PRIMARY,
SZSE,000061,农 产 品,1997-01-10,,RETROSPECTIVE_PRIMARY,
SZSE,000062,深圳华强,1997-01-30,,RETROSPECTIVE_PRIMARY,
SZSE,000063,中兴通讯,1997-11-18,,RETROSPECTIVE_PRIMARY,
SZSE,000065,北方国际,1998-06-05,,RETROSPECTIVE_PRIMARY,
SZSE,000066,中国长城,1997-06-26,,RETROSPECTIVE_PRIMARY,
SZSE,000068,华控赛格,1997-06-11,,RETROSPECTIVE_PRIMARY,
SZSE,000069,华侨城Ａ,1997-09-10,,RETROSPECTIVE_PRIMARY,
SZSE,000070,特发信息,2000-05-11,,RETROSPECTIVE_PRIMARY,
SZSE,000078,ST海王,1998-12-18,,RETROSPECTIVE_PRIMARY,
SZSE,000088,盐 田 港,1997-07-28,,RETROSPECTIVE_PRIMARY,
SZSE,000089,深圳机场,1998-04-20,,RETROSPECTIVE_PRIMARY,
SZSE,000090,天健集团,1999-07-21,,RETROSPECTIVE_PRIMARY,
SZSE,000096,广聚能源,2000-07-24,,RETROSPECTIVE_PRIMARY,
SZSE,000099,中信海直,2000-07-31,,RETROSPECTIVE_PRIMARY,
SZSE,000100,TCL科技,2004-01-30,,RETROSPECTIVE_PRIMARY,
SZSE,000151,中成股份,2000-09-06,,RETROSPECTIVE_PRIMARY,
SZSE,000153,丰原药业,2000-09-20,,RETROSPECTIVE_PRIMARY,
SZSE,000155,川能动力,2000-09-26,,RETROSPECTIVE_PRIMARY,
SZSE,000156,华数传媒,2000-09-06,,RETROSPECTIVE_PRIMARY,
SZSE,000157,中联重科,2000-10-12,,RETROSPECTIVE_PRIMARY,
SZSE,000158,常山北明,2000-07-24,,RETROSPECTIVE_PRIMARY,
SZSE,000159,国际实业,2000-09-26,,RETROSPECTIVE_PRIMARY,
SZSE,000166,申万宏源,2015-01-26,,RETROSPECTIVE_PRIMARY,
SZSE,000301,东方盛虹,2000-05-29,,RETROSPECTIVE_PRIMARY,
SZSE,000333,美的集团,2013-09-18,,RETROSPECTIVE_PRIMARY,
SZSE,000338,潍柴动力,2007-04-30,,RETROSPECTIVE_PRIMARY,
SZSE,000400,许继电气,1997-04-18,,RETROSPECTIVE_PRIMARY,
SZSE,000401,金隅冀东,1996-06-14,,RETROSPECTIVE_PRIMARY,
SZSE,000402,金 融 街,1996-06-26,,RETROSPECTIVE_PRIMARY,
SZSE,000403,派林生物,1996-06-28,,RETROSPECTIVE_PRIMARY,
SZSE,000404,长虹华意,1996-06-19,,RETROSPECTIVE_PRIMARY,
SZSE,000407,胜利股份,1996-07-03,,RETROSPECTIVE_PRIMARY,
SZSE,000408,藏格矿业,1996-06-28,,RETROSPECTIVE_PRIMARY,
SZSE,000409,云鼎科技,1996-06-27,,RETROSPECTIVE_PRIMARY,
SZSE,000410,沈阳机床,1996-07-18,,RETROSPECTIVE_PRIMARY,
SZSE,000411,英特集团,1996-07-16,,RETROSPECTIVE_PRIMARY,
SZSE,000415,渤海租赁,1996-07-16,,RETROSPECTIVE_PRIMARY,
SZSE,000417,合百集团,1996-08-12,,RETROSPECTIVE_PRIMARY,
SZSE,000419,通程控股,1996-08-16,,RETROSPECTIVE_PRIMARY,
SZSE,000420,吉林化纤,1996-08-02,,RETROSPECTIVE_PRIMARY,
SZSE,000421,南京公用,1996-08-06,,RETROSPECTIVE_PRIMARY,
SZSE,000422,湖北宜化,1996-08-15,,RETROSPECTIVE_PRIMARY,
SZSE,000423,东阿阿胶,1996-07-29,,RETROSPECTIVE_PRIMARY,
SZSE,000425,徐工机械,1996-08-28,,RETROSPECTIVE_PRIMARY,
SZSE,000426,兴业银锡,1996-08-28,,RETROSPECTIVE_PRIMARY,
SZSE,000428,华天酒店,1996-08-08,,RETROSPECTIVE_PRIMARY,
SZSE,000429,粤高速Ａ,1998-02-20,,RETROSPECTIVE_PRIMARY,
SZSE,000430,张家界,1996-08-29,,RETROSPECTIVE_PRIMARY,
SZSE,000488,ST晨鸣,2000-11-20,,RETROSPECTIVE_PRIMARY,
SZSE,000498,山东路桥,1997-06-09,,RETROSPECTIVE_PRIMARY,
SZSE,000501,武商集团,1992-11-20,,RETROSPECTIVE_PRIMARY,
SZSE,000503,国新健康,1992-11-30,,RETROSPECTIVE_PRIMARY,
SZSE,000504,南华生物,1992-12-08,,RETROSPECTIVE_PRIMARY,
SZSE,000505,京粮控股,1992-12-21,,RETROSPECTIVE_PRIMARY,
SZSE,000506,招金黄金,1993-03-12,,RETROSPECTIVE_PRIMARY,
SZSE,000507,珠海港,1993-03-26,,RETROSPECTIVE_PRIMARY,
SZSE,000509,华塑控股,1993-05-07,,RETROSPECTIVE_PRIMARY,
SZSE,000510,新金路,1993-05-07,,RETROSPECTIVE_PRIMARY,
SZSE,000513,丽珠集团,1993-10-28,,RETROSPECTIVE_PRIMARY,
SZSE,000514,渝 开 发,1993-07-12,,RETROSPECTIVE_PRIMARY,
SZSE,000516,国际医学,1993-08-09,,RETROSPECTIVE_PRIMARY,
SZSE,000517,荣安地产,1993-08-06,,RETROSPECTIVE_PRIMARY,
SZSE,000518,四环生物,1993-09-08,,RETROSPECTIVE_PRIMARY,
SZSE,000519,中兵红箭,1993-10-08,,RETROSPECTIVE_PRIMARY,
SZSE,000520,凤凰航运,1993-10-25,,RETROSPECTIVE_PRIMARY,
SZSE,000521,长虹美菱,1993-10-18,,RETROSPECTIVE_PRIMARY,
SZSE,000523,红棉股份,1993-11-08,,RETROSPECTIVE_PRIMARY,
SZSE,000524,岭南控股,1993-11-18,,RETROSPECTIVE_PRIMARY,
SZSE,000525,红太阳,1993-10-28,,RETROSPECTIVE_PRIMARY,
SZSE,000526,学大教育,1993-11-01,,RETROSPECTIVE_PRIMARY,
SZSE,000528,柳 工,1993-11-18,,RETROSPECTIVE_PRIMARY,
SZSE,000529,广弘控股,1993-11-18,,RETROSPECTIVE_PRIMARY,
SZSE,000530,冰山冷热,1993-12-08,,RETROSPECTIVE_PRIMARY,
SZSE,000531,穗恒运Ａ,1994-01-06,,RETROSPECTIVE_PRIMARY,
SZSE,000532,华金资本,1994-01-03,,RETROSPECTIVE_PRIMARY,
SZSE,000533,顺钠股份,1994-01-03,,RETROSPECTIVE_PRIMARY,
SZSE,000534,万泽股份,1994-01-10,,RETROSPECTIVE_PRIMARY,
SZSE,000536,华映科技,1993-11-26,,RETROSPECTIVE_PRIMARY,
SZSE,000537,绿发电力,1993-12-10,,RETROSPECTIVE_PRIMARY,
SZSE,000538,云南白药,1993-12-15,,RETROSPECTIVE_PRIMARY,
SZSE,000539,粤电力Ａ,1993-11-26,,RETROSPECTIVE_PRIMARY,
SZSE,000541,佛山照明,1993-11-23,,RETROSPECTIVE_PRIMARY,
SZSE,000543,皖能电力,1993-12-20,,RETROSPECTIVE_PRIMARY,
SZSE,000544,中原环保,1993-12-08,,RETROSPECTIVE_PRIMARY,
SZSE,000545,金浦钛业,1993-12-15,,RETROSPECTIVE_PRIMARY,
SZSE,000546,金圆股份,1993-12-15,,RETROSPECTIVE_PRIMARY,
SZSE,000547,航天发展,1993-11-30,,RETROSPECTIVE_PRIMARY,
SZSE,000548,湖南投资,1993-12-20,,RETROSPECTIVE_PRIMARY,
SZSE,000550,江铃汽车,1993-12-01,,RETROSPECTIVE_PRIMARY,
SZSE,000551,创元科技,1994-01-06,,RETROSPECTIVE_PRIMARY,
SZSE,000552,甘肃能化,1994-01-06,,RETROSPECTIVE_PRIMARY,
SZSE,000553,安道麦A,1993-12-03,,RETROSPECTIVE_PRIMARY,
SZSE,000554,泰山石油,1993-12-15,,RETROSPECTIVE_PRIMARY,
SZSE,000555,神州信息,1994-04-08,,RETROSPECTIVE_PRIMARY,
SZSE,000557,西部创业,1994-06-17,,RETROSPECTIVE_PRIMARY,
SZSE,000558,天府文旅,1994-05-09,,RETROSPECTIVE_PRIMARY,
SZSE,000559,万向钱潮,1994-01-10,,RETROSPECTIVE_PRIMARY,
SZSE,000560,我爱我家,1994-02-02,,RETROSPECTIVE_PRIMARY,
SZSE,000561,烽火电子,1994-05-09,,RETROSPECTIVE_PRIMARY,
SZSE,000563,陕国投Ａ,1994-01-10,,RETROSPECTIVE_PRIMARY,
SZSE,000564,供销大集,1994-01-10,,RETROSPECTIVE_PRIMARY,
SZSE,000565,渝三峡Ａ,1994-04-08,,RETROSPECTIVE_PRIMARY,
SZSE,000566,海南海药,1994-05-25,,RETROSPECTIVE_PRIMARY,
SZSE,000567,海德股份,1994-05-25,,RETROSPECTIVE_PRIMARY,
SZSE,000568,泸州老窖,1994-05-09,,RETROSPECTIVE_PRIMARY,
SZSE,000570,苏常柴Ａ,1994-07-01,,RETROSPECTIVE_PRIMARY,
SZSE,000571,新大洲A,1994-05-25,,RETROSPECTIVE_PRIMARY,
SZSE,000572,海马汽车,1994-08-08,,RETROSPECTIVE_PRIMARY,
SZSE,000573,粤宏远Ａ,1994-08-15,,RETROSPECTIVE_PRIMARY,
SZSE,000576,甘化科工,1994-09-07,,RETROSPECTIVE_PRIMARY,
SZSE,000581,威孚高科,1998-09-24,,RETROSPECTIVE_PRIMARY,
SZSE,000582,北部湾港,1995-11-02,,RETROSPECTIVE_PRIMARY,
SZSE,000586,汇源通信,1995-12-20,,RETROSPECTIVE_PRIMARY,
SZSE,000589,贵州轮胎,1996-03-08,,RETROSPECTIVE_PRIMARY,
SZSE,000590,古汉医药,1996-01-19,,RETROSPECTIVE_PRIMARY,
SZSE,000591,太阳能,1996-02-08,,RETROSPECTIVE_PRIMARY,
SZSE,000592,平潭发展,1996-03-27,,RETROSPECTIVE_PRIMARY,
SZSE,000593,德龙汇能,1996-03-12,,RETROSPECTIVE_PRIMARY,
SZSE,000595,新能股份,1996-04-19,,RETROSPECTIVE_PRIMARY,
SZSE,000596,古井贡酒,1996-09-27,,RETROSPECTIVE_PRIMARY,
SZSE,000597,东北制药,1996-05-23,,RETROSPECTIVE_PRIMARY,
SZSE,000598,兴蓉环境,1996-05-29,,RETROSPECTIVE_PRIMARY,
SZSE,000599,青岛双星,1996-04-30,,RETROSPECTIVE_PRIMARY,
SZSE,000600,建投能源,1996-06-06,,RETROSPECTIVE_PRIMARY,
SZSE,000601,韶能股份,1996-08-30,,RETROSPECTIVE_PRIMARY,
SZSE,000603,盛达资源,1996-08-23,,RETROSPECTIVE_PRIMARY,
SZSE,000605,渤海股份,1996-09-13,,RETROSPECTIVE_PRIMARY,
SZSE,000607,华媒控股,1996-08-30,,RETROSPECTIVE_PRIMARY,
SZSE,000608,阳光股份,1996-09-19,,RETROSPECTIVE_PRIMARY,
SZSE,000609,*ST中迪,1996-10-10,,RETROSPECTIVE_PRIMARY,
SZSE,000610,*ST西旅,1996-09-26,,RETROSPECTIVE_PRIMARY,
SZSE,000612,焦作万方,1996-09-26,,RETROSPECTIVE_PRIMARY,
SZSE,000615,*ST美谷,1996-10-16,,RETROSPECTIVE_PRIMARY,
SZSE,000617,中油资本,1996-10-22,,RETROSPECTIVE_PRIMARY,
SZSE,000619,海螺新材,1996-10-23,,RETROSPECTIVE_PRIMARY,
SZSE,000620,盈新发展,1996-10-29,,RETROSPECTIVE_PRIMARY,
SZSE,000623,吉林敖东,1996-10-28,,RETROSPECTIVE_PRIMARY,
SZSE,000625,长安汽车,1997-06-10,,RETROSPECTIVE_PRIMARY,
SZSE,000626,远大控股,1996-11-28,,RETROSPECTIVE_PRIMARY,
SZSE,000628,高新发展,1996-11-18,,RETROSPECTIVE_PRIMARY,
SZSE,000629,钒钛股份,1996-11-15,,RETROSPECTIVE_PRIMARY,
SZSE,000630,铜陵有色,1996-11-20,,RETROSPECTIVE_PRIMARY,
SZSE,000631,顺发恒能,1996-11-22,,RETROSPECTIVE_PRIMARY,
SZSE,000632,ST三木,1996-11-21,,RETROSPECTIVE_PRIMARY,
SZSE,000633,合金投资,1996-11-12,,RETROSPECTIVE_PRIMARY,
SZSE,000635,英 力 特,1996-11-20,,RETROSPECTIVE_PRIMARY,
SZSE,000636,风华高科,1996-11-29,,RETROSPECTIVE_PRIMARY,
SZSE,000637,茂化实华,1996-11-14,,RETROSPECTIVE_PRIMARY,
SZSE,000639,ST西王,1996-11-26,,RETROSPECTIVE_PRIMARY,
SZSE,000650,仁和药业,1996-12-10,,RETROSPECTIVE_PRIMARY,
SZSE,000651,格力电器,1996-11-18,,RETROSPECTIVE_PRIMARY,
SZSE,000652,泰达股份,1996-11-28,,RETROSPECTIVE_PRIMARY,
SZSE,000655,金岭矿业,1996-11-28,,RETROSPECTIVE_PRIMARY,
SZSE,000656,金科股份,1996-11-28,,RETROSPECTIVE_PRIMARY,
SZSE,000657,中钨高新,1996-12-05,,RETROSPECTIVE_PRIMARY,
SZSE,000659,珠海中富,1996-12-03,,RETROSPECTIVE_PRIMARY,
SZSE,000661,长春高新,1996-12-18,,RETROSPECTIVE_PRIMARY,
SZSE,000663,永安林业,1996-12-06,,RETROSPECTIVE_PRIMARY,
SZSE,000665,湖北广电,1996-12-10,,RETROSPECTIVE_PRIMARY,
SZSE,000668,荣丰控股,1996-12-10,,RETROSPECTIVE_PRIMARY,
SZSE,000669,ST金鸿,1996-12-10,,RETROSPECTIVE_PRIMARY,
SZSE,000670,盈方微,1996-12-17,,RETROSPECTIVE_PRIMARY,
SZSE,000672,上峰材料,1996-12-18,,RETROSPECTIVE_PRIMARY,
SZSE,000676,智度股份,1996-12-24,,RETROSPECTIVE_PRIMARY,
SZSE,000677,ST海龙,1996-12-26,,RETROSPECTIVE_PRIMARY,
SZSE,000678,襄阳轴承,1997-01-06,,RETROSPECTIVE_PRIMARY,
SZSE,000679,大连友谊,1997-01-24,,RETROSPECTIVE_PRIMARY,
SZSE,000680,山推股份,1997-01-22,,RETROSPECTIVE_PRIMARY,
SZSE,000681,视觉中国,1997-01-21,,RETROSPECTIVE_PRIMARY,
SZSE,000682,东方电子,1997-01-21,,RETROSPECTIVE_PRIMARY,
SZSE,000683,博源化工,1997-01-31,,RETROSPECTIVE_PRIMARY,
SZSE,000685,中山公用,1997-01-23,,RETROSPECTIVE_PRIMARY,
SZSE,000686,东北证券,1997-02-27,,RETROSPECTIVE_PRIMARY,
SZSE,000688,国城矿业,1997-01-20,,RETROSPECTIVE_PRIMARY,
SZSE,000690,宝新能源,1997-01-28,,RETROSPECTIVE_PRIMARY,
SZSE,000691,亚太实业,1997-02-28,,RETROSPECTIVE_PRIMARY,
SZSE,000692,惠天热电,1997-02-27,,RETROSPECTIVE_PRIMARY,
SZSE,000695,滨海能源,1997-02-18,,RETROSPECTIVE_PRIMARY,
SZSE,000697,炼石航空,1997-03-25,,RETROSPECTIVE_PRIMARY,
SZSE,000698,ST沈化,1997-02-20,,RETROSPECTIVE_PRIMARY,
SZSE,000700,模塑科技,1997-02-28,,RETROSPECTIVE_PRIMARY,
SZSE,000701,厦门信达,1997-02-26,,RETROSPECTIVE_PRIMARY,
SZSE,000702,正虹科技,1997-03-18,,RETROSPECTIVE_PRIMARY,
SZSE,000703,恒逸石化,1997-03-28,,RETROSPECTIVE_PRIMARY,
SZSE,000705,浙江震元,1997-04-10,,RETROSPECTIVE_PRIMARY,
SZSE,000707,双环科技,1997-04-15,,RETROSPECTIVE_PRIMARY,
SZSE,000708,中信特钢,1997-03-26,,RETROSPECTIVE_PRIMARY,
SZSE,000709,河钢股份,1997-04-16,,RETROSPECTIVE_PRIMARY,
SZSE,000710,贝瑞基因,1997-04-22,,RETROSPECTIVE_PRIMARY,
SZSE,000711,ST京蓝,1997-04-11,,RETROSPECTIVE_PRIMARY,
SZSE,000712,锦龙股份,1997-04-15,,RETROSPECTIVE_PRIMARY,
SZSE,000713,国投丰乐,1997-04-22,,RETROSPECTIVE_PRIMARY,
SZSE,000715,中兴商业,1997-05-08,,RETROSPECTIVE_PRIMARY,
SZSE,000716,黑芝麻,1997-04-18,,RETROSPECTIVE_PRIMARY,
SZSE,000717,中南股份,1997-05-08,,RETROSPECTIVE_PRIMARY,
SZSE,000718,苏宁环球,1997-04-08,,RETROSPECTIVE_PRIMARY,
SZSE,000719,中原传媒,1997-03-31,,RETROSPECTIVE_PRIMARY,
SZSE,000720,新能泰山,1997-05-09,,RETROSPECTIVE_PRIMARY,
SZSE,000721,西安饮食,1997-04-30,,RETROSPECTIVE_PRIMARY,
SZSE,000722,湖南发展,1997-05-22,,RETROSPECTIVE_PRIMARY,
SZSE,000723,美锦能源,1997-05-15,,RETROSPECTIVE_PRIMARY,
SZSE,000725,京东方Ａ,2001-01-12,,RETROSPECTIVE_PRIMARY,
SZSE,000726,鲁 泰Ａ,2000-12-25,,RETROSPECTIVE_PRIMARY,
SZSE,000727,冠捷科技,1997-05-20,,RETROSPECTIVE_PRIMARY,
SZSE,000728,国元证券,1997-06-16,,RETROSPECTIVE_PRIMARY,
SZSE,000729,燕京啤酒,1997-07-16,,RETROSPECTIVE_PRIMARY,
SZSE,000731,四川美丰,1997-06-17,,RETROSPECTIVE_PRIMARY,
SZSE,000733,振华科技,1997-07-03,,RETROSPECTIVE_PRIMARY,
SZSE,000735,罗 牛 山,1997-06-11,,RETROSPECTIVE_PRIMARY,
SZSE,000736,中交发展,1997-04-25,,RETROSPECTIVE_PRIMARY,
SZSE,000737,北方铜业,1997-04-28,,RETROSPECTIVE_PRIMARY,
SZSE,000738,航发控制,1997-06-26,,RETROSPECTIVE_PRIMARY,
SZSE,000739,普洛药业,1997-05-09,,RETROSPECTIVE_PRIMARY,
SZSE,000750,国海证券,1997-07-09,,RETROSPECTIVE_PRIMARY,
SZSE,000751,锌业股份,1997-06-26,,RETROSPECTIVE_PRIMARY,
SZSE,000752,*ST西发,1997-06-25,,RETROSPECTIVE_PRIMARY,
SZSE,000753,漳州发展,1997-06-26,,RETROSPECTIVE_PRIMARY,
SZSE,000755,山西高速,1997-06-27,,RETROSPECTIVE_PRIMARY,
SZSE,000756,新华制药,1997-08-06,,RETROSPECTIVE_PRIMARY,
SZSE,000757,浩物股份,1997-06-27,,RETROSPECTIVE_PRIMARY,
SZSE,000758,中色股份,1997-04-16,,RETROSPECTIVE_PRIMARY,
SZSE,000759,中百集团,1997-05-19,,RETROSPECTIVE_PRIMARY,
SZSE,000761,本钢板材,1998-01-15,,RETROSPECTIVE_PRIMARY,
SZSE,000762,西藏矿业,1997-07-08,,RETROSPECTIVE_PRIMARY,
SZSE,000766,通化金马,1997-04-30,,RETROSPECTIVE_PRIMARY,
SZSE,000767,晋控电力,1997-06-09,,RETROSPECTIVE_PRIMARY,
SZSE,000768,中航西飞,1997-06-26,,RETROSPECTIVE_PRIMARY,
SZSE,000776,广发证券,1997-06-11,,RETROSPECTIVE_PRIMARY,
SZSE,000777,中核科技,1997-07-10,,RETROSPECTIVE_PRIMARY,
SZSE,000778,新兴铸管,1997-06-06,,RETROSPECTIVE_PRIMARY,
SZSE,000779,甘咨询,1997-05-28,,RETROSPECTIVE_PRIMARY,
SZSE,000782,恒申新材,1997-06-19,,RETROSPECTIVE_PRIMARY,
SZSE,000783,长江证券,1997-07-31,,RETROSPECTIVE_PRIMARY,
SZSE,000785,居然智家,1997-07-11,,RETROSPECTIVE_PRIMARY,
SZSE,000786,北新建材,1997-06-06,,RETROSPECTIVE_PRIMARY,
SZSE,000788,北大医药,1997-06-16,,RETROSPECTIVE_PRIMARY,
SZSE,000789,万年青,1997-09-23,,RETROSPECTIVE_PRIMARY,
SZSE,000790,华神科技,1998-03-27,,RETROSPECTIVE_PRIMARY,
SZSE,000791,甘肃能源,1997-10-14,,RETROSPECTIVE_PRIMARY,
SZSE,000792,盐湖股份,1997-09-04,,RETROSPECTIVE_PRIMARY,
SZSE,000793,*ST华闻,1997-07-29,,RETROSPECTIVE_PRIMARY,
SZSE,000795,英洛华,1997-08-08,,RETROSPECTIVE_PRIMARY,
SZSE,000796,凯撒旅业,1997-07-03,,RETROSPECTIVE_PRIMARY,
SZSE,000797,中国武夷,1997-07-15,,RETROSPECTIVE_PRIMARY,
SZSE,000798,中水渔业,1998-02-12,,RETROSPECTIVE_PRIMARY,
SZSE,000799,酒鬼酒,1997-07-18,,RETROSPECTIVE_PRIMARY,
SZSE,000800,一汽解放,1997-06-18,,RETROSPECTIVE_PRIMARY,
SZSE,000801,四川九洲,1998-05-06,,RETROSPECTIVE_PRIMARY,
SZSE,000802,北京文化,1998-01-08,,RETROSPECTIVE_PRIMARY,
SZSE,000803,山高环能,1998-03-03,,RETROSPECTIVE_PRIMARY,
SZSE,000807,云铝股份,1998-04-08,,RETROSPECTIVE_PRIMARY,
SZSE,000809,和展能源,1998-06-16,,RETROSPECTIVE_PRIMARY,
SZSE,000810,创维数字,1998-06-02,,RETROSPECTIVE_PRIMARY,
SZSE,000811,冰轮环境,1998-05-28,,RETROSPECTIVE_PRIMARY,
SZSE,000812,陕西金叶,1998-06-23,,RETROSPECTIVE_PRIMARY,
SZSE,000813,德展健康,1998-05-19,,RETROSPECTIVE_PRIMARY,
SZSE,000815,美利云,1998-06-09,,RETROSPECTIVE_PRIMARY,
SZSE,000816,智慧农业,1997-08-18,,RETROSPECTIVE_PRIMARY,
SZSE,000818,航锦科技,1997-10-17,,RETROSPECTIVE_PRIMARY,
SZSE,000819,岳阳兴长,1997-06-25,,RETROSPECTIVE_PRIMARY,
SZSE,000820,*ST节能,1998-06-30,,RETROSPECTIVE_PRIMARY,
SZSE,000821,ST京机,1998-06-26,,RETROSPECTIVE_PRIMARY,
SZSE,000822,山东海化,1998-07-03,,RETROSPECTIVE_PRIMARY,
SZSE,000823,超声电子,1997-10-08,,RETROSPECTIVE_PRIMARY,
SZSE,000825,太钢不锈,1998-10-21,,RETROSPECTIVE_PRIMARY,
SZSE,000826,*ST启环,1998-02-25,,RETROSPECTIVE_PRIMARY,
SZSE,000828,东莞控股,1997-06-17,,RETROSPECTIVE_PRIMARY,
SZSE,000829,天音控股,1997-12-02,,RETROSPECTIVE_PRIMARY,
SZSE,000830,鲁西化工,1998-08-07,,RETROSPECTIVE_PRIMARY,
SZSE,000831,中国稀土,1998-09-11,,RETROSPECTIVE_PRIMARY,
SZSE,000833,粤桂股份,1998-11-11,,RETROSPECTIVE_PRIMARY,
SZSE,000837,秦川机床,1998-09-28,,RETROSPECTIVE_PRIMARY,
SZSE,000838,*ST发展,1997-06-26,,RETROSPECTIVE_PRIMARY,
SZSE,000839,国安股份,1997-10-31,,RETROSPECTIVE_PRIMARY,
SZSE,000848,承德露露,1997-11-13,,RETROSPECTIVE_PRIMARY,
SZSE,000850,华茂股份,1998-10-07,,RETROSPECTIVE_PRIMARY,
SZSE,000852,石化机械,1998-11-26,,RETROSPECTIVE_PRIMARY,
SZSE,000856,冀东装备,1998-08-13,,RETROSPECTIVE_PRIMARY,
SZSE,000858,五 粮 液,1998-04-27,,RETROSPECTIVE_PRIMARY,
SZSE,000859,国风新材,1998-11-19,,RETROSPECTIVE_PRIMARY,
SZSE,000860,顺鑫农业,1998-11-04,,RETROSPECTIVE_PRIMARY,
SZSE,000862,银星能源,1998-09-15,,RETROSPECTIVE_PRIMARY,
SZSE,000863,三湘印象,1997-09-25,,RETROSPECTIVE_PRIMARY,
SZSE,000868,安凯客车,1997-07-25,,RETROSPECTIVE_PRIMARY,
SZSE,000869,张 裕Ａ,2000-10-26,,RETROSPECTIVE_PRIMARY,
SZSE,000875,电投绿能,2002-09-26,,RETROSPECTIVE_PRIMARY,
SZSE,000876,新 希 望,1998-03-11,,RETROSPECTIVE_PRIMARY,
SZSE,000877,天山股份,1999-01-07,,RETROSPECTIVE_PRIMARY,
SZSE,000878,云南铜业,1998-06-02,,RETROSPECTIVE_PRIMARY,
SZSE,000880,潍柴重机,1998-04-02,,RETROSPECTIVE_PRIMARY,
SZSE,000881,中广核技,1998-09-02,,RETROSPECTIVE_PRIMARY,
SZSE,000882,华联股份,1998-06-16,,RETROSPECTIVE_PRIMARY,
SZSE,000883,湖北能源,1998-05-19,,RETROSPECTIVE_PRIMARY,
SZSE,000885,城发环境,1999-03-19,,RETROSPECTIVE_PRIMARY,
SZSE,000886,海南高速,1998-01-23,,RETROSPECTIVE_PRIMARY,
SZSE,000887,中鼎股份,1998-12-03,,RETROSPECTIVE_PRIMARY,
SZSE,000888,峨眉山Ａ,1997-10-21,,RETROSPECTIVE_PRIMARY,
SZSE,000889,中嘉博创,1997-12-18,,RETROSPECTIVE_PRIMARY,
SZSE,000890,法尔胜,1999-01-19,,RETROSPECTIVE_PRIMARY,
SZSE,000892,欢瑞世纪,1999-01-15,,RETROSPECTIVE_PRIMARY,
SZSE,000893,亚钾国际,1998-12-24,,RETROSPECTIVE_PRIMARY,
SZSE,000895,双汇发展,1998-12-10,,RETROSPECTIVE_PRIMARY,
SZSE,000897,津滨发展,1999-04-22,,RETROSPECTIVE_PRIMARY,
SZSE,000898,鞍钢股份,1997-12-25,,RETROSPECTIVE_PRIMARY,
SZSE,000899,赣能股份,1997-11-26,,RETROSPECTIVE_PRIMARY,
SZSE,000900,现代投资,1999-01-28,,RETROSPECTIVE_PRIMARY,
SZSE,000901,航天科技,1999-04-01,,RETROSPECTIVE_PRIMARY,
SZSE,000902,新洋丰,1999-04-08,,RETROSPECTIVE_PRIMARY,
SZSE,000903,ST云动,1999-04-15,,RETROSPECTIVE_PRIMARY,
SZSE,000905,厦门港务,1999-04-29,,RETROSPECTIVE_PRIMARY,
SZSE,000906,浙商中拓,1999-07-07,,RETROSPECTIVE_PRIMARY,
SZSE,000908,石药景峰,1999-02-03,,RETROSPECTIVE_PRIMARY,
SZSE,000909,*ST数源,1999-05-07,,RETROSPECTIVE_PRIMARY,
SZSE,000910,大亚圣象,1999-06-30,,RETROSPECTIVE_PRIMARY,
SZSE,000911,*ST广糖,1999-05-27,,RETROSPECTIVE_PRIMARY,
SZSE,000912,泸天化,1999-06-03,,RETROSPECTIVE_PRIMARY,
SZSE,000913,钱江摩托,1999-05-14,,RETROSPECTIVE_PRIMARY,
SZSE,000915,华特达因,1999-06-09,,RETROSPECTIVE_PRIMARY,
SZSE,000917,电广传媒,1999-03-25,,RETROSPECTIVE_PRIMARY,
SZSE,000919,金陵药业,1999-11-18,,RETROSPECTIVE_PRIMARY,
SZSE,000920,沃顿科技,1999-06-16,,RETROSPECTIVE_PRIMARY,
SZSE,000921,海信家电,1999-07-13,,RETROSPECTIVE_PRIMARY,
SZSE,000922,佳电股份,1999-06-18,,RETROSPECTIVE_PRIMARY,
SZSE,000923,河钢资源,1999-07-14,,RETROSPECTIVE_PRIMARY,
SZSE,000925,众合科技,1999-06-11,,RETROSPECTIVE_PRIMARY,
SZSE,000926,福星股份,1999-06-18,,RETROSPECTIVE_PRIMARY,
SZSE,000927,中国铁物,1999-07-27,,RETROSPECTIVE_PRIMARY,
SZSE,000928,中钢国际,1999-03-12,,RETROSPECTIVE_PRIMARY,
SZSE,000929,兰州黄河,1999-06-23,,RETROSPECTIVE_PRIMARY,
SZSE,000930,中粮科技,1999-07-12,,RETROSPECTIVE_PRIMARY,
SZSE,000931,中 关 村,1999-07-12,,RETROSPECTIVE_PRIMARY,
SZSE,000932,华菱钢铁,1999-08-03,,RETROSPECTIVE_PRIMARY,
SZSE,000933,神火股份,1999-08-31,,RETROSPECTIVE_PRIMARY,
SZSE,000935,四川双马,1999-08-24,,RETROSPECTIVE_PRIMARY,
SZSE,000936,华西股份,1999-08-10,,RETROSPECTIVE_PRIMARY,
SZSE,000937,冀中能源,1999-09-09,,RETROSPECTIVE_PRIMARY,
SZSE,000938,紫光股份,1999-11-04,,RETROSPECTIVE_PRIMARY,
SZSE,000948,南天信息,1999-10-14,,RETROSPECTIVE_PRIMARY,
SZSE,000949,新乡化纤,1999-10-21,,RETROSPECTIVE_PRIMARY,
SZSE,000950,重药控股,1999-09-16,,RETROSPECTIVE_PRIMARY,
SZSE,000951,中国重汽,1999-11-25,,RETROSPECTIVE_PRIMARY,
SZSE,000952,广济药业,1999-11-12,,RETROSPECTIVE_PRIMARY,
SZSE,000953,中哲精化,1999-12-02,,RETROSPECTIVE_PRIMARY,
SZSE,000955,欣龙控股,1999-12-09,,RETROSPECTIVE_PRIMARY,
SZSE,000957,中通客车,2000-01-13,,RETROSPECTIVE_PRIMARY,
SZSE,000958,电投产融,1999-12-23,,RETROSPECTIVE_PRIMARY,
SZSE,000959,首钢股份,1999-12-16,,RETROSPECTIVE_PRIMARY,
SZSE,000960,锡业股份,2000-02-21,,RETROSPECTIVE_PRIMARY,
SZSE,000962,东方钽业,2000-01-20,,RETROSPECTIVE_PRIMARY,
SZSE,000963,华东医药,2000-01-27,,RETROSPECTIVE_PRIMARY,
SZSE,000965,天保基建,2000-04-06,,RETROSPECTIVE_PRIMARY,
SZSE,000966,长源电力,2000-03-16,,RETROSPECTIVE_PRIMARY,
SZSE,000967,盈峰环境,2000-03-30,,RETROSPECTIVE_PRIMARY,
SZSE,000968,蓝焰控股,2000-06-22,,RETROSPECTIVE_PRIMARY,
SZSE,000969,安泰科技,2000-05-29,,RETROSPECTIVE_PRIMARY,
SZSE,000970,中科三环,2000-04-20,,RETROSPECTIVE_PRIMARY,
SZSE,000972,中基健康,2000-09-26,,RETROSPECTIVE_PRIMARY,
SZSE,000973,佛塑科技,2000-05-25,,RETROSPECTIVE_PRIMARY,
SZSE,000975,山金国际,2000-06-08,,RETROSPECTIVE_PRIMARY,
SZSE,000977,浪潮信息,2000-06-08,,RETROSPECTIVE_PRIMARY,
SZSE,000978,桂林旅游,2000-05-18,,RETROSPECTIVE_PRIMARY,
SZSE,000980,众泰汽车,2000-06-16,,RETROSPECTIVE_PRIMARY,
SZSE,000981,山子高科,2000-06-22,,RETROSPECTIVE_PRIMARY,
SZSE,000983,山西焦煤,2000-07-26,,RETROSPECTIVE_PRIMARY,
SZSE,000985,大庆华科,2000-07-26,,RETROSPECTIVE_PRIMARY,
SZSE,000987,越秀资本,2000-07-18,,RETROSPECTIVE_PRIMARY,
SZSE,000988,华工科技,2000-06-08,,RETROSPECTIVE_PRIMARY,
SZSE,000989,九芝堂,2000-06-28,,RETROSPECTIVE_PRIMARY,
SZSE,000990,诚志股份,2000-07-06,,RETROSPECTIVE_PRIMARY,
SZSE,000993,闽东电力,2000-07-31,,RETROSPECTIVE_PRIMARY,
SZSE,000995,皇台酒业,2000-08-07,,RETROSPECTIVE_PRIMARY,
SZSE,000997,新 大 陆,2000-08-07,,RETROSPECTIVE_PRIMARY,
SZSE,000998,隆平高科,2000-12-11,,RETROSPECTIVE_PRIMARY,
SZSE,000999,华润三九,2000-03-09,,RETROSPECTIVE_PRIMARY,
SZSE,001201,东瑞股份,2021-04-28,,RETROSPECTIVE_PRIMARY,
SZSE,001202,炬申股份,2021-04-29,,RETROSPECTIVE_PRIMARY,
SZSE,001203,大中矿业,2021-05-10,,RETROSPECTIVE_PRIMARY,
SZSE,001205,盛航股份,2021-05-13,,RETROSPECTIVE_PRIMARY,
SZSE,001206,依依股份,2021-05-18,,RETROSPECTIVE_PRIMARY,
SZSE,001207,联科科技,2021-06-23,,RETROSPECTIVE_PRIMARY,
SZSE,001208,华菱线缆,2021-06-24,,RETROSPECTIVE_PRIMARY,
SZSE,001209,洪兴股份,2021-07-23,,RETROSPECTIVE_PRIMARY,
SZSE,001210,金房能源,2021-07-29,,RETROSPECTIVE_PRIMARY,
SZSE,001211,双枪科技,2021-08-05,,RETROSPECTIVE_PRIMARY,
SZSE,001212,中旗新材,2021-08-23,,RETROSPECTIVE_PRIMARY,
SZSE,001213,中铁特货,2021-09-08,,RETROSPECTIVE_PRIMARY,
SZSE,001215,千味央厨,2021-09-06,,RETROSPECTIVE_PRIMARY,
SZSE,001216,华瓷股份,2021-10-19,,RETROSPECTIVE_PRIMARY,
SZSE,001217,华尔泰,2021-09-29,,RETROSPECTIVE_PRIMARY,
SZSE,001218,丽臣实业,2021-10-15,,RETROSPECTIVE_PRIMARY,
SZSE,001219,青岛食品,2021-10-21,,RETROSPECTIVE_PRIMARY,
SZSE,001220,世盟股份,2026-02-03,,RETROSPECTIVE_PRIMARY,
SZSE,001221,悍高集团,2025-07-30,,RETROSPECTIVE_PRIMARY,
SZSE,001222,源飞宠物,2022-08-18,,RETROSPECTIVE_PRIMARY,
SZSE,001223,欧克科技,2022-12-12,,RETROSPECTIVE_PRIMARY,
SZSE,001225,和泰机电,2023-02-22,,RETROSPECTIVE_PRIMARY,
SZSE,001226,拓山重工,2022-06-22,,RETROSPECTIVE_PRIMARY,
SZSE,001227,兰州银行,2022-01-17,,RETROSPECTIVE_PRIMARY,
SZSE,001228,永泰运,2022-04-29,,RETROSPECTIVE_PRIMARY,
SZSE,001229,魅视科技,2022-08-08,,RETROSPECTIVE_PRIMARY,
SZSE,001230,劲旅环境,2022-07-15,,RETROSPECTIVE_PRIMARY,
SZSE,001231,农心科技,2022-08-19,,RETROSPECTIVE_PRIMARY,
SZSE,001233,海安集团,2025-11-25,,RETROSPECTIVE_PRIMARY,
SZSE,001234,泰慕士,2022-01-11,,RETROSPECTIVE_PRIMARY,
SZSE,001236,弘业期货,2022-08-05,,RETROSPECTIVE_PRIMARY,
SZSE,001237,惠康科技,2026-05-22,,RETROSPECTIVE_PRIMARY,
SZSE,001238,浙江正特,2022-09-19,,RETROSPECTIVE_PRIMARY,
SZSE,001239,永达股份,2023-12-12,,RETROSPECTIVE_PRIMARY,
SZSE,001248,华润新能源,2026-07-02,,RETROSPECTIVE_PRIMARY,
SZSE,001255,博菲电气,2022-09-30,,RETROSPECTIVE_PRIMARY,
SZSE,001256,炜冈科技,2022-12-05,,RETROSPECTIVE_PRIMARY,
SZSE,001257,盛龙股份,2026-03-31,,RETROSPECTIVE_PRIMARY,
SZSE,001258,立新能源,2022-07-27,,RETROSPECTIVE_PRIMARY,
SZSE,001259,利仁科技,2022-08-31,,RETROSPECTIVE_PRIMARY,
SZSE,001260,坤泰股份,2023-02-16,,RETROSPECTIVE_PRIMARY,
SZSE,001266,宏英智能,2022-02-28,,RETROSPECTIVE_PRIMARY,
SZSE,001267,汇绿生态,2021-11-17,,RETROSPECTIVE_PRIMARY,
SZSE,001268,联合精密,2022-06-30,,RETROSPECTIVE_PRIMARY,
SZSE,001269,欧晶科技,2022-09-30,,RETROSPECTIVE_PRIMARY,
SZSE,001270,铖昌科技,2022-06-06,,RETROSPECTIVE_PRIMARY,
SZSE,001277,速达股份,2024-09-03,,RETROSPECTIVE_PRIMARY,
SZSE,001278,一彬科技,2023-03-08,,RETROSPECTIVE_PRIMARY,
SZSE,001279,强邦新材,2024-10-11,,RETROSPECTIVE_PRIMARY,
SZSE,001280,中国铀业,2025-12-03,,RETROSPECTIVE_PRIMARY,
SZSE,001282,三联锻造,2023-05-24,,RETROSPECTIVE_PRIMARY,
SZSE,001283,豪鹏科技,2022-09-05,,RETROSPECTIVE_PRIMARY,
SZSE,001285,瑞立科密,2025-09-30,,RETROSPECTIVE_PRIMARY,
SZSE,001286,陕西能源,2023-04-10,,RETROSPECTIVE_PRIMARY,
SZSE,001287,中电港,2023-04-10,,RETROSPECTIVE_PRIMARY,
SZSE,001288,运机集团,2021-11-01,,RETROSPECTIVE_PRIMARY,
SZSE,001289,龙源电力,2022-01-24,,RETROSPECTIVE_PRIMARY,
SZSE,001296,长江材料,2021-12-24,,RETROSPECTIVE_PRIMARY,
SZSE,001298,好上好,2022-10-31,,RETROSPECTIVE_PRIMARY,
SZSE,001299,美能能源,2022-10-31,,RETROSPECTIVE_PRIMARY,
SZSE,001300,三柏硕,2022-10-19,,RETROSPECTIVE_PRIMARY,
SZSE,001301,尚太科技,2022-12-28,,RETROSPECTIVE_PRIMARY,
SZSE,001306,夏厦精密,2023-11-16,,RETROSPECTIVE_PRIMARY,
SZSE,001308,康冠科技,2022-03-18,,RETROSPECTIVE_PRIMARY,
SZSE,001309,德明利,2022-07-01,,RETROSPECTIVE_PRIMARY,
SZSE,001311,多利科技,2023-02-27,,RETROSPECTIVE_PRIMARY,
SZSE,001312,福恩股份,2026-04-21,,RETROSPECTIVE_PRIMARY,
SZSE,001313,粤海饲料,2022-02-16,,RETROSPECTIVE_PRIMARY,
SZSE,001314,亿道信息,2023-02-14,,RETROSPECTIVE_PRIMARY,
SZSE,001316,润贝航科,2022-06-24,,RETROSPECTIVE_PRIMARY,
SZSE,001317,三羊马,2021-11-30,,RETROSPECTIVE_PRIMARY,
SZSE,001318,阳光乳业,2022-05-20,,RETROSPECTIVE_PRIMARY,
SZSE,001319,铭科精技,2022-05-12,,RETROSPECTIVE_PRIMARY,
SZSE,001322,箭牌家居,2022-10-26,,RETROSPECTIVE_PRIMARY,
SZSE,001323,慕思股份,2022-06-23,,RETROSPECTIVE_PRIMARY,
SZSE,001324,长青科技,2023-05-22,,RETROSPECTIVE_PRIMARY,
SZSE,001325,元创股份,2025-12-18,,RETROSPECTIVE_PRIMARY,
SZSE,001326,联域股份,2023-11-09,,RETROSPECTIVE_PRIMARY,
SZSE,001328,登康口腔,2023-04-10,,RETROSPECTIVE_PRIMARY,
SZSE,001330,博纳影业,2022-08-18,,RETROSPECTIVE_PRIMARY,
SZSE,001331,胜通能源,2022-09-08,,RETROSPECTIVE_PRIMARY,
SZSE,001332,锡装股份,2022-09-20,,RETROSPECTIVE_PRIMARY,
SZSE,001333,光华股份,2022-12-08,,RETROSPECTIVE_PRIMARY,
SZSE,001335,信凯科技,2025-04-15,,RETROSPECTIVE_PRIMARY,
SZSE,001336,楚环科技,2022-07-25,,RETROSPECTIVE_PRIMARY,
SZSE,001337,四川黄金,2023-03-03,,RETROSPECTIVE_PRIMARY,
SZSE,001338,永顺泰,2022-11-16,,RETROSPECTIVE_PRIMARY,
SZSE,001339,智微智能,2022-08-15,,RETROSPECTIVE_PRIMARY,
SZSE,001356,富岭股份,2025-01-23,,RETROSPECTIVE_PRIMARY,
SZSE,001358,兴欣新材,2023-12-21,,RETROSPECTIVE_PRIMARY,
SZSE,001359,平安电工,2024-03-28,,RETROSPECTIVE_PRIMARY,
SZSE,001360,南矿集团,2023-04-10,,RETROSPECTIVE_PRIMARY,
SZSE,001365,天海电子,2026-05-18,,RETROSPECTIVE_PRIMARY,
SZSE,001366,播恩集团,2023-03-07,,RETROSPECTIVE_PRIMARY,
SZSE,001367,海森药业,2023-04-10,,RETROSPECTIVE_PRIMARY,
SZSE,001368,通达创智,2023-03-13,,RETROSPECTIVE_PRIMARY,
SZSE,001369,双欣材料,2025-12-30,,RETROSPECTIVE_PRIMARY,
SZSE,001373,翔腾新材,2023-06-01,,RETROSPECTIVE_PRIMARY,
SZSE,001376,百通能源,2023-11-03,,RETROSPECTIVE_PRIMARY,
SZSE,001378,德冠新材,2023-10-30,,RETROSPECTIVE_PRIMARY,
SZSE,001379,腾达科技,2024-01-19,,RETROSPECTIVE_PRIMARY,
SZSE,001380,华纬科技,2023-05-16,,RETROSPECTIVE_PRIMARY,
SZSE,001382,新亚电缆,2025-03-21,,RETROSPECTIVE_PRIMARY,
SZSE,001386,马可波罗,2025-10-22,,RETROSPECTIVE_PRIMARY,
SZSE,001387,雪祺电气,2024-01-11,,RETROSPECTIVE_PRIMARY,
SZSE,001388,信通电子,2025-07-01,,RETROSPECTIVE_PRIMARY,
SZSE,001389,广合科技,2024-04-02,,RETROSPECTIVE_PRIMARY,
SZSE,001390,古麒绒材,2025-05-29,,RETROSPECTIVE_PRIMARY,
SZSE,001391,国货航,2024-12-30,,RETROSPECTIVE_PRIMARY,
SZSE,001393,维通利,2026-05-15,,RETROSPECTIVE_PRIMARY,
SZSE,001395,亚联机械,2025-01-27,,RETROSPECTIVE_PRIMARY,
SZSE,001396,誉帆科技,2025-12-30,,RETROSPECTIVE_PRIMARY,
SZSE,001399,惠科股份,2026-06-26,,RETROSPECTIVE_PRIMARY,
SZSE,001400,江顺科技,2025-04-24,,RETROSPECTIVE_PRIMARY,
SZSE,001696,宗申动力,1997-03-06,,RETROSPECTIVE_PRIMARY,
SZSE,001872,招商港口,1993-05-05,,RETROSPECTIVE_PRIMARY,
SZSE,001896,豫能控股,1998-01-22,,RETROSPECTIVE_PRIMARY,
SZSE,001914,招商积余,1994-09-28,,RETROSPECTIVE_PRIMARY,
SZSE,001965,招商公路,2017-12-25,,RETROSPECTIVE_PRIMARY,
SZSE,001979,招商蛇口,2015-12-30,,RETROSPECTIVE_PRIMARY,
SZSE,002001,新 和 成,2004-06-25,,RETROSPECTIVE_PRIMARY,
SZSE,002003,伟星股份,2004-06-25,,RETROSPECTIVE_PRIMARY,
SZSE,002004,华邦健康,2004-06-25,,RETROSPECTIVE_PRIMARY,
SZSE,002005,德豪润达,2004-06-25,,RETROSPECTIVE_PRIMARY,
SZSE,002006,精工科技,2004-06-25,,RETROSPECTIVE_PRIMARY,
SZSE,002007,华兰生物,2004-06-25,,RETROSPECTIVE_PRIMARY,
SZSE,002008,大族激光,2004-06-25,,RETROSPECTIVE_PRIMARY,
SZSE,002009,天奇股份,2004-06-29,,RETROSPECTIVE_PRIMARY,
SZSE,002010,传化智联,2004-06-29,,RETROSPECTIVE_PRIMARY,
SZSE,002011,盾安环境,2004-07-05,,RETROSPECTIVE_PRIMARY,
SZSE,002012,凯恩股份,2004-07-05,,RETROSPECTIVE_PRIMARY,
SZSE,002014,永新股份,2004-07-08,,RETROSPECTIVE_PRIMARY,
SZSE,002015,协鑫能科,2004-07-08,,RETROSPECTIVE_PRIMARY,
SZSE,002016,世荣兆业,2004-07-08,,RETROSPECTIVE_PRIMARY,
SZSE,002017,东信和平,2004-07-13,,RETROSPECTIVE_PRIMARY,
SZSE,002019,亿帆医药,2004-07-13,,RETROSPECTIVE_PRIMARY,
SZSE,002020,京新药业,2004-07-15,,RETROSPECTIVE_PRIMARY,
SZSE,002021,中捷资源,2004-07-15,,RETROSPECTIVE_PRIMARY,
SZSE,002022,科华生物,2004-07-21,,RETROSPECTIVE_PRIMARY,
SZSE,002023,海特高新,2004-07-21,,RETROSPECTIVE_PRIMARY,
SZSE,002024,ST易购,2004-07-21,,RETROSPECTIVE_PRIMARY,
SZSE,002025,航天电器,2004-07-26,,RETROSPECTIVE_PRIMARY,
SZSE,002026,山东威达,2004-07-27,,RETROSPECTIVE_PRIMARY,
SZSE,002027,分众传媒,2004-08-04,,RETROSPECTIVE_PRIMARY,
SZSE,002028,思源电气,2004-08-05,,RETROSPECTIVE_PRIMARY,
SZSE,002029,七 匹 狼,2004-08-06,,RETROSPECTIVE_PRIMARY,
SZSE,002030,达安基因,2004-08-09,,RETROSPECTIVE_PRIMARY,
SZSE,002031,巨轮智能,2004-08-16,,RETROSPECTIVE_PRIMARY,
SZSE,002032,苏 泊 尔,2004-08-17,,RETROSPECTIVE_PRIMARY,
SZSE,002033,丽江股份,2004-08-25,,RETROSPECTIVE_PRIMARY,
SZSE,002034,旺能环境,2004-08-26,,RETROSPECTIVE_PRIMARY,
SZSE,002035,华帝股份,2004-09-01,,RETROSPECTIVE_PRIMARY,
SZSE,002036,联创电子,2004-09-03,,RETROSPECTIVE_PRIMARY,
SZSE,002037,保利联合,2004-09-08,,RETROSPECTIVE_PRIMARY,
SZSE,002038,双鹭药业,2004-09-09,,RETROSPECTIVE_PRIMARY,
SZSE,002039,黔源电力,2005-03-03,,RETROSPECTIVE_PRIMARY,
SZSE,002040,南 京 港,2005-03-25,,RETROSPECTIVE_PRIMARY,
SZSE,002041,登海种业,2005-04-18,,RETROSPECTIVE_PRIMARY,
SZSE,002042,华孚时尚,2005-04-27,,RETROSPECTIVE_PRIMARY,
SZSE,002043,兔 宝 宝,2005-05-10,,RETROSPECTIVE_PRIMARY,
SZSE,002044,美年健康,2005-05-18,,RETROSPECTIVE_PRIMARY,
SZSE,002045,国光电器,2005-05-23,,RETROSPECTIVE_PRIMARY,
SZSE,002046,国机精工,2005-05-26,,RETROSPECTIVE_PRIMARY,
SZSE,002047,宝鹰股份,2005-05-31,,RETROSPECTIVE_PRIMARY,
SZSE,002048,宁波华翔,2005-06-03,,RETROSPECTIVE_PRIMARY,
SZSE,002049,紫光国微,2005-06-06,,RETROSPECTIVE_PRIMARY,
SZSE,002050,三花智控,2005-06-07,,RETROSPECTIVE_PRIMARY,
SZSE,002051,中工国际,2006-06-19,,RETROSPECTIVE_PRIMARY,
SZSE,002052,同洲电子,2006-06-27,,RETROSPECTIVE_PRIMARY,
SZSE,002053,云南能投,2006-06-27,,RETROSPECTIVE_PRIMARY,
SZSE,002054,德美化工,2006-07-25,,RETROSPECTIVE_PRIMARY,
SZSE,002055,ST得润,2006-07-25,,RETROSPECTIVE_PRIMARY,
SZSE,002056,横店东磁,2006-08-02,,RETROSPECTIVE_PRIMARY,
SZSE,002057,中钢天源,2006-08-02,,RETROSPECTIVE_PRIMARY,
SZSE,002058,威尔泰,2006-08-02,,RETROSPECTIVE_PRIMARY,
SZSE,002059,云南旅游,2006-08-10,,RETROSPECTIVE_PRIMARY,
SZSE,002060,广东建工,2006-08-10,,RETROSPECTIVE_PRIMARY,
SZSE,002061,浙江交科,2006-08-16,,RETROSPECTIVE_PRIMARY,
SZSE,002062,宏润建设,2006-08-16,,RETROSPECTIVE_PRIMARY,
SZSE,002063,远光软件,2006-08-23,,RETROSPECTIVE_PRIMARY,
SZSE,002064,华峰化学,2006-08-23,,RETROSPECTIVE_PRIMARY,
SZSE,002065,东华软件,2006-08-23,,RETROSPECTIVE_PRIMARY,
SZSE,002066,瑞泰科技,2006-08-23,,RETROSPECTIVE_PRIMARY,
SZSE,002067,景兴纸业,2006-09-15,,RETROSPECTIVE_PRIMARY,
SZSE,002068,黑猫股份,2006-09-15,,RETROSPECTIVE_PRIMARY,
SZSE,002069,獐子岛,2006-09-28,,RETROSPECTIVE_PRIMARY,
SZSE,002072,凯瑞德,2006-10-18,,RETROSPECTIVE_PRIMARY,
SZSE,002073,软控股份,2006-10-18,,RETROSPECTIVE_PRIMARY,
SZSE,002074,国轩高科,2006-10-18,,RETROSPECTIVE_PRIMARY,
SZSE,002075,沙钢股份,2006-10-25,,RETROSPECTIVE_PRIMARY,
SZSE,002076,星光股份,2006-10-25,,RETROSPECTIVE_PRIMARY,
SZSE,002077,大港股份,2006-11-16,,RETROSPECTIVE_PRIMARY,
SZSE,002078,太阳纸业,2006-11-16,,RETROSPECTIVE_PRIMARY,
SZSE,002079,苏州固锝,2006-11-16,,RETROSPECTIVE_PRIMARY,
SZSE,002080,中材科技,2006-11-20,,RETROSPECTIVE_PRIMARY,
SZSE,002081,金 螳 螂,2006-11-20,,RETROSPECTIVE_PRIMARY,
SZSE,002082,ST万邦,2006-11-20,,RETROSPECTIVE_PRIMARY,
SZSE,002083,孚日股份,2006-11-24,,RETROSPECTIVE_PRIMARY,
SZSE,002084,海鸥住工,2006-11-24,,RETROSPECTIVE_PRIMARY,
SZSE,002085,万丰奥威,2006-11-28,,RETROSPECTIVE_PRIMARY,
SZSE,002086,东方海洋,2006-11-28,,RETROSPECTIVE_PRIMARY,
SZSE,002088,鲁阳节能,2006-11-30,,RETROSPECTIVE_PRIMARY,
SZSE,002090,金智科技,2006-12-08,,RETROSPECTIVE_PRIMARY,
SZSE,002091,江苏国泰,2006-12-08,,RETROSPECTIVE_PRIMARY,
SZSE,002092,中泰化学,2006-12-08,,RETROSPECTIVE_PRIMARY,
SZSE,002093,国脉科技,2006-12-15,,RETROSPECTIVE_PRIMARY,
SZSE,002094,青岛金王,2006-12-15,,RETROSPECTIVE_PRIMARY,
SZSE,002095,生 意 宝,2006-12-15,,RETROSPECTIVE_PRIMARY,
SZSE,002096,易普力,2006-12-22,,RETROSPECTIVE_PRIMARY,
SZSE,002097,山河智能,2006-12-22,,RETROSPECTIVE_PRIMARY,
SZSE,002098,浔兴股份,2006-12-22,,RETROSPECTIVE_PRIMARY,
SZSE,002099,海翔药业,2006-12-26,,RETROSPECTIVE_PRIMARY,
SZSE,002100,天康生物,2006-12-26,,RETROSPECTIVE_PRIMARY,
SZSE,002101,广东鸿图,2006-12-29,,RETROSPECTIVE_PRIMARY,
SZSE,002102,ST能特,2006-12-29,,RETROSPECTIVE_PRIMARY,
SZSE,002103,广博股份,2007-01-10,,RETROSPECTIVE_PRIMARY,
SZSE,002104,恒宝股份,2007-01-10,,RETROSPECTIVE_PRIMARY,
SZSE,002105,信隆健康,2007-01-12,,RETROSPECTIVE_PRIMARY,
SZSE,002106,莱宝高科,2007-01-12,,RETROSPECTIVE_PRIMARY,
SZSE,002107,沃华医药,2007-01-24,,RETROSPECTIVE_PRIMARY,
SZSE,002108,沧州明珠,2007-01-24,,RETROSPECTIVE_PRIMARY,
SZSE,002109,ST兴化,2007-01-26,,RETROSPECTIVE_PRIMARY,
SZSE,002110,三钢闽光,2007-01-26,,RETROSPECTIVE_PRIMARY,
SZSE,002111,威海广泰,2007-01-26,,RETROSPECTIVE_PRIMARY,
SZSE,002112,三变科技,2007-02-08,,RETROSPECTIVE_PRIMARY,
SZSE,002114,罗平锌电,2007-02-15,,RETROSPECTIVE_PRIMARY,
SZSE,002115,三维通信,2007-02-15,,RETROSPECTIVE_PRIMARY,
SZSE,002116,中国海诚,2007-02-15,,RETROSPECTIVE_PRIMARY,
SZSE,002117,东港股份,2007-03-02,,RETROSPECTIVE_PRIMARY,
SZSE,002119,康强电子,2007-03-02,,RETROSPECTIVE_PRIMARY,
SZSE,002120,韵达股份,2007-03-06,,RETROSPECTIVE_PRIMARY,
SZSE,002121,科陆电子,2007-03-06,,RETROSPECTIVE_PRIMARY,
SZSE,002122,ST汇洲,2007-03-28,,RETROSPECTIVE_PRIMARY,
SZSE,002123,梦网科技,2007-03-28,,RETROSPECTIVE_PRIMARY,
SZSE,002124,天邦食品,2007-04-03,,RETROSPECTIVE_PRIMARY,
SZSE,002125,湘潭电化,2007-04-03,,RETROSPECTIVE_PRIMARY,
SZSE,002126,银轮股份,2007-04-18,,RETROSPECTIVE_PRIMARY,
SZSE,002127,南极电商,2007-04-18,,RETROSPECTIVE_PRIMARY,
SZSE,002128,电投能源,2007-04-18,,RETROSPECTIVE_PRIMARY,
SZSE,002129,TCL中环,2007-04-20,,RETROSPECTIVE_PRIMARY,
SZSE,002130,沃尔核材,2007-04-20,,RETROSPECTIVE_PRIMARY,
SZSE,002131,利欧股份,2007-04-27,,RETROSPECTIVE_PRIMARY,
SZSE,002132,恒星科技,2007-04-27,,RETROSPECTIVE_PRIMARY,
SZSE,002133,广宇集团,2007-04-27,,RETROSPECTIVE_PRIMARY,
SZSE,002134,天津普林,2007-05-16,,RETROSPECTIVE_PRIMARY,
SZSE,002135,东南网架,2007-05-30,,RETROSPECTIVE_PRIMARY,
SZSE,002136,安 纳 达,2007-05-30,,RETROSPECTIVE_PRIMARY,
SZSE,002137,实益达,2007-06-13,,RETROSPECTIVE_PRIMARY,
SZSE,002138,顺络电子,2007-06-13,,RETROSPECTIVE_PRIMARY,
SZSE,002139,拓邦股份,2007-06-29,,RETROSPECTIVE_PRIMARY,
SZSE,002140,东华科技,2007-07-12,,RETROSPECTIVE_PRIMARY,
SZSE,002141,贤丰控股,2007-07-20,,RETROSPECTIVE_PRIMARY,
SZSE,002142,宁波银行,2007-07-19,,RETROSPECTIVE_PRIMARY,
SZSE,002144,宏达高科,2007-08-03,,RETROSPECTIVE_PRIMARY,
SZSE,002145,钛能化学,2007-08-03,,RETROSPECTIVE_PRIMARY,
SZSE,002146,荣盛发展,2007-08-08,,RETROSPECTIVE_PRIMARY,
SZSE,002148,北纬科技,2007-08-10,,RETROSPECTIVE_PRIMARY,
SZSE,002149,西部材料,2007-08-10,,RETROSPECTIVE_PRIMARY,
SZSE,002150,正泰电源,2007-08-10,,RETROSPECTIVE_PRIMARY,
SZSE,002151,北斗星通,2007-08-13,,RETROSPECTIVE_PRIMARY,
SZSE,002152,广电运通,2007-08-13,,RETROSPECTIVE_PRIMARY,
SZSE,002153,石基信息,2007-08-13,,RETROSPECTIVE_PRIMARY,
SZSE,002154,报 喜 鸟,2007-08-16,,RETROSPECTIVE_PRIMARY,
SZSE,002155,湖南黄金,2007-08-16,,RETROSPECTIVE_PRIMARY,
SZSE,002156,通富微电,2007-08-16,,RETROSPECTIVE_PRIMARY,
SZSE,002157,正邦科技,2007-08-17,,RETROSPECTIVE_PRIMARY,
SZSE,002158,汉钟精机,2007-08-17,,RETROSPECTIVE_PRIMARY,
SZSE,002159,三特索道,2007-08-17,,RETROSPECTIVE_PRIMARY,
SZSE,002160,常铝股份,2007-08-21,,RETROSPECTIVE_PRIMARY,
SZSE,002161,远 望 谷,2007-08-21,,RETROSPECTIVE_PRIMARY,
SZSE,002162,悦心健康,2007-08-23,,RETROSPECTIVE_PRIMARY,
SZSE,002163,海南发展,2007-08-23,,RETROSPECTIVE_PRIMARY,
SZSE,002164,宁波东力,2007-08-23,,RETROSPECTIVE_PRIMARY,
SZSE,002165,红 宝 丽,2007-09-13,,RETROSPECTIVE_PRIMARY,
SZSE,002166,莱茵生物,2007-09-13,,RETROSPECTIVE_PRIMARY,
SZSE,002167,东方锆业,2007-09-13,,RETROSPECTIVE_PRIMARY,
SZSE,002168,ST惠程,2007-09-19,,RETROSPECTIVE_PRIMARY,
SZSE,002169,智光电气,2007-09-19,,RETROSPECTIVE_PRIMARY,
SZSE,002170,芭田股份,2007-09-19,,RETROSPECTIVE_PRIMARY,
SZSE,002171,楚江新材,2007-09-21,,RETROSPECTIVE_PRIMARY,
SZSE,002172,澳洋健康,2007-09-21,,RETROSPECTIVE_PRIMARY,
SZSE,002173,创新医疗,2007-09-25,,RETROSPECTIVE_PRIMARY,
SZSE,002174,游族网络,2007-09-25,,RETROSPECTIVE_PRIMARY,
SZSE,002175,*ST东智,2007-10-12,,RETROSPECTIVE_PRIMARY,
SZSE,002176,江特电机,2007-10-12,,RETROSPECTIVE_PRIMARY,
SZSE,002177,御银股份,2007-11-01,,RETROSPECTIVE_PRIMARY,
SZSE,002178,延华智能,2007-11-01,,RETROSPECTIVE_PRIMARY,
SZSE,002179,中航光电,2007-11-01,,RETROSPECTIVE_PRIMARY,
SZSE,002180,奔图科技,2007-11-13,,RETROSPECTIVE_PRIMARY,
SZSE,002181,粤 传 媒,2007-11-16,,RETROSPECTIVE_PRIMARY,
SZSE,002182,宝武镁业,2007-11-13,,RETROSPECTIVE_PRIMARY,
SZSE,002183,怡 亚 通,2007-11-13,,RETROSPECTIVE_PRIMARY,
SZSE,002184,海得控制,2007-11-16,,RETROSPECTIVE_PRIMARY,
SZSE,002185,华天科技,2007-11-20,,RETROSPECTIVE_PRIMARY,
SZSE,002186,全 聚 德,2007-11-20,,RETROSPECTIVE_PRIMARY,
SZSE,002187,广百股份,2007-11-22,,RETROSPECTIVE_PRIMARY,
SZSE,002188,中天服务,2007-11-22,,RETROSPECTIVE_PRIMARY,
SZSE,002189,中光学,2007-12-03,,RETROSPECTIVE_PRIMARY,
SZSE,002190,成飞集成,2007-12-03,,RETROSPECTIVE_PRIMARY,
SZSE,002191,劲嘉股份,2007-12-05,,RETROSPECTIVE_PRIMARY,
SZSE,002192,融捷股份,2007-12-05,,RETROSPECTIVE_PRIMARY,
SZSE,002193,ST如意,2007-12-07,,RETROSPECTIVE_PRIMARY,
SZSE,002194,武汉凡谷,2007-12-07,,RETROSPECTIVE_PRIMARY,
SZSE,002195,岩山科技,2007-12-12,,RETROSPECTIVE_PRIMARY,
SZSE,002196,方正电机,2007-12-12,,RETROSPECTIVE_PRIMARY,
SZSE,002197,证通电子,2007-12-18,,RETROSPECTIVE_PRIMARY,
SZSE,002198,ST嘉应,2007-12-18,,RETROSPECTIVE_PRIMARY,
SZSE,002199,东晶电子,2007-12-21,,RETROSPECTIVE_PRIMARY,
SZSE,002200,交投生态,2007-12-21,,RETROSPECTIVE_PRIMARY,
SZSE,002201,九鼎新材,2007-12-26,,RETROSPECTIVE_PRIMARY,
SZSE,002202,金风科技,2007-12-26,,RETROSPECTIVE_PRIMARY,
SZSE,002203,海亮股份,2008-01-16,,RETROSPECTIVE_PRIMARY,
SZSE,002204,大连重工,2008-01-16,,RETROSPECTIVE_PRIMARY,
SZSE,002205,国统股份,2008-01-23,,RETROSPECTIVE_PRIMARY,
SZSE,002206,海 利 得,2008-01-23,,RETROSPECTIVE_PRIMARY,
SZSE,002207,*ST准油,2008-01-28,,RETROSPECTIVE_PRIMARY,
SZSE,002208,合肥城建,2008-01-28,,RETROSPECTIVE_PRIMARY,
SZSE,002209,达 意 隆,2008-01-30,,RETROSPECTIVE_PRIMARY,
SZSE,002210,飞马国际,2008-01-30,,RETROSPECTIVE_PRIMARY,
SZSE,002211,ST宏达,2008-02-01,,RETROSPECTIVE_PRIMARY,
SZSE,002212,天融信,2008-02-01,,RETROSPECTIVE_PRIMARY,
SZSE,002213,大为股份,2008-02-01,,RETROSPECTIVE_PRIMARY,
SZSE,002214,*ST大立,2008-02-18,,RETROSPECTIVE_PRIMARY,
SZSE,002215,诺 普 信,2008-02-18,,RETROSPECTIVE_PRIMARY,
SZSE,002216,三全食品,2008-02-20,,RETROSPECTIVE_PRIMARY,
SZSE,002217,ST合力泰,2008-02-20,,RETROSPECTIVE_PRIMARY,
SZSE,002218,拓日新能,2008-02-28,,RETROSPECTIVE_PRIMARY,
SZSE,002219,新里程,2008-03-06,,RETROSPECTIVE_PRIMARY,
SZSE,002221,东华能源,2008-03-06,,RETROSPECTIVE_PRIMARY,
SZSE,002222,福晶科技,2008-03-19,,RETROSPECTIVE_PRIMARY,
SZSE,002223,鱼跃医疗,2008-04-18,,RETROSPECTIVE_PRIMARY,
SZSE,002224,三 力 士,2008-04-25,,RETROSPECTIVE_PRIMARY,
SZSE,002225,濮耐股份,2008-04-25,,RETROSPECTIVE_PRIMARY,
SZSE,002226,江南化工,2008-05-06,,RETROSPECTIVE_PRIMARY,
SZSE,002227,*ST特迅,2008-05-06,,RETROSPECTIVE_PRIMARY,
SZSE,002228,合兴包装,2008-05-08,,RETROSPECTIVE_PRIMARY,
SZSE,002229,鸿博股份,2008-05-08,,RETROSPECTIVE_PRIMARY,
SZSE,002230,科大讯飞,2008-05-12,,RETROSPECTIVE_PRIMARY,
SZSE,002232,启明信息,2008-05-09,,RETROSPECTIVE_PRIMARY,
SZSE,002233,塔牌集团,2008-05-16,,RETROSPECTIVE_PRIMARY,
SZSE,002234,民和股份,2008-05-16,,RETROSPECTIVE_PRIMARY,
SZSE,002235,安妮股份,2008-05-16,,RETROSPECTIVE_PRIMARY,
SZSE,002236,大华股份,2008-05-20,,RETROSPECTIVE_PRIMARY,
SZSE,002237,恒邦股份,2008-05-20,,RETROSPECTIVE_PRIMARY,
SZSE,002238,天威视讯,2008-05-26,,RETROSPECTIVE_PRIMARY,
SZSE,002239,奥特佳,2008-05-22,,RETROSPECTIVE_PRIMARY,
SZSE,002240,盛新锂能,2008-05-23,,RETROSPECTIVE_PRIMARY,
SZSE,002241,歌尔股份,2008-05-22,,RETROSPECTIVE_PRIMARY,
SZSE,002242,九阳股份,2008-05-28,,RETROSPECTIVE_PRIMARY,
SZSE,002243,力合科创,2008-05-28,,RETROSPECTIVE_PRIMARY,
SZSE,002244,滨江集团,2008-05-29,,RETROSPECTIVE_PRIMARY,
SZSE,002245,蔚蓝锂芯,2008-06-05,,RETROSPECTIVE_PRIMARY,
SZSE,002246,北化股份,2008-06-05,,RETROSPECTIVE_PRIMARY,
SZSE,002247,聚力文化,2008-06-12,,RETROSPECTIVE_PRIMARY,
SZSE,002248,华东数控,2008-06-12,,RETROSPECTIVE_PRIMARY,
SZSE,002249,大洋电机,2008-06-19,,RETROSPECTIVE_PRIMARY,
SZSE,002250,联化科技,2008-06-19,,RETROSPECTIVE_PRIMARY,
SZSE,002251,步步高,2008-06-19,,RETROSPECTIVE_PRIMARY,
SZSE,002252,上海莱士,2008-06-23,,RETROSPECTIVE_PRIMARY,
SZSE,002253,川大智胜,2008-06-23,,RETROSPECTIVE_PRIMARY,
SZSE,002254,泰和新材,2008-06-25,,RETROSPECTIVE_PRIMARY,
SZSE,002255,海陆重工,2008-06-25,,RETROSPECTIVE_PRIMARY,
SZSE,002256,兆新股份,2008-06-25,,RETROSPECTIVE_PRIMARY,
SZSE,002258,利尔化学,2008-07-08,,RETROSPECTIVE_PRIMARY,
SZSE,002259,升达林业,2008-07-16,,RETROSPECTIVE_PRIMARY,
SZSE,002261,拓维信息,2008-07-23,,RETROSPECTIVE_PRIMARY,
SZSE,002262,恩华药业,2008-07-23,,RETROSPECTIVE_PRIMARY,
SZSE,002263,大东南,2008-07-28,,RETROSPECTIVE_PRIMARY,
SZSE,002264,新 华 都,2008-07-31,,RETROSPECTIVE_PRIMARY,
SZSE,002265,建设工业,2008-08-06,,RETROSPECTIVE_PRIMARY,
SZSE,002266,浙富控股,2008-08-06,,RETROSPECTIVE_PRIMARY,
SZSE,002267,陕天然气,2008-08-13,,RETROSPECTIVE_PRIMARY,
SZSE,002268,电科网安,2008-08-11,,RETROSPECTIVE_PRIMARY,
SZSE,002269,美邦服饰,2008-08-28,,RETROSPECTIVE_PRIMARY,
SZSE,002270,华明装备,2008-09-05,,RETROSPECTIVE_PRIMARY,
SZSE,002271,东方雨虹,2008-09-10,,RETROSPECTIVE_PRIMARY,
SZSE,002272,川润股份,2008-09-19,,RETROSPECTIVE_PRIMARY,
SZSE,002273,水晶光电,2008-09-19,,RETROSPECTIVE_PRIMARY,
SZSE,002274,华昌化工,2008-09-25,,RETROSPECTIVE_PRIMARY,
SZSE,002275,桂林三金,2009-07-10,,RETROSPECTIVE_PRIMARY,
SZSE,002276,万马股份,2009-07-10,,RETROSPECTIVE_PRIMARY,
SZSE,002277,友阿股份,2009-07-17,,RETROSPECTIVE_PRIMARY,
SZSE,002278,神开股份,2009-08-11,,RETROSPECTIVE_PRIMARY,
SZSE,002279,久其软件,2009-08-11,,RETROSPECTIVE_PRIMARY,
SZSE,002281,光迅科技,2009-08-21,,RETROSPECTIVE_PRIMARY,
SZSE,002282,博深股份,2009-08-21,,RETROSPECTIVE_PRIMARY,
SZSE,002283,天润工业,2009-08-21,,RETROSPECTIVE_PRIMARY,
SZSE,002284,亚太股份,2009-08-28,,RETROSPECTIVE_PRIMARY,
SZSE,002285,世联行,2009-08-28,,RETROSPECTIVE_PRIMARY,
SZSE,002286,保龄宝,2009-08-28,,RETROSPECTIVE_PRIMARY,
SZSE,002287,奇正藏药,2009-08-28,,RETROSPECTIVE_PRIMARY,
SZSE,002289,宇顺电子,2009-09-03,,RETROSPECTIVE_PRIMARY,
SZSE,002290,禾盛新材,2009-09-03,,RETROSPECTIVE_PRIMARY,
SZSE,002291,遥望科技,2009-09-03,,RETROSPECTIVE_PRIMARY,
SZSE,002292,奥飞娱乐,2009-09-10,,RETROSPECTIVE_PRIMARY,
SZSE,002293,罗莱生活,2009-09-10,,RETROSPECTIVE_PRIMARY,
SZSE,002294,信立泰,2009-09-10,,RETROSPECTIVE_PRIMARY,
SZSE,002295,精艺股份,2009-09-29,,RETROSPECTIVE_PRIMARY,
SZSE,002296,辉煌科技,2009-09-29,,RETROSPECTIVE_PRIMARY,
SZSE,002297,博云新材,2009-09-29,,RETROSPECTIVE_PRIMARY,
SZSE,002298,中电鑫龙,2009-09-29,,RETROSPECTIVE_PRIMARY,
SZSE,002299,圣农发展,2009-10-21,,RETROSPECTIVE_PRIMARY,
SZSE,002300,太阳电缆,2009-10-21,,RETROSPECTIVE_PRIMARY,
SZSE,002301,齐心集团,2009-10-21,,RETROSPECTIVE_PRIMARY,
SZSE,002302,西部建设,2009-11-03,,RETROSPECTIVE_PRIMARY,
SZSE,002303,美盈森,2009-11-03,,RETROSPECTIVE_PRIMARY,
SZSE,002304,洋河股份,2009-11-06,,RETROSPECTIVE_PRIMARY,
SZSE,002305,*ST南置,2009-11-06,,RETROSPECTIVE_PRIMARY,
SZSE,002306,ST云网,2009-11-11,,RETROSPECTIVE_PRIMARY,
SZSE,002307,北新路桥,2009-11-11,,RETROSPECTIVE_PRIMARY,
SZSE,002309,中利集团,2009-11-27,,RETROSPECTIVE_PRIMARY,
SZSE,002310,东方新能,2009-11-27,,RETROSPECTIVE_PRIMARY,
SZSE,002311,海大集团,2009-11-27,,RETROSPECTIVE_PRIMARY,
SZSE,002312,川发龙蟒,2009-12-03,,RETROSPECTIVE_PRIMARY,
SZSE,002313,日海智能,2009-12-03,,RETROSPECTIVE_PRIMARY,
SZSE,002314,南山控股,2009-12-03,,RETROSPECTIVE_PRIMARY,
SZSE,002315,焦点科技,2009-12-09,,RETROSPECTIVE_PRIMARY,
SZSE,002316,亚联发展,2009-12-09,,RETROSPECTIVE_PRIMARY,
SZSE,002317,众生药业,2009-12-11,,RETROSPECTIVE_PRIMARY,
SZSE,002318,久立特材,2009-12-11,,RETROSPECTIVE_PRIMARY,
SZSE,002319,乐通股份,2009-12-11,,RETROSPECTIVE_PRIMARY,
SZSE,002320,海峡股份,2009-12-16,,RETROSPECTIVE_PRIMARY,
SZSE,002321,华英农业,2009-12-16,,RETROSPECTIVE_PRIMARY,
SZSE,002322,理工能科,2009-12-18,,RETROSPECTIVE_PRIMARY,
SZSE,002323,*ST雅博,2009-12-18,,RETROSPECTIVE_PRIMARY,
SZSE,002324,普利特,2009-12-18,,RETROSPECTIVE_PRIMARY,
SZSE,002326,永太科技,2009-12-22,,RETROSPECTIVE_PRIMARY,
SZSE,002327,富安娜,2009-12-30,,RETROSPECTIVE_PRIMARY,
SZSE,002328,新朋股份,2009-12-30,,RETROSPECTIVE_PRIMARY,
SZSE,002329,皇氏集团,2010-01-06,,RETROSPECTIVE_PRIMARY,
SZSE,002330,得利斯,2010-01-06,,RETROSPECTIVE_PRIMARY,
SZSE,002331,皖通科技,2010-01-06,,RETROSPECTIVE_PRIMARY,
SZSE,002332,仙琚制药,2010-01-12,,RETROSPECTIVE_PRIMARY,
SZSE,002333,罗普斯金,2010-01-12,,RETROSPECTIVE_PRIMARY,
SZSE,002334,英威腾,2010-01-13,,RETROSPECTIVE_PRIMARY,
SZSE,002335,科华数据,2010-01-13,,RETROSPECTIVE_PRIMARY,
SZSE,002337,赛象科技,2010-01-15,,RETROSPECTIVE_PRIMARY,
SZSE,002338,奥普光电,2010-01-15,,RETROSPECTIVE_PRIMARY,
SZSE,002339,积成电子,2010-01-22,,RETROSPECTIVE_PRIMARY,
SZSE,002340,格林美,2010-01-22,,RETROSPECTIVE_PRIMARY,
SZSE,002342,巨力索具,2010-01-26,,RETROSPECTIVE_PRIMARY,
SZSE,002343,慈文传媒,2010-01-26,,RETROSPECTIVE_PRIMARY,
SZSE,002344,海宁皮城,2010-01-26,,RETROSPECTIVE_PRIMARY,
SZSE,002345,潮宏基,2010-01-28,,RETROSPECTIVE_PRIMARY,
SZSE,002346,柘中股份,2010-01-28,,RETROSPECTIVE_PRIMARY,
SZSE,002347,泰尔股份,2010-01-28,,RETROSPECTIVE_PRIMARY,
SZSE,002348,高乐股份,2010-02-03,,RETROSPECTIVE_PRIMARY,
SZSE,002349,精华制药,2010-02-03,,RETROSPECTIVE_PRIMARY,
SZSE,002350,北京科锐,2010-02-03,,RETROSPECTIVE_PRIMARY,
SZSE,002351,漫步者,2010-02-05,,RETROSPECTIVE_PRIMARY,
SZSE,002352,顺丰控股,2010-02-05,,RETROSPECTIVE_PRIMARY,
SZSE,002353,杰瑞股份,2010-02-05,,RETROSPECTIVE_PRIMARY,
SZSE,002354,天娱数科,2010-02-09,,RETROSPECTIVE_PRIMARY,
SZSE,002355,兴民智通,2010-02-09,,RETROSPECTIVE_PRIMARY,
SZSE,002356,鹏飞绿能,2010-02-09,,RETROSPECTIVE_PRIMARY,
SZSE,002357,富临运业,2010-02-10,,RETROSPECTIVE_PRIMARY,
SZSE,002358,森源电气,2010-02-10,,RETROSPECTIVE_PRIMARY,
SZSE,002360,ST同德,2010-03-03,,RETROSPECTIVE_PRIMARY,
SZSE,002361,神剑股份,2010-03-03,,RETROSPECTIVE_PRIMARY,
SZSE,002362,汉王科技,2010-03-03,,RETROSPECTIVE_PRIMARY,
SZSE,002363,隆基机械,2010-03-05,,RETROSPECTIVE_PRIMARY,
SZSE,002364,中恒电气,2010-03-05,,RETROSPECTIVE_PRIMARY,
SZSE,002365,永安药业,2010-03-05,,RETROSPECTIVE_PRIMARY,
SZSE,002366,融发核电,2010-03-12,,RETROSPECTIVE_PRIMARY,
SZSE,002367,康力电梯,2010-03-12,,RETROSPECTIVE_PRIMARY,
SZSE,002368,太极股份,2010-03-12,,RETROSPECTIVE_PRIMARY,
SZSE,002369,卓翼科技,2010-03-16,,RETROSPECTIVE_PRIMARY,
SZSE,002370,亚太药业,2010-03-16,,RETROSPECTIVE_PRIMARY,
SZSE,002371,北方华创,2010-03-16,,RETROSPECTIVE_PRIMARY,
SZSE,002372,伟星新材,2010-03-18,,RETROSPECTIVE_PRIMARY,
SZSE,002373,千方科技,2010-03-18,,RETROSPECTIVE_PRIMARY,
SZSE,002374,中锐股份,2010-03-18,,RETROSPECTIVE_PRIMARY,
SZSE,002375,亚厦股份,2010-03-23,,RETROSPECTIVE_PRIMARY,
SZSE,002376,新北洋,2010-03-23,,RETROSPECTIVE_PRIMARY,
SZSE,002377,国创高新,2010-03-23,,RETROSPECTIVE_PRIMARY,
SZSE,002378,章源钨业,2010-03-31,,RETROSPECTIVE_PRIMARY,
SZSE,002379,宏桥控股,2010-03-31,,RETROSPECTIVE_PRIMARY,
SZSE,002380,科远智慧,2010-03-31,,RETROSPECTIVE_PRIMARY,
SZSE,002381,双箭股份,2010-04-02,,RETROSPECTIVE_PRIMARY,
SZSE,002382,蓝帆医疗,2010-04-02,,RETROSPECTIVE_PRIMARY,
SZSE,002383,合众思壮,2010-04-02,,RETROSPECTIVE_PRIMARY,
SZSE,002384,东山精密,2010-04-09,,RETROSPECTIVE_PRIMARY,
SZSE,002385,大北农,2010-04-09,,RETROSPECTIVE_PRIMARY,
SZSE,002386,天原股份,2010-04-09,,RETROSPECTIVE_PRIMARY,
SZSE,002387,维信诺,2010-04-13,,RETROSPECTIVE_PRIMARY,
SZSE,002388,新亚制程,2010-04-13,,RETROSPECTIVE_PRIMARY,
SZSE,002389,航天彩虹,2010-04-13,,RETROSPECTIVE_PRIMARY,
SZSE,002390,信邦制药,2010-04-16,,RETROSPECTIVE_PRIMARY,
SZSE,002391,长青股份,2010-04-16,,RETROSPECTIVE_PRIMARY,
SZSE,002392,北京利尔,2010-04-23,,RETROSPECTIVE_PRIMARY,
SZSE,002393,力生制药,2010-04-23,,RETROSPECTIVE_PRIMARY,
SZSE,002394,联发股份,2010-04-23,,RETROSPECTIVE_PRIMARY,
SZSE,002395,双象股份,2010-04-29,,RETROSPECTIVE_PRIMARY,
SZSE,002396,星网锐捷,2010-06-23,,RETROSPECTIVE_PRIMARY,
SZSE,002397,梦洁股份,2010-04-29,,RETROSPECTIVE_PRIMARY,
SZSE,002398,垒知集团,2010-05-06,,RETROSPECTIVE_PRIMARY,
SZSE,002399,海普瑞,2010-05-06,,RETROSPECTIVE_PRIMARY,
SZSE,002400,省广集团,2010-05-06,,RETROSPECTIVE_PRIMARY,
SZSE,002401,中远海科,2010-05-06,,RETROSPECTIVE_PRIMARY,
SZSE,002402,和而泰,2010-05-11,,RETROSPECTIVE_PRIMARY,
SZSE,002403,爱仕达,2010-05-11,,RETROSPECTIVE_PRIMARY,
SZSE,002404,嘉欣丝绸,2010-05-11,,RETROSPECTIVE_PRIMARY,
SZSE,002405,四维图新,2010-05-18,,RETROSPECTIVE_PRIMARY,
SZSE,002406,远东传动,2010-05-18,,RETROSPECTIVE_PRIMARY,
SZSE,002407,多氟多,2010-05-18,,RETROSPECTIVE_PRIMARY,
SZSE,002408,齐翔腾达,2010-05-18,,RETROSPECTIVE_PRIMARY,
SZSE,002409,雅克科技,2010-05-25,,RETROSPECTIVE_PRIMARY,
SZSE,002410,广联达,2010-05-25,,RETROSPECTIVE_PRIMARY,
SZSE,002412,汉森制药,2010-05-25,,RETROSPECTIVE_PRIMARY,
SZSE,002413,雷科防务,2010-05-28,,RETROSPECTIVE_PRIMARY,
SZSE,002414,高德红外,2010-07-16,,RETROSPECTIVE_PRIMARY,
SZSE,002415,海康威视,2010-05-28,,RETROSPECTIVE_PRIMARY,
SZSE,002416,爱施德,2010-05-28,,RETROSPECTIVE_PRIMARY,
SZSE,002418,康盛股份,2010-06-01,,RETROSPECTIVE_PRIMARY,
SZSE,002419,天虹股份,2010-06-01,,RETROSPECTIVE_PRIMARY,
SZSE,002420,毅昌科技,2010-06-01,,RETROSPECTIVE_PRIMARY,
SZSE,002421,达实智能,2010-06-03,,RETROSPECTIVE_PRIMARY,
SZSE,002422,科伦药业,2010-06-03,,RETROSPECTIVE_PRIMARY,
SZSE,002423,中粮资本,2010-06-03,,RETROSPECTIVE_PRIMARY,
SZSE,002424,ST百灵,2010-06-03,,RETROSPECTIVE_PRIMARY,
SZSE,002425,凯撒文化,2010-06-08,,RETROSPECTIVE_PRIMARY,
SZSE,002426,胜利精密,2010-06-08,,RETROSPECTIVE_PRIMARY,
SZSE,002427,尤夫股份,2010-06-08,,RETROSPECTIVE_PRIMARY,
SZSE,002428,云南锗业,2010-06-08,,RETROSPECTIVE_PRIMARY,
SZSE,002429,兆驰股份,2010-06-10,,RETROSPECTIVE_PRIMARY,
SZSE,002430,杭氧股份,2010-06-10,,RETROSPECTIVE_PRIMARY,
SZSE,002431,ST棕榈,2010-06-10,,RETROSPECTIVE_PRIMARY,
SZSE,002432,九安医疗,2010-06-10,,RETROSPECTIVE_PRIMARY,
SZSE,002434,万里扬,2010-06-18,,RETROSPECTIVE_PRIMARY,
SZSE,002436,兴森科技,2010-06-18,,RETROSPECTIVE_PRIMARY,
SZSE,002437,誉衡药业,2010-06-23,,RETROSPECTIVE_PRIMARY,
SZSE,002438,江苏神通,2010-06-23,,RETROSPECTIVE_PRIMARY,
SZSE,002439,启明星辰,2010-06-23,,RETROSPECTIVE_PRIMARY,
SZSE,002440,闰土股份,2010-07-06,,RETROSPECTIVE_PRIMARY,
SZSE,002441,众业达,2010-07-06,,RETROSPECTIVE_PRIMARY,
SZSE,002442,龙星科技,2010-07-06,,RETROSPECTIVE_PRIMARY,
SZSE,002443,金洲管道,2010-07-06,,RETROSPECTIVE_PRIMARY,
SZSE,002444,巨星科技,2010-07-13,,RETROSPECTIVE_PRIMARY,
SZSE,002445,中南文化,2010-07-13,,RETROSPECTIVE_PRIMARY,
SZSE,002446,盛路通信,2010-07-13,,RETROSPECTIVE_PRIMARY,
SZSE,002448,中原内配,2010-07-16,,RETROSPECTIVE_PRIMARY,
SZSE,002449,国星光电,2010-07-16,,RETROSPECTIVE_PRIMARY,
SZSE,002451,摩恩电气,2010-07-20,,RETROSPECTIVE_PRIMARY,
SZSE,002452,长高电气,2010-07-20,,RETROSPECTIVE_PRIMARY,
SZSE,002453,华软科技,2010-07-20,,RETROSPECTIVE_PRIMARY,
SZSE,002454,松芝股份,2010-07-20,,RETROSPECTIVE_PRIMARY,
SZSE,002455,百川股份,2010-08-03,,RETROSPECTIVE_PRIMARY,
SZSE,002456,欧菲光,2010-08-03,,RETROSPECTIVE_PRIMARY,
SZSE,002457,青龙管业,2010-08-03,,RETROSPECTIVE_PRIMARY,
SZSE,002458,益生股份,2010-08-10,,RETROSPECTIVE_PRIMARY,
SZSE,002459,晶澳科技,2010-08-10,,RETROSPECTIVE_PRIMARY,
SZSE,002460,赣锋锂业,2010-08-10,,RETROSPECTIVE_PRIMARY,
SZSE,002461,珠江啤酒,2010-08-18,,RETROSPECTIVE_PRIMARY,
SZSE,002462,嘉事堂,2010-08-18,,RETROSPECTIVE_PRIMARY,
SZSE,002463,沪电股份,2010-08-18,,RETROSPECTIVE_PRIMARY,
SZSE,002465,海格通信,2010-08-31,,RETROSPECTIVE_PRIMARY,
SZSE,002466,天齐锂业,2010-08-31,,RETROSPECTIVE_PRIMARY,
SZSE,002467,二六三,2010-09-08,,RETROSPECTIVE_PRIMARY,
SZSE,002468,申通快递,2010-09-08,,RETROSPECTIVE_PRIMARY,
SZSE,002469,三维化学,2010-09-08,,RETROSPECTIVE_PRIMARY,
SZSE,002470,金正大,2010-09-08,,RETROSPECTIVE_PRIMARY,
SZSE,002471,中超控股,2010-09-10,,RETROSPECTIVE_PRIMARY,
SZSE,002472,双环传动,2010-09-10,,RETROSPECTIVE_PRIMARY,
SZSE,002474,榕基软件,2010-09-15,,RETROSPECTIVE_PRIMARY,
SZSE,002475,立讯精密,2010-09-15,,RETROSPECTIVE_PRIMARY,
SZSE,002476,新叶股份,2010-09-15,,RETROSPECTIVE_PRIMARY,
SZSE,002478,常宝股份,2010-09-21,,RETROSPECTIVE_PRIMARY,
SZSE,002479,富春环保,2010-09-21,,RETROSPECTIVE_PRIMARY,
SZSE,002480,新筑股份,2010-09-21,,RETROSPECTIVE_PRIMARY,
SZSE,002481,双塔食品,2010-09-21,,RETROSPECTIVE_PRIMARY,
SZSE,002482,广田集团,2010-09-29,,RETROSPECTIVE_PRIMARY,
SZSE,002483,润邦股份,2010-09-29,,RETROSPECTIVE_PRIMARY,
SZSE,002484,江海股份,2010-09-29,,RETROSPECTIVE_PRIMARY,
SZSE,002485,ST雪发,2010-10-15,,RETROSPECTIVE_PRIMARY,
SZSE,002486,嘉麟杰,2010-10-15,,RETROSPECTIVE_PRIMARY,
SZSE,002487,大金重工,2010-10-15,,RETROSPECTIVE_PRIMARY,
SZSE,002488,金固股份,2010-10-21,,RETROSPECTIVE_PRIMARY,
SZSE,002489,浙江永强,2010-10-21,,RETROSPECTIVE_PRIMARY,
SZSE,002490,山东墨龙,2010-10-21,,RETROSPECTIVE_PRIMARY,
SZSE,002491,通鼎互联,2010-10-21,,RETROSPECTIVE_PRIMARY,
SZSE,002492,恒基达鑫,2010-11-02,,RETROSPECTIVE_PRIMARY,
SZSE,002493,荣盛石化,2010-11-02,,RETROSPECTIVE_PRIMARY,
SZSE,002494,华斯股份,2010-11-02,,RETROSPECTIVE_PRIMARY,
SZSE,002495,佳隆股份,2010-11-02,,RETROSPECTIVE_PRIMARY,
SZSE,002496,辉丰股份,2010-11-09,,RETROSPECTIVE_PRIMARY,
SZSE,002497,雅化集团,2010-11-09,,RETROSPECTIVE_PRIMARY,
SZSE,002498,汉缆股份,2010-11-09,,RETROSPECTIVE_PRIMARY,
SZSE,002500,山西证券,2010-11-15,,RETROSPECTIVE_PRIMARY,
SZSE,002501,*ST利源,2010-11-17,,RETROSPECTIVE_PRIMARY,
SZSE,002506,协鑫集成,2010-11-18,,RETROSPECTIVE_PRIMARY,
SZSE,002507,涪陵榨菜,2010-11-23,,RETROSPECTIVE_PRIMARY,
SZSE,002508,老板电器,2010-11-23,,RETROSPECTIVE_PRIMARY,
SZSE,002510,天汽模,2010-11-25,,RETROSPECTIVE_PRIMARY,
SZSE,002511,中顺洁柔,2010-11-25,,RETROSPECTIVE_PRIMARY,
SZSE,002512,ST达华,2010-12-03,,RETROSPECTIVE_PRIMARY,
SZSE,002513,蓝丰生化,2010-12-03,,RETROSPECTIVE_PRIMARY,
SZSE,002514,*ST宝馨,2010-12-03,,RETROSPECTIVE_PRIMARY,
SZSE,002515,金字火腿,2010-12-03,,RETROSPECTIVE_PRIMARY,
SZSE,002516,旷达科技,2010-12-07,,RETROSPECTIVE_PRIMARY,
SZSE,002517,恺英网络,2010-12-07,,RETROSPECTIVE_PRIMARY,
SZSE,002518,科士达,2010-12-07,,RETROSPECTIVE_PRIMARY,
SZSE,002519,银河电子,2010-12-07,,RETROSPECTIVE_PRIMARY,
SZSE,002520,日发精机,2010-12-10,,RETROSPECTIVE_PRIMARY,
SZSE,002521,齐峰新材,2010-12-10,,RETROSPECTIVE_PRIMARY,
SZSE,002522,浙江众成,2010-12-10,,RETROSPECTIVE_PRIMARY,
SZSE,002523,天桥起重,2010-12-10,,RETROSPECTIVE_PRIMARY,
SZSE,002524,光正眼科,2010-12-17,,RETROSPECTIVE_PRIMARY,
SZSE,002526,山东矿机,2010-12-17,,RETROSPECTIVE_PRIMARY,
SZSE,002527,新时达,2010-12-24,,RETROSPECTIVE_PRIMARY,
SZSE,002528,*ST英飞,2010-12-24,,RETROSPECTIVE_PRIMARY,
SZSE,002529,海源复材,2010-12-24,,RETROSPECTIVE_PRIMARY,
SZSE,002530,金财互联,2010-12-31,,RETROSPECTIVE_PRIMARY,
SZSE,002531,天顺风能,2010-12-31,,RETROSPECTIVE_PRIMARY,
SZSE,002532,天山铝业,2010-12-31,,RETROSPECTIVE_PRIMARY,
SZSE,002533,金杯电工,2010-12-31,,RETROSPECTIVE_PRIMARY,
SZSE,002534,西子洁能,2011-01-10,,RETROSPECTIVE_PRIMARY,
SZSE,002535,林州重机,2011-01-11,,RETROSPECTIVE_PRIMARY,
SZSE,002536,飞龙股份,2011-01-11,,RETROSPECTIVE_PRIMARY,
SZSE,002537,海联金汇,2011-01-10,,RETROSPECTIVE_PRIMARY,
SZSE,002538,ST司特,2011-01-18,,RETROSPECTIVE_PRIMARY,
SZSE,002539,云图控股,2011-01-18,,RETROSPECTIVE_PRIMARY,
SZSE,002540,亚太科技,2011-01-18,,RETROSPECTIVE_PRIMARY,
SZSE,002541,鸿路钢构,2011-01-18,,RETROSPECTIVE_PRIMARY,
SZSE,002542,*ST中岩,2011-01-28,,RETROSPECTIVE_PRIMARY,
SZSE,002543,万和电气,2011-01-28,,RETROSPECTIVE_PRIMARY,
SZSE,002544,普天科技,2011-01-28,,RETROSPECTIVE_PRIMARY,
SZSE,002545,东方铁塔,2011-02-11,,RETROSPECTIVE_PRIMARY,
SZSE,002546,新联电子,2011-02-11,,RETROSPECTIVE_PRIMARY,
SZSE,002547,*ST春兴,2011-02-18,,RETROSPECTIVE_PRIMARY,
SZSE,002548,金新农,2011-02-18,,RETROSPECTIVE_PRIMARY,
SZSE,002549,凯美特气,2011-02-18,,RETROSPECTIVE_PRIMARY,
SZSE,002550,千红制药,2011-02-18,,RETROSPECTIVE_PRIMARY,
SZSE,002551,尚荣医疗,2011-02-25,,RETROSPECTIVE_PRIMARY,
SZSE,002552,宝鼎科技,2011-02-25,,RETROSPECTIVE_PRIMARY,
SZSE,002553,南方精工,2011-02-25,,RETROSPECTIVE_PRIMARY,
SZSE,002554,惠博普,2011-02-25,,RETROSPECTIVE_PRIMARY,
SZSE,002555,三七互娱,2011-03-02,,RETROSPECTIVE_PRIMARY,
SZSE,002556,辉隆股份,2011-03-02,,RETROSPECTIVE_PRIMARY,
SZSE,002557,洽洽食品,2011-03-02,,RETROSPECTIVE_PRIMARY,
SZSE,002558,巨人网络,2011-03-02,,RETROSPECTIVE_PRIMARY,
SZSE,002559,亚威股份,2011-03-03,,RETROSPECTIVE_PRIMARY,
SZSE,002560,通达股份,2011-03-03,,RETROSPECTIVE_PRIMARY,
SZSE,002561,徐家汇,2011-03-03,,RETROSPECTIVE_PRIMARY,
SZSE,002562,兄弟科技,2011-03-10,,RETROSPECTIVE_PRIMARY,
SZSE,002563,森马服饰,2011-03-11,,RETROSPECTIVE_PRIMARY,
SZSE,002564,天沃科技,2011-03-10,,RETROSPECTIVE_PRIMARY,
SZSE,002565,顺灏股份,2011-03-18,,RETROSPECTIVE_PRIMARY,
SZSE,002566,益盛药业,2011-03-18,,RETROSPECTIVE_PRIMARY,
SZSE,002567,唐人神,2011-03-25,,RETROSPECTIVE_PRIMARY,
SZSE,002568,百润股份,2011-03-25,,RETROSPECTIVE_PRIMARY,
SZSE,002569,*ST步森,2011-04-12,,RETROSPECTIVE_PRIMARY,
SZSE,002570,贝因美,2011-04-12,,RETROSPECTIVE_PRIMARY,
SZSE,002571,德力股份,2011-04-12,,RETROSPECTIVE_PRIMARY,
SZSE,002572,索菲亚,2011-04-12,,RETROSPECTIVE_PRIMARY,
SZSE,002573,清新环境,2011-04-22,,RETROSPECTIVE_PRIMARY,
SZSE,002574,明牌珠宝,2011-04-22,,RETROSPECTIVE_PRIMARY,
SZSE,002575,群兴玩具,2011-04-22,,RETROSPECTIVE_PRIMARY,
SZSE,002576,通达动力,2011-04-28,,RETROSPECTIVE_PRIMARY,
SZSE,002577,雷柏科技,2011-04-28,,RETROSPECTIVE_PRIMARY,
SZSE,002578,闽发铝业,2011-04-28,,RETROSPECTIVE_PRIMARY,
SZSE,002579,中京电子,2011-05-06,,RETROSPECTIVE_PRIMARY,
SZSE,002580,圣阳股份,2011-05-06,,RETROSPECTIVE_PRIMARY,
SZSE,002581,*ST未名,2011-05-20,,RETROSPECTIVE_PRIMARY,
SZSE,002582,好想你,2011-05-20,,RETROSPECTIVE_PRIMARY,
SZSE,002583,海能达,2011-05-27,,RETROSPECTIVE_PRIMARY,
SZSE,002584,西陇科学,2011-06-02,,RETROSPECTIVE_PRIMARY,
SZSE,002585,双星新材,2011-06-02,,RETROSPECTIVE_PRIMARY,
SZSE,002586,ST围海,2011-06-02,,RETROSPECTIVE_PRIMARY,
SZSE,002587,奥拓电子,2011-06-10,,RETROSPECTIVE_PRIMARY,
SZSE,002588,史丹利,2011-06-10,,RETROSPECTIVE_PRIMARY,
SZSE,002589,瑞康医药,2011-06-10,,RETROSPECTIVE_PRIMARY,
SZSE,002590,万安科技,2011-06-10,,RETROSPECTIVE_PRIMARY,
SZSE,002591,恒大高新,2011-06-21,,RETROSPECTIVE_PRIMARY,
SZSE,002592,ST八菱,2011-11-11,,RETROSPECTIVE_PRIMARY,
SZSE,002593,日上集团,2011-06-28,,RETROSPECTIVE_PRIMARY,
SZSE,002594,比亚迪,2011-06-30,,RETROSPECTIVE_PRIMARY,
SZSE,002595,豪迈科技,2011-06-28,,RETROSPECTIVE_PRIMARY,
SZSE,002596,海南瑞泽,2011-07-07,,RETROSPECTIVE_PRIMARY,
SZSE,002597,金禾实业,2011-07-07,,RETROSPECTIVE_PRIMARY,
SZSE,002598,ST章鼓,2011-07-07,,RETROSPECTIVE_PRIMARY,
SZSE,002599,盛通股份,2011-07-15,,RETROSPECTIVE_PRIMARY,
SZSE,002600,领益智造,2011-07-15,,RETROSPECTIVE_PRIMARY,
SZSE,002601,龙佰集团,2011-07-15,,RETROSPECTIVE_PRIMARY,
SZSE,002602,世纪华通,2011-07-28,,RETROSPECTIVE_PRIMARY,
SZSE,002603,以岭药业,2011-07-28,,RETROSPECTIVE_PRIMARY,
SZSE,002605,姚记科技,2011-08-05,,RETROSPECTIVE_PRIMARY,
SZSE,002606,大连电瓷,2011-08-05,,RETROSPECTIVE_PRIMARY,
SZSE,002607,中公教育,2011-08-10,,RETROSPECTIVE_PRIMARY,
SZSE,002608,江苏国信,2011-08-10,,RETROSPECTIVE_PRIMARY,
SZSE,002609,捷顺科技,2011-08-15,,RETROSPECTIVE_PRIMARY,
SZSE,002611,东方精工,2011-08-30,,RETROSPECTIVE_PRIMARY,
SZSE,002612,朗姿股份,2011-08-30,,RETROSPECTIVE_PRIMARY,
SZSE,002613,北玻股份,2011-08-30,,RETROSPECTIVE_PRIMARY,
SZSE,002614,奥佳华,2011-09-09,,RETROSPECTIVE_PRIMARY,
SZSE,002615,哈尔斯,2011-09-09,,RETROSPECTIVE_PRIMARY,
SZSE,002616,长青集团,2011-09-20,,RETROSPECTIVE_PRIMARY,
SZSE,002617,露笑科技,2011-09-20,,RETROSPECTIVE_PRIMARY,
SZSE,002620,*ST瑞和,2011-09-29,,RETROSPECTIVE_PRIMARY,
SZSE,002622,皓宸医疗,2011-10-18,,RETROSPECTIVE_PRIMARY,
SZSE,002623,亚玛顿,2011-10-13,,RETROSPECTIVE_PRIMARY,
SZSE,002624,完美世界,2011-10-28,,RETROSPECTIVE_PRIMARY,
SZSE,002625,光启技术,2011-11-03,,RETROSPECTIVE_PRIMARY,
SZSE,002626,金达威,2011-10-28,,RETROSPECTIVE_PRIMARY,
SZSE,002627,三峡旅游,2011-11-03,,RETROSPECTIVE_PRIMARY,
SZSE,002628,成都路桥,2011-11-03,,RETROSPECTIVE_PRIMARY,
SZSE,002629,仁智股份,2011-11-03,,RETROSPECTIVE_PRIMARY,
SZSE,002630,*ST华西,2011-11-11,,RETROSPECTIVE_PRIMARY,
SZSE,002631,德尔未来,2011-11-11,,RETROSPECTIVE_PRIMARY,
SZSE,002632,道明光学,2011-11-22,,RETROSPECTIVE_PRIMARY,
SZSE,002633,申科股份,2011-11-22,,RETROSPECTIVE_PRIMARY,
SZSE,002634,*ST棒杰,2011-12-05,,RETROSPECTIVE_PRIMARY,
SZSE,002635,安洁科技,2011-11-25,,RETROSPECTIVE_PRIMARY,
SZSE,002636,金安国纪,2011-11-25,,RETROSPECTIVE_PRIMARY,
SZSE,002637,赞宇科技,2011-11-25,,RETROSPECTIVE_PRIMARY,
SZSE,002638,勤上股份,2011-11-25,,RETROSPECTIVE_PRIMARY,
SZSE,002639,雪人集团,2011-12-05,,RETROSPECTIVE_PRIMARY,
SZSE,002640,跨境通,2011-12-08,,RETROSPECTIVE_PRIMARY,
SZSE,002641,公元股份,2011-12-08,,RETROSPECTIVE_PRIMARY,
SZSE,002642,荣联科技,2011-12-20,,RETROSPECTIVE_PRIMARY,
SZSE,002643,万润股份,2011-12-20,,RETROSPECTIVE_PRIMARY,
SZSE,002644,佛慈制药,2011-12-22,,RETROSPECTIVE_PRIMARY,
SZSE,002645,华宏科技,2011-12-20,,RETROSPECTIVE_PRIMARY,
SZSE,002646,天佑德酒,2011-12-22,,RETROSPECTIVE_PRIMARY,
SZSE,002647,仁东控股,2011-12-28,,RETROSPECTIVE_PRIMARY,
SZSE,002648,卫星化学,2011-12-28,,RETROSPECTIVE_PRIMARY,
SZSE,002649,博彦科技,2012-01-06,,RETROSPECTIVE_PRIMARY,
SZSE,002650,ST加加,2012-01-06,,RETROSPECTIVE_PRIMARY,
SZSE,002651,利君股份,2012-01-06,,RETROSPECTIVE_PRIMARY,
SZSE,002652,扬子新材,2012-01-19,,RETROSPECTIVE_PRIMARY,
SZSE,002653,海思科,2012-01-17,,RETROSPECTIVE_PRIMARY,
SZSE,002654,万润科技,2012-02-17,,RETROSPECTIVE_PRIMARY,
SZSE,002655,共达电声,2012-02-17,,RETROSPECTIVE_PRIMARY,
SZSE,002656,摩登大道,2012-02-28,,RETROSPECTIVE_PRIMARY,
SZSE,002657,中科金财,2012-02-28,,RETROSPECTIVE_PRIMARY,
SZSE,002658,雪迪龙,2012-03-09,,RETROSPECTIVE_PRIMARY,
SZSE,002659,凯文教育,2012-03-09,,RETROSPECTIVE_PRIMARY,
SZSE,002660,茂硕电源,2012-03-16,,RETROSPECTIVE_PRIMARY,
SZSE,002661,克明食品,2012-03-16,,RETROSPECTIVE_PRIMARY,
SZSE,002662,峰璟股份,2012-03-09,,RETROSPECTIVE_PRIMARY,
SZSE,002663,普邦股份,2012-03-16,,RETROSPECTIVE_PRIMARY,
SZSE,002664,信质集团,2012-03-16,,RETROSPECTIVE_PRIMARY,
SZSE,002666,德联集团,2012-03-27,,RETROSPECTIVE_PRIMARY,
SZSE,002667,*ST威领,2012-03-29,,RETROSPECTIVE_PRIMARY,
SZSE,002668,TCL智家,2012-04-16,,RETROSPECTIVE_PRIMARY,
SZSE,002669,康达新材,2012-04-16,,RETROSPECTIVE_PRIMARY,
SZSE,002670,国盛证券,2012-04-16,,RETROSPECTIVE_PRIMARY,
SZSE,002671,龙泉股份,2012-04-26,,RETROSPECTIVE_PRIMARY,
SZSE,002672,东江环保,2012-04-26,,RETROSPECTIVE_PRIMARY,
SZSE,002673,西部证券,2012-05-03,,RETROSPECTIVE_PRIMARY,
SZSE,002674,兴业科技,2012-05-07,,RETROSPECTIVE_PRIMARY,
SZSE,002675,东诚药业,2012-05-25,,RETROSPECTIVE_PRIMARY,
SZSE,002676,顺威股份,2012-05-25,,RETROSPECTIVE_PRIMARY,
SZSE,002677,浙江美大,2012-05-25,,RETROSPECTIVE_PRIMARY,
SZSE,002678,珠江钢琴,2012-05-30,,RETROSPECTIVE_PRIMARY,
SZSE,002679,福建金森,2012-06-05,,RETROSPECTIVE_PRIMARY,
SZSE,002681,奋达科技,2012-06-05,,RETROSPECTIVE_PRIMARY,
SZSE,002682,龙洲股份,2012-06-12,,RETROSPECTIVE_PRIMARY,
SZSE,002683,广东宏大,2012-06-12,,RETROSPECTIVE_PRIMARY,
SZSE,002685,华东重机,2012-06-12,,RETROSPECTIVE_PRIMARY,
SZSE,002686,亿利达,2012-07-03,,RETROSPECTIVE_PRIMARY,
SZSE,002687,乔治白,2012-07-13,,RETROSPECTIVE_PRIMARY,
SZSE,002688,金河生物,2012-07-13,,RETROSPECTIVE_PRIMARY,
SZSE,002689,ST远智,2012-07-17,,RETROSPECTIVE_PRIMARY,
SZSE,002690,美亚光电,2012-07-31,,RETROSPECTIVE_PRIMARY,
SZSE,002691,*ST冀凯,2012-07-31,,RETROSPECTIVE_PRIMARY,
SZSE,002692,远程股份,2012-08-08,,RETROSPECTIVE_PRIMARY,
SZSE,002693,双成药业,2012-08-08,,RETROSPECTIVE_PRIMARY,
SZSE,002694,*ST顾地,2012-08-16,,RETROSPECTIVE_PRIMARY,
SZSE,002695,煌上煌,2012-09-05,,RETROSPECTIVE_PRIMARY,
SZSE,002696,百洋股份,2012-09-05,,RETROSPECTIVE_PRIMARY,
SZSE,002697,红旗连锁,2012-09-05,,RETROSPECTIVE_PRIMARY,
SZSE,002698,博实股份,2012-09-11,,RETROSPECTIVE_PRIMARY,
SZSE,002700,万憬能源,2012-09-21,,RETROSPECTIVE_PRIMARY,
SZSE,002701,奥瑞金,2012-10-11,,RETROSPECTIVE_PRIMARY,
SZSE,002702,海欣食品,2012-10-11,,RETROSPECTIVE_PRIMARY,
SZSE,002703,浙江世宝,2012-11-02,,RETROSPECTIVE_PRIMARY,
SZSE,002705,新宝股份,2014-01-21,,RETROSPECTIVE_PRIMARY,
SZSE,002706,良信股份,2014-01-21,,RETROSPECTIVE_PRIMARY,
SZSE,002707,众信旅游,2014-01-23,,RETROSPECTIVE_PRIMARY,
SZSE,002708,光洋股份,2014-01-21,,RETROSPECTIVE_PRIMARY,
SZSE,002709,天赐材料,2014-01-23,,RETROSPECTIVE_PRIMARY,
SZSE,002712,思美传媒,2014-01-23,,RETROSPECTIVE_PRIMARY,
SZSE,002713,东易日盛,2014-02-19,,RETROSPECTIVE_PRIMARY,
SZSE,002714,牧原股份,2014-01-28,,RETROSPECTIVE_PRIMARY,
SZSE,002715,登云股份,2014-02-19,,RETROSPECTIVE_PRIMARY,
SZSE,002716,湖南白银,2014-01-28,,RETROSPECTIVE_PRIMARY,
SZSE,002717,*ST岭南,2014-02-19,,RETROSPECTIVE_PRIMARY,
SZSE,002718,友邦吊顶,2014-01-28,,RETROSPECTIVE_PRIMARY,
SZSE,002719,ST麦趣,2014-01-28,,RETROSPECTIVE_PRIMARY,
SZSE,002721,金一文化,2014-01-27,,RETROSPECTIVE_PRIMARY,
SZSE,002722,物产金轮,2014-01-28,,RETROSPECTIVE_PRIMARY,
SZSE,002723,小崧股份,2014-01-29,,RETROSPECTIVE_PRIMARY,
SZSE,002724,海洋王,2014-11-04,,RETROSPECTIVE_PRIMARY,
SZSE,002725,跃岭股份,2014-01-29,,RETROSPECTIVE_PRIMARY,
SZSE,002726,ST龙大,2014-06-26,,RETROSPECTIVE_PRIMARY,
SZSE,002727,一心堂,2014-07-02,,RETROSPECTIVE_PRIMARY,
SZSE,002728,特一药业,2014-07-31,,RETROSPECTIVE_PRIMARY,
SZSE,002729,好利科技,2014-09-12,,RETROSPECTIVE_PRIMARY,
SZSE,002730,电光科技,2014-10-09,,RETROSPECTIVE_PRIMARY,
SZSE,002731,*ST萃华,2014-11-04,,RETROSPECTIVE_PRIMARY,
SZSE,002732,燕塘乳业,2014-12-05,,RETROSPECTIVE_PRIMARY,
SZSE,002733,雄韬股份,2014-12-03,,RETROSPECTIVE_PRIMARY,
SZSE,002734,利民股份,2015-01-27,,RETROSPECTIVE_PRIMARY,
SZSE,002735,王子新材,2014-12-03,,RETROSPECTIVE_PRIMARY,
SZSE,002736,国信证券,2014-12-29,,RETROSPECTIVE_PRIMARY,
SZSE,002737,葵花药业,2014-12-30,,RETROSPECTIVE_PRIMARY,
SZSE,002738,中矿资源,2014-12-30,,RETROSPECTIVE_PRIMARY,
SZSE,002739,儒意电影,2015-01-22,,RETROSPECTIVE_PRIMARY,
SZSE,002741,光华科技,2015-02-16,,RETROSPECTIVE_PRIMARY,
SZSE,002742,冀衡医药,2015-02-17,,RETROSPECTIVE_PRIMARY,
SZSE,002743,富煌钢构,2015-02-17,,RETROSPECTIVE_PRIMARY,
SZSE,002745,木林森,2015-02-17,,RETROSPECTIVE_PRIMARY,
SZSE,002746,仙坛股份,2015-02-16,,RETROSPECTIVE_PRIMARY,
SZSE,002747,埃斯顿,2015-03-20,,RETROSPECTIVE_PRIMARY,
SZSE,002748,世龙实业,2015-03-19,,RETROSPECTIVE_PRIMARY,
SZSE,002749,国光股份,2015-03-20,,RETROSPECTIVE_PRIMARY,
SZSE,002752,昇兴股份,2015-04-22,,RETROSPECTIVE_PRIMARY,
SZSE,002753,永东股份,2015-05-19,,RETROSPECTIVE_PRIMARY,
SZSE,002755,奥赛康,2015-05-15,,RETROSPECTIVE_PRIMARY,
SZSE,002756,永兴材料,2015-05-15,,RETROSPECTIVE_PRIMARY,
SZSE,002757,南兴股份,2015-05-27,,RETROSPECTIVE_PRIMARY,
SZSE,002758,浙农股份,2015-05-27,,RETROSPECTIVE_PRIMARY,
SZSE,002759,ST天际,2015-05-28,,RETROSPECTIVE_PRIMARY,
SZSE,002760,凤形股份,2015-06-11,,RETROSPECTIVE_PRIMARY,
SZSE,002761,浙江建投,2015-06-10,,RETROSPECTIVE_PRIMARY,
SZSE,002762,金发拉比,2015-06-10,,RETROSPECTIVE_PRIMARY,
SZSE,002763,汇洁股份,2015-06-10,,RETROSPECTIVE_PRIMARY,
SZSE,002765,蓝黛科技,2015-06-12,,RETROSPECTIVE_PRIMARY,
SZSE,002766,索菱股份,2015-06-11,,RETROSPECTIVE_PRIMARY,
SZSE,002767,先锋电子,2015-06-12,,RETROSPECTIVE_PRIMARY,
SZSE,002768,国恩股份,2015-06-30,,RETROSPECTIVE_PRIMARY,
SZSE,002769,普路通,2015-06-29,,RETROSPECTIVE_PRIMARY,
SZSE,002771,真视通,2015-06-29,,RETROSPECTIVE_PRIMARY,
SZSE,002772,众兴菌业,2015-06-26,,RETROSPECTIVE_PRIMARY,
SZSE,002773,康弘药业,2015-06-26,,RETROSPECTIVE_PRIMARY,
SZSE,002774,快意电梯,2017-03-24,,RETROSPECTIVE_PRIMARY,
SZSE,002775,文科股份,2015-06-29,,RETROSPECTIVE_PRIMARY,
SZSE,002777,久远银海,2015-12-31,,RETROSPECTIVE_PRIMARY,
SZSE,002778,中晟高科,2016-01-06,,RETROSPECTIVE_PRIMARY,
SZSE,002779,中坚科技,2015-12-09,,RETROSPECTIVE_PRIMARY,
SZSE,002780,三夫户外,2015-12-09,,RETROSPECTIVE_PRIMARY,
SZSE,002782,可立克,2015-12-22,,RETROSPECTIVE_PRIMARY,
SZSE,002783,凯龙股份,2015-12-09,,RETROSPECTIVE_PRIMARY,
SZSE,002785,万里石,2015-12-23,,RETROSPECTIVE_PRIMARY,
SZSE,002786,银宝山新,2015-12-23,,RETROSPECTIVE_PRIMARY,
SZSE,002787,华源控股,2015-12-31,,RETROSPECTIVE_PRIMARY,
SZSE,002788,鹭燕医药,2016-02-18,,RETROSPECTIVE_PRIMARY,
SZSE,002789,*ST建艺,2016-03-11,,RETROSPECTIVE_PRIMARY,
SZSE,002790,瑞尔特,2016-03-08,,RETROSPECTIVE_PRIMARY,
SZSE,002791,坚朗五金,2016-03-29,,RETROSPECTIVE_PRIMARY,
SZSE,002792,通宇通讯,2016-03-28,,RETROSPECTIVE_PRIMARY,
SZSE,002793,罗欣药业,2016-04-15,,RETROSPECTIVE_PRIMARY,
SZSE,002795,永和智控,2016-04-28,,RETROSPECTIVE_PRIMARY,
SZSE,002796,世嘉科技,2016-05-10,,RETROSPECTIVE_PRIMARY,
SZSE,002797,第一创业,2016-05-11,,RETROSPECTIVE_PRIMARY,
SZSE,002798,帝欧水华,2016-05-25,,RETROSPECTIVE_PRIMARY,
SZSE,002799,环球印务,2016-06-08,,RETROSPECTIVE_PRIMARY,
SZSE,002800,天顺股份,2016-05-30,,RETROSPECTIVE_PRIMARY,
SZSE,002801,微光股份,2016-06-22,,RETROSPECTIVE_PRIMARY,
SZSE,002802,洪汇新材,2016-06-29,,RETROSPECTIVE_PRIMARY,
SZSE,002803,吉宏股份,2016-07-12,,RETROSPECTIVE_PRIMARY,
SZSE,002805,丰元股份,2016-07-07,,RETROSPECTIVE_PRIMARY,
SZSE,002806,华锋股份,2016-07-26,,RETROSPECTIVE_PRIMARY,
SZSE,002807,江阴银行,2016-09-02,,RETROSPECTIVE_PRIMARY,
SZSE,002809,红墙股份,2016-08-23,,RETROSPECTIVE_PRIMARY,
SZSE,002810,山东赫达,2016-08-26,,RETROSPECTIVE_PRIMARY,
SZSE,002811,郑中设计,2016-09-08,,RETROSPECTIVE_PRIMARY,
SZSE,002812,恩捷股份,2016-09-14,,RETROSPECTIVE_PRIMARY,
SZSE,002813,路畅科技,2016-10-12,,RETROSPECTIVE_PRIMARY,
SZSE,002815,崇达技术,2016-10-12,,RETROSPECTIVE_PRIMARY,
SZSE,002816,*ST和科,2016-10-25,,RETROSPECTIVE_PRIMARY,
SZSE,002817,黄山胶囊,2016-10-25,,RETROSPECTIVE_PRIMARY,
SZSE,002818,富森美,2016-11-09,,RETROSPECTIVE_PRIMARY,
SZSE,002819,东方中科,2016-11-11,,RETROSPECTIVE_PRIMARY,
SZSE,002820,桂发祥,2016-11-18,,RETROSPECTIVE_PRIMARY,
SZSE,002821,凯莱英,2016-11-18,,RETROSPECTIVE_PRIMARY,
SZSE,002822,ST中装,2016-11-29,,RETROSPECTIVE_PRIMARY,
SZSE,002823,凯中精密,2016-11-24,,RETROSPECTIVE_PRIMARY,
SZSE,002824,和胜股份,2017-01-12,,RETROSPECTIVE_PRIMARY,
SZSE,002825,纳尔股份,2016-11-29,,RETROSPECTIVE_PRIMARY,
SZSE,002826,易明医药,2016-12-09,,RETROSPECTIVE_PRIMARY,
SZSE,002827,高争民爆,2016-12-09,,RETROSPECTIVE_PRIMARY,
SZSE,002828,贝肯能源,2016-12-08,,RETROSPECTIVE_PRIMARY,
SZSE,002829,星网宇达,2016-12-13,,RETROSPECTIVE_PRIMARY,
SZSE,002830,名雕股份,2016-12-13,,RETROSPECTIVE_PRIMARY,
SZSE,002831,裕同科技,2016-12-16,,RETROSPECTIVE_PRIMARY,
SZSE,002832,比音勒芬,2016-12-23,,RETROSPECTIVE_PRIMARY,
SZSE,002833,弘亚数控,2016-12-28,,RETROSPECTIVE_PRIMARY,
SZSE,002835,同为股份,2016-12-28,,RETROSPECTIVE_PRIMARY,
SZSE,002836,新宏泽,2016-12-29,,RETROSPECTIVE_PRIMARY,
SZSE,002837,英维克,2016-12-29,,RETROSPECTIVE_PRIMARY,
SZSE,002838,道恩股份,2017-01-06,,RETROSPECTIVE_PRIMARY,
SZSE,002839,张家港行,2017-01-24,,RETROSPECTIVE_PRIMARY,
SZSE,002840,华统股份,2017-01-10,,RETROSPECTIVE_PRIMARY,
SZSE,002841,视源股份,2017-01-19,,RETROSPECTIVE_PRIMARY,
SZSE,002842,翔鹭钨业,2017-01-19,,RETROSPECTIVE_PRIMARY,
SZSE,002843,泰嘉股份,2017-01-20,,RETROSPECTIVE_PRIMARY,
SZSE,002845,同兴达,2017-01-25,,RETROSPECTIVE_PRIMARY,
SZSE,002846,英联股份,2017-02-07,,RETROSPECTIVE_PRIMARY,
SZSE,002847,盐津铺子,2017-02-08,,RETROSPECTIVE_PRIMARY,
SZSE,002848,高斯贝尔,2017-02-13,,RETROSPECTIVE_PRIMARY,
SZSE,002849,威星智能,2017-02-17,,RETROSPECTIVE_PRIMARY,
SZSE,002850,科达利,2017-03-02,,RETROSPECTIVE_PRIMARY,
SZSE,002851,麦格米特,2017-03-06,,RETROSPECTIVE_PRIMARY,
SZSE,002852,道道全,2017-03-10,,RETROSPECTIVE_PRIMARY,
SZSE,002853,皮阿诺,2017-03-10,,RETROSPECTIVE_PRIMARY,
SZSE,002855,捷荣技术,2017-03-21,,RETROSPECTIVE_PRIMARY,
SZSE,002856,*ST美芝,2017-03-20,,RETROSPECTIVE_PRIMARY,
SZSE,002857,三晖电气,2017-03-23,,RETROSPECTIVE_PRIMARY,
SZSE,002858,力盛体育,2017-03-24,,RETROSPECTIVE_PRIMARY,
SZSE,002859,洁美科技,2017-04-07,,RETROSPECTIVE_PRIMARY,
SZSE,002860,星帅尔,2017-04-12,,RETROSPECTIVE_PRIMARY,
SZSE,002861,瀛通通讯,2017-04-13,,RETROSPECTIVE_PRIMARY,
SZSE,002862,实丰文化,2017-04-11,,RETROSPECTIVE_PRIMARY,
SZSE,002863,今飞凯达,2017-04-18,,RETROSPECTIVE_PRIMARY,
SZSE,002864,盘龙药业,2017-11-16,,RETROSPECTIVE_PRIMARY,
SZSE,002865,钧达股份,2017-04-25,,RETROSPECTIVE_PRIMARY,
SZSE,002866,传艺科技,2017-04-26,,RETROSPECTIVE_PRIMARY,
SZSE,002867,周大生,2017-04-27,,RETROSPECTIVE_PRIMARY,
SZSE,002868,绿康生化,2017-05-03,,RETROSPECTIVE_PRIMARY,
SZSE,002869,金溢科技,2017-05-15,,RETROSPECTIVE_PRIMARY,
SZSE,002870,香山股份,2017-05-15,,RETROSPECTIVE_PRIMARY,
SZSE,002871,伟隆股份,2017-05-11,,RETROSPECTIVE_PRIMARY,
SZSE,002872,ST天圣,2017-05-19,,RETROSPECTIVE_PRIMARY,
SZSE,002873,新天药业,2017-05-19,,RETROSPECTIVE_PRIMARY,
SZSE,002875,安奈儿,2017-06-01,,RETROSPECTIVE_PRIMARY,
SZSE,002876,三利谱,2017-05-25,,RETROSPECTIVE_PRIMARY,
SZSE,002877,智能自控,2017-06-05,,RETROSPECTIVE_PRIMARY,
SZSE,002878,元隆雅图,2017-06-06,,RETROSPECTIVE_PRIMARY,
SZSE,002879,长缆科技,2017-07-07,,RETROSPECTIVE_PRIMARY,
SZSE,002880,卫光生物,2017-06-16,,RETROSPECTIVE_PRIMARY,
SZSE,002881,美格智能,2017-06-22,,RETROSPECTIVE_PRIMARY,
SZSE,002882,金龙羽,2017-07-17,,RETROSPECTIVE_PRIMARY,
SZSE,002883,*ST中设,2017-06-20,,RETROSPECTIVE_PRIMARY,
SZSE,002884,凌霄泵业,2017-07-11,,RETROSPECTIVE_PRIMARY,
SZSE,002885,京泉华,2017-06-27,,RETROSPECTIVE_PRIMARY,
SZSE,002886,沃特股份,2017-06-27,,RETROSPECTIVE_PRIMARY,
SZSE,002887,绿茵生态,2017-08-01,,RETROSPECTIVE_PRIMARY,
SZSE,002888,惠威科技,2017-07-21,,RETROSPECTIVE_PRIMARY,
SZSE,002889,东方嘉盛,2017-07-31,,RETROSPECTIVE_PRIMARY,
SZSE,002890,弘宇股份,2017-08-02,,RETROSPECTIVE_PRIMARY,
SZSE,002891,中宠股份,2017-08-21,,RETROSPECTIVE_PRIMARY,
SZSE,002892,科力尔,2017-08-17,,RETROSPECTIVE_PRIMARY,
SZSE,002893,京能热力,2017-09-15,,RETROSPECTIVE_PRIMARY,
SZSE,002895,川恒股份,2017-08-25,,RETROSPECTIVE_PRIMARY,
SZSE,002896,中大力德,2017-08-29,,RETROSPECTIVE_PRIMARY,
SZSE,002897,意华股份,2017-09-07,,RETROSPECTIVE_PRIMARY,
SZSE,002899,英派斯,2017-09-15,,RETROSPECTIVE_PRIMARY,
SZSE,002900,哈三联,2017-09-22,,RETROSPECTIVE_PRIMARY,
SZSE,002901,大博医疗,2017-09-22,,RETROSPECTIVE_PRIMARY,
SZSE,002902,铭普光磁,2017-09-29,,RETROSPECTIVE_PRIMARY,
SZSE,002903,宇环数控,2017-10-13,,RETROSPECTIVE_PRIMARY,
SZSE,002905,金逸影视,2017-10-16,,RETROSPECTIVE_PRIMARY,
SZSE,002906,华阳集团,2017-10-13,,RETROSPECTIVE_PRIMARY,
SZSE,002907,华森制药,2017-10-20,,RETROSPECTIVE_PRIMARY,
SZSE,002908,德生科技,2017-10-20,,RETROSPECTIVE_PRIMARY,
SZSE,002909,集泰股份,2017-10-26,,RETROSPECTIVE_PRIMARY,
SZSE,002910,庄园牧场,2017-10-31,,RETROSPECTIVE_PRIMARY,
SZSE,002911,佛燃能源,2017-11-22,,RETROSPECTIVE_PRIMARY,
SZSE,002912,中新赛克,2017-11-21,,RETROSPECTIVE_PRIMARY,
SZSE,002913,奥士康,2017-12-01,,RETROSPECTIVE_PRIMARY,
SZSE,002915,中欣氟材,2017-12-05,,RETROSPECTIVE_PRIMARY,
SZSE,002916,深南电路,2017-12-13,,RETROSPECTIVE_PRIMARY,
SZSE,002917,金奥博,2017-12-08,,RETROSPECTIVE_PRIMARY,
SZSE,002918,蒙娜丽莎,2017-12-19,,RETROSPECTIVE_PRIMARY,
SZSE,002919,名臣健康,2017-12-18,,RETROSPECTIVE_PRIMARY,
SZSE,002920,德赛西威,2017-12-26,,RETROSPECTIVE_PRIMARY,
SZSE,002921,联诚精密,2017-12-27,,RETROSPECTIVE_PRIMARY,
SZSE,002922,伊戈尔,2017-12-29,,RETROSPECTIVE_PRIMARY,
SZSE,002923,润都股份,2018-01-05,,RETROSPECTIVE_PRIMARY,
SZSE,002925,盈趣科技,2018-01-15,,RETROSPECTIVE_PRIMARY,
SZSE,002926,华西证券,2018-02-05,,RETROSPECTIVE_PRIMARY,
SZSE,002927,泰永长征,2018-02-23,,RETROSPECTIVE_PRIMARY,
SZSE,002928,华夏航空,2018-03-02,,RETROSPECTIVE_PRIMARY,
SZSE,002929,润建股份,2018-03-01,,RETROSPECTIVE_PRIMARY,
SZSE,002930,宏川智慧,2018-03-28,,RETROSPECTIVE_PRIMARY,
SZSE,002931,锋龙股份,2018-04-03,,RETROSPECTIVE_PRIMARY,
SZSE,002932,*ST明德,2018-07-10,,RETROSPECTIVE_PRIMARY,
SZSE,002933,新兴装备,2018-08-28,,RETROSPECTIVE_PRIMARY,
SZSE,002935,天奥电子,2018-09-03,,RETROSPECTIVE_PRIMARY,
SZSE,002936,郑州银行,2018-09-19,,RETROSPECTIVE_PRIMARY,
SZSE,002937,兴瑞科技,2018-09-26,,RETROSPECTIVE_PRIMARY,
SZSE,002938,鹏鼎控股,2018-09-18,,RETROSPECTIVE_PRIMARY,
SZSE,002939,长城证券,2018-10-26,,RETROSPECTIVE_PRIMARY,
SZSE,002940,昂利康,2018-10-23,,RETROSPECTIVE_PRIMARY,
SZSE,002941,新疆交建,2018-11-28,,RETROSPECTIVE_PRIMARY,
SZSE,002942,新农股份,2018-12-05,,RETROSPECTIVE_PRIMARY,
SZSE,002943,宇晶股份,2018-11-29,,RETROSPECTIVE_PRIMARY,
SZSE,002945,华林证券,2019-01-17,,RETROSPECTIVE_PRIMARY,
SZSE,002946,新乳业,2019-01-25,,RETROSPECTIVE_PRIMARY,
SZSE,002947,恒铭达,2019-02-01,,RETROSPECTIVE_PRIMARY,
SZSE,002948,青岛银行,2019-01-16,,RETROSPECTIVE_PRIMARY,
SZSE,002949,华阳国际,2019-02-26,,RETROSPECTIVE_PRIMARY,
SZSE,002950,奥美医疗,2019-03-11,,RETROSPECTIVE_PRIMARY,
SZSE,002951,金时科技,2019-03-15,,RETROSPECTIVE_PRIMARY,
SZSE,002952,亚世光电,2019-03-28,,RETROSPECTIVE_PRIMARY,
SZSE,002953,日丰股份,2019-05-09,,RETROSPECTIVE_PRIMARY,
SZSE,002955,鸿合科技,2019-05-23,,RETROSPECTIVE_PRIMARY,
SZSE,002956,西麦食品,2019-06-19,,RETROSPECTIVE_PRIMARY,
SZSE,002957,科瑞技术,2019-07-26,,RETROSPECTIVE_PRIMARY,
SZSE,002958,青农商行,2019-03-26,,RETROSPECTIVE_PRIMARY,
SZSE,002959,小熊电器,2019-08-23,,RETROSPECTIVE_PRIMARY,
SZSE,002960,青鸟智控,2019-08-09,,RETROSPECTIVE_PRIMARY,
SZSE,002961,瑞达期货,2019-09-05,,RETROSPECTIVE_PRIMARY,
SZSE,002962,五方光电,2019-09-17,,RETROSPECTIVE_PRIMARY,
SZSE,002963,豪尔赛,2019-10-28,,RETROSPECTIVE_PRIMARY,
SZSE,002965,祥鑫科技,2019-10-25,,RETROSPECTIVE_PRIMARY,
SZSE,002966,苏州银行,2019-08-02,,RETROSPECTIVE_PRIMARY,
SZSE,002967,广电计量,2019-11-08,,RETROSPECTIVE_PRIMARY,
SZSE,002968,新大正,2019-12-03,,RETROSPECTIVE_PRIMARY,
SZSE,002969,嘉美包装,2019-12-02,,RETROSPECTIVE_PRIMARY,
SZSE,002970,锐明技术,2019-12-17,,RETROSPECTIVE_PRIMARY,
SZSE,002971,和远气体,2020-01-13,,RETROSPECTIVE_PRIMARY,
SZSE,002972,科安达,2019-12-27,,RETROSPECTIVE_PRIMARY,
SZSE,002973,侨银股份,2020-01-06,,RETROSPECTIVE_PRIMARY,
SZSE,002975,博杰股份,2020-02-05,,RETROSPECTIVE_PRIMARY,
SZSE,002976,瑞玛精密,2020-03-06,,RETROSPECTIVE_PRIMARY,
SZSE,002977,*ST天箭,2020-03-17,,RETROSPECTIVE_PRIMARY,
SZSE,002978,安宁股份,2020-04-17,,RETROSPECTIVE_PRIMARY,
SZSE,002979,雷赛智能,2020-04-08,,RETROSPECTIVE_PRIMARY,
SZSE,002980,华盛昌,2020-04-15,,RETROSPECTIVE_PRIMARY,
SZSE,002981,朝阳科技,2020-04-17,,RETROSPECTIVE_PRIMARY,
SZSE,002982,湘佳股份,2020-04-24,,RETROSPECTIVE_PRIMARY,
SZSE,002983,芯瑞达,2020-04-28,,RETROSPECTIVE_PRIMARY,
SZSE,002984,森麒麟,2020-09-11,,RETROSPECTIVE_PRIMARY,
SZSE,002985,北摩高科,2020-04-29,,RETROSPECTIVE_PRIMARY,
SZSE,002986,宇新股份,2020-06-02,,RETROSPECTIVE_PRIMARY,
SZSE,002987,京北方,2020-05-07,,RETROSPECTIVE_PRIMARY,
SZSE,002988,豪美新材,2020-05-18,,RETROSPECTIVE_PRIMARY,
SZSE,002989,中天精装,2020-06-10,,RETROSPECTIVE_PRIMARY,
SZSE,002990,盛视科技,2020-05-25,,RETROSPECTIVE_PRIMARY,
SZSE,002991,甘源食品,2020-07-31,,RETROSPECTIVE_PRIMARY,
SZSE,002992,宝明科技,2020-08-03,,RETROSPECTIVE_PRIMARY,
SZSE,002993,奥海科技,2020-08-17,,RETROSPECTIVE_PRIMARY,
SZSE,002995,天地在线,2020-08-05,,RETROSPECTIVE_PRIMARY,
SZSE,002996,顺博合金,2020-08-28,,RETROSPECTIVE_PRIMARY,
SZSE,002997,瑞鹄模具,2020-09-03,,RETROSPECTIVE_PRIMARY,
SZSE,002998,优彩资源,2020-09-25,,RETROSPECTIVE_PRIMARY,
SZSE,002999,天禾股份,2020-09-03,,RETROSPECTIVE_PRIMARY,
SZSE,003000,劲仔食品,2020-09-14,,RETROSPECTIVE_PRIMARY,
SZSE,003001,中岩大地,2020-10-13,,RETROSPECTIVE_PRIMARY,
SZSE,003002,壶化股份,2020-09-22,,RETROSPECTIVE_PRIMARY,
SZSE,003003,天元股份,2020-09-21,,RETROSPECTIVE_PRIMARY,
SZSE,003004,声迅股份,2020-11-26,,RETROSPECTIVE_PRIMARY,
SZSE,003005,竞业达,2020-09-22,,RETROSPECTIVE_PRIMARY,
SZSE,003006,百亚股份,2020-09-21,,RETROSPECTIVE_PRIMARY,
SZSE,003007,直真科技,2020-09-23,,RETROSPECTIVE_PRIMARY,
SZSE,003008,开普检测,2020-09-23,,RETROSPECTIVE_PRIMARY,
SZSE,003009,中天火箭,2020-09-25,,RETROSPECTIVE_PRIMARY,
SZSE,003010,若羽臣,2020-09-25,,RETROSPECTIVE_PRIMARY,
SZSE,003011,海象新材,2020-09-30,,RETROSPECTIVE_PRIMARY,
SZSE,003012,东鹏控股,2020-10-19,,RETROSPECTIVE_PRIMARY,
SZSE,003013,地铁设计,2020-10-22,,RETROSPECTIVE_PRIMARY,
SZSE,003015,日久光电,2020-10-21,,RETROSPECTIVE_PRIMARY,
SZSE,003016,欣贺股份,2020-10-26,,RETROSPECTIVE_PRIMARY,
SZSE,003017,大洋生物,2020-10-26,,RETROSPECTIVE_PRIMARY,
SZSE,003018,金富科技,2020-11-06,,RETROSPECTIVE_PRIMARY,
SZSE,003019,宸展光电,2020-11-17,,RETROSPECTIVE_PRIMARY,
SZSE,003020,立方制药,2020-12-15,,RETROSPECTIVE_PRIMARY,
SZSE,003021,兆威机电,2020-12-04,,RETROSPECTIVE_PRIMARY,
SZSE,003022,联泓新科,2020-12-08,,RETROSPECTIVE_PRIMARY,
SZSE,003023,彩虹集团,2020-12-11,,RETROSPECTIVE_PRIMARY,
SZSE,003025,思进智能,2020-12-11,,RETROSPECTIVE_PRIMARY,
SZSE,003026,中晶科技,2020-12-18,,RETROSPECTIVE_PRIMARY,
SZSE,003027,同兴科技,2020-12-18,,RETROSPECTIVE_PRIMARY,
SZSE,003028,振邦智能,2020-12-28,,RETROSPECTIVE_PRIMARY,
SZSE,003029,吉大正元,2020-12-24,,RETROSPECTIVE_PRIMARY,
SZSE,003030,祖名股份,2021-01-06,,RETROSPECTIVE_PRIMARY,
SZSE,003031,中瓷电子,2021-01-04,,RETROSPECTIVE_PRIMARY,
SZSE,003032,传智教育,2021-01-12,,RETROSPECTIVE_PRIMARY,
SZSE,003033,征和工业,2021-01-11,,RETROSPECTIVE_PRIMARY,
SZSE,003035,南网能源,2021-01-19,,RETROSPECTIVE_PRIMARY,
SZSE,003036,泰坦股份,2021-01-28,,RETROSPECTIVE_PRIMARY,
SZSE,003037,三和管桩,2021-02-04,,RETROSPECTIVE_PRIMARY,
SZSE,003038,鑫铂股份,2021-02-10,,RETROSPECTIVE_PRIMARY,
SZSE,003039,顺控发展,2021-03-08,,RETROSPECTIVE_PRIMARY,
SZSE,003040,楚天龙,2021-03-22,,RETROSPECTIVE_PRIMARY,
SZSE,003041,真爱美家,2021-04-06,,RETROSPECTIVE_PRIMARY,
SZSE,003042,中农联合,2021-04-06,,RETROSPECTIVE_PRIMARY,
SZSE,003043,华亚智能,2021-04-06,,RETROSPECTIVE_PRIMARY,
SZSE,003816,中国广核,2019-08-26,,RETROSPECTIVE_PRIMARY,
