exchange,board,security_type,code,name,listing_date,source_url,source_row_json,board_basis
SZSE,MAIN,A_SHARE,000001,平安银行,1991-04-03,https://www.szse.cn/api/report/ShowReport/data?SHOWTYPE=JSON&CATALOGID=1110&TABKEY=tab1&PAGENO=1,"{""agdm"": ""000001"", ""agjc"": ""<a href='http://www.szse.cn/certificate/individual/index.html?code=000001' target='_blank'><u>平安银行</u></a>"", ""agltgb"": ""194.05"", ""agssrq"": ""1991-04-03"", ""agzgb"": ""194.05"", ""bk"": ""主板"", ""gskzjglx"": ""-"", ""sfjybjqcy"": ""-"", ""sshymc"": ""J 金融业"", ""ylbz"": ""-""}",OFFICIAL_SZSE_BOARD_FIELD
SZSE,MAIN,A_SHARE,000002,万 科Ａ,1991-01-29,https://www.szse.cn/api/report/ShowReport/data?SHOWTYPE=JSON&CATALOGID=1110&TABKEY=tab1&PAGENO=1,"{""agdm"": ""000002"", ""agjc"": ""<a href='http://www.szse.cn/certificate/individual/index.html?code=000002' target='_blank'><u>万  科Ａ</u></a>"", ""agltgb"": ""97.16"", ""agssrq"": ""1991-01-29"", ""agzgb"": ""97.24"", ""bk"": ""主板"", ""gskzjglx"": ""-"", ""sfjybjqcy"": ""-"", ""sshymc"": ""K 房地产"", ""ylbz"": ""-""}",OFFICIAL_SZSE_BOARD_FIELD
SZSE,MAIN,A_SHARE,000006,深振业Ａ,1992-04-27,https://www.szse.cn/api/report/ShowReport/data?SHOWTYPE=JSON&CATALOGID=1110&TABKEY=tab1&PAGENO=1,"{""agdm"": ""000006"", ""agjc"": ""<a href='http://www.szse.cn/certificate/individual/index.html?code=000006' target='_blank'><u>深振业Ａ</u></a>"", ""agltgb"": ""13.49"", ""agssrq"": ""1992-04-27"", ""agzgb"": ""13.49"", ""bk"": ""主板"", ""gskzjglx"": ""-"", ""sfjybjqcy"": ""-"", ""sshymc"": ""K 房地产"", ""ylbz"": ""-""}",OFFICIAL_SZSE_BOARD_FIELD
SZSE,MAIN,A_SHARE,000007,全新好,1992-04-13,https://www.szse.cn/api/report/ShowReport/data?SHOWTYPE=JSON&CATALOGID=1110&TABKEY=tab1&PAGENO=1,"{""agdm"": ""000007"", ""agjc"": ""<a href='http://www.szse.cn/certificate/individual/index.html?code=000007' target='_blank'><u>全新好</u></a>"", ""agltgb"": ""3.46"", ""agssrq"": ""1992-04-13"", ""agzgb"": ""3.46"", ""bk"": ""主板"", ""gskzjglx"": ""-"", ""sfjybjqcy"": ""-"", ""sshymc"": ""K 房地产"", ""ylbz"": ""-""}",OFFICIAL_SZSE_BOARD_FIELD
SZSE,MAIN,A_SHARE,000008,神州高铁,1992-05-07,https://www.szse.cn/api/report/ShowReport/data?SHOWTYPE=JSON&CATALOGID=1110&TABKEY=tab1&PAGENO=1,"{""agdm"": ""000008"", ""agjc"": ""<a href='http://www.szse.cn/certificate/individual/index.html?code=000008' target='_blank'><u>神州高铁</u></a>"", ""agltgb"": ""27.16"", ""agssrq"": ""1992-05-07"", ""agzgb"": ""27.16"", ""bk"": ""主板"", ""gskzjglx"": ""-"", ""sfjybjqcy"": ""-"", ""sshymc"": ""C 制造业"", ""ylbz"": ""-""}",OFFICIAL_SZSE_BOARD_FIELD
SZSE,MAIN,A_SHARE,000009,中国宝安,1991-06-25,https://www.szse.cn/api/report/ShowReport/data?SHOWTYPE=JSON&CATALOGID=1110&TABKEY=tab1&PAGENO=1,"{""agdm"": ""000009"", ""agjc"": ""<a href='http://www.szse.cn/certificate/individual/index.html?code=000009' target='_blank'><u>中国宝安</u></a>"", ""agltgb"": ""25.76"", ""agssrq"": ""1991-06-25"", ""agzgb"": ""25.79"", ""bk"": ""主板"", ""gskzjglx"": ""-"", ""sfjybjqcy"": ""-"", ""sshymc"": ""J 金融业"", ""ylbz"": ""-""}",OFFICIAL_SZSE_BOARD_FIELD
SZSE,MAIN,A_SHARE,000010,*ST美丽,1995-10-27,https://www.szse.cn/api/report/ShowReport/data?SHOWTYPE=JSON&CATALOGID=1110&TABKEY=tab1&PAGENO=1,"{""agdm"": ""000010"", ""agjc"": ""<a href='http://www.szse.cn/certificate/individual/index.html?code=000010' target='_blank'><u>*ST美丽</u></a>"", ""agltgb"": ""8.73"", ""agssrq"": ""1995-10-27"", ""agzgb"": ""11.49"", ""bk"": ""主板"", ""gskzjglx"": ""-"", ""sfjybjqcy"": ""-"", ""sshymc"": ""E 建筑业"", ""ylbz"": ""-""}",OFFICIAL_SZSE_BOARD_FIELD
SZSE,MAIN,A_SHARE,000011,深物业A,1992-03-30,https://www.szse.cn/api/report/ShowReport/data?SHOWTYPE=JSON&CATALOGID=1110&TABKEY=tab1&PAGENO=1,"{""agdm"": ""000011"", ""agjc"": ""<a href='http://www.szse.cn/certificate/individual/index.html?code=000011' target='_blank'><u>深物业A</u></a>"", ""agltgb"": ""5.26"", ""agssrq"": ""1992-03-30"", ""agzgb"": ""5.28"", ""bk"": ""主板"", ""gskzjglx"": ""-"", ""sfjybjqcy"": ""-"", ""sshymc"": ""K 房地产"", ""ylbz"": ""-""}",OFFICIAL_SZSE_BOARD_FIELD
SZSE,MAIN,A_SHARE,000012,南 玻Ａ,1992-02-28,https://www.szse.cn/api/report/ShowReport/data?SHOWTYPE=JSON&CATALOGID=1110&TABKEY=tab1&PAGENO=1,"{""agdm"": ""000012"", ""agjc"": ""<a href='http://www.szse.cn/certificate/individual/index.html?code=000012' target='_blank'><u>南  玻Ａ</u></a>"", ""agltgb"": ""19.59"", ""agssrq"": ""1992-02-28"", ""agzgb"": ""19.61"", ""bk"": ""主板"", ""gskzjglx"": ""-"", ""sfjybjqcy"": ""-"", ""sshymc"": ""C 制造业"", ""ylbz"": ""-""}",OFFICIAL_SZSE_BOARD_FIELD
SZSE,MAIN,A_SHARE,000014,沙河股份,1992-06-02,https://www.szse.cn/api/report/ShowReport/data?SHOWTYPE=JSON&CATALOGID=1110&TABKEY=tab1&PAGENO=1,"{""agdm"": ""000014"", ""agjc"": ""<a href='http://www.szse.cn/certificate/individual/index.html?code=000014' target='_blank'><u>沙河股份</u></a>"", ""agltgb"": ""2.42"", ""agssrq"": ""1992-06-02"", ""agzgb"": ""2.42"", ""bk"": ""主板"", ""gskzjglx"": ""-"", ""sfjybjqcy"": ""-"", ""sshymc"": ""K 房地产"", ""ylbz"": ""-""}",OFFICIAL_SZSE_BOARD_FIELD
SZSE,MAIN,A_SHARE,000016,*ST康佳A,1992-03-27,https://www.szse.cn/api/report/ShowReport/data?SHOWTYPE=JSON&CATALOGID=1110&TABKEY=tab1&PAGENO=1,"{""agdm"": ""000016"", ""agjc"": ""<a href='http://www.szse.cn/certificate/individual/index.html?code=000016' target='_blank'><u>*ST康佳A</u></a>"", ""agltgb"": ""15.96"", ""agssrq"": ""1992-03-27"", ""agzgb"": ""15.96"", ""bk"": ""主板"", ""gskzjglx"": ""-"", ""sfjybjqcy"": ""-"", ""sshymc"": ""C 制造业"", ""ylbz"": ""-""}",OFFICIAL_SZSE_BOARD_FIELD
SZSE,MAIN,A_SHARE,000017,深中华A,1992-03-31,https://www.szse.cn/api/report/ShowReport/data?SHOWTYPE=JSON&CATALOGID=1110&TABKEY=tab1&PAGENO=1,"{""agdm"": ""000017"", ""agjc"": ""<a href='http://www.szse.cn/certificate/individual/index.html?code=000017' target='_blank'><u>深中华A</u></a>"", ""agltgb"": ""4.40"", ""agssrq"": ""1992-03-31"", ""agzgb"": ""4.40"", ""bk"": ""主板"", ""gskzjglx"": ""-"", ""sfjybjqcy"": ""-"", ""sshymc"": ""C 制造业"", ""ylbz"": ""-""}",OFFICIAL_SZSE_BOARD_FIELD
SZSE,MAIN,A_SHARE,000019,深粮控股,1992-10-12,https://www.szse.cn/api/report/ShowReport/data?SHOWTYPE=JSON&CATALOGID=1110&TABKEY=tab1&PAGENO=1,"{""agdm"": ""000019"", ""agjc"": ""<a href='http://www.szse.cn/certificate/individual/index.html?code=000019' target='_blank'><u>深粮控股</u></a>"", ""agltgb"": ""4.16"", ""agssrq"": ""1992-10-12"", ""agzgb"": ""11.00"", ""bk"": ""主板"", ""gskzjglx"": ""-"", ""sfjybjqcy"": ""-"", ""sshymc"": ""F 批发零售"", ""ylbz"": ""-""}",OFFICIAL_SZSE_BOARD_FIELD
SZSE,MAIN,A_SHARE,000020,深华发Ａ,1992-04-28,https://www.szse.cn/api/report/ShowReport/data?SHOWTYPE=JSON&CATALOGID=1110&TABKEY=tab1&PAGENO=1,"{""agdm"": ""000020"", ""agjc"": ""<a href='http://www.szse.cn/certificate/individual/index.html?code=000020' target='_blank'><u>深华发Ａ</u></a>"", ""agltgb"": ""1.81"", ""agssrq"": ""1992-04-28"", ""agzgb"": ""1.81"", ""bk"": ""主板"", ""gskzjglx"": ""-"", ""sfjybjqcy"": ""-"", ""sshymc"": ""C 制造业"", ""ylbz"": ""-""}",OFFICIAL_SZSE_BOARD_FIELD
SZSE,MAIN,A_SHARE,000021,深科技,1994-02-02,https://www.szse.cn/api/report/ShowReport/data?SHOWTYPE=JSON&CATALOGID=1110&TABKEY=tab1&PAGENO=1,"{""agdm"": ""000021"", ""agjc"": ""<a href='http://www.szse.cn/certificate/individual/index.html?code=000021' target='_blank'><u>深科技</u></a>"", ""agltgb"": ""15.84"", ""agssrq"": ""1994-02-02"", ""agzgb"": ""15.84"", ""bk"": ""主板"", ""gskzjglx"": ""-"", ""sfjybjqcy"": ""-"", ""sshymc"": ""C 制造业"", ""ylbz"": ""-""}",OFFICIAL_SZSE_BOARD_FIELD
SZSE,MAIN,A_SHARE,000025,特 力Ａ,1993-06-21,https://www.szse.cn/api/report/ShowReport/data?SHOWTYPE=JSON&CATALOGID=1110&TABKEY=tab1&PAGENO=1,"{""agdm"": ""000025"", ""agjc"": ""<a href='http://www.szse.cn/certificate/individual/index.html?code=000025' target='_blank'><u>特  力Ａ</u></a>"", ""agltgb"": ""3.92"", ""agssrq"": ""1993-06-21"", ""agzgb"": ""3.92"", ""bk"": ""主板"", ""gskzjglx"": ""-"", ""sfjybjqcy"": ""-"", ""sshymc"": ""F 批发零售"", ""ylbz"": ""-""}",OFFICIAL_SZSE_BOARD_FIELD
SZSE,MAIN,A_SHARE,000026,飞亚达,1993-06-03,https://www.szse.cn/api/report/ShowReport/data?SHOWTYPE=JSON&CATALOGID=1110&TABKEY=tab1&PAGENO=1,"{""agdm"": ""000026"", ""agjc"": ""<a href='http://www.szse.cn/certificate/individual/index.html?code=000026' target='_blank'><u>飞亚达</u></a>"", ""agltgb"": ""3.64"", ""agssrq"": ""1993-06-03"", ""agzgb"": ""3.65"", ""bk"": ""主板"", ""gskzjglx"": ""-"", ""sfjybjqcy"": ""-"", ""sshymc"": ""F 批发零售"", ""ylbz"": ""-""}",OFFICIAL_SZSE_BOARD_FIELD
SZSE,MAIN,A_SHARE,000027,深圳能源,1993-09-03,https://www.szse.cn/api/report/ShowReport/data?SHOWTYPE=JSON&CATALOGID=1110&TABKEY=tab1&PAGENO=1,"{""agdm"": ""000027"", ""agjc"": ""<a href='http://www.szse.cn/certificate/individual/index.html?code=000027' target='_blank'><u>深圳能源</u></a>"", ""agltgb"": ""47.57"", ""agssrq"": ""1993-09-03"", ""agzgb"": ""47.57"", ""bk"": ""主板"", ""gskzjglx"": ""-"", ""sfjybjqcy"": ""-"", ""sshymc"": ""D 水电煤气"", ""ylbz"": ""-""}",OFFICIAL_SZSE_BOARD_FIELD
SZSE,MAIN,A_SHARE,000028,国药一致,1993-08-09,https://www.szse.cn/api/report/ShowReport/data?SHOWTYPE=JSON&CATALOGID=1110&TABKEY=tab1&PAGENO=1,"{""agdm"": ""000028"", ""agjc"": ""<a href='http://www.szse.cn/certificate/individual/index.html?code=000028' target='_blank'><u>国药一致</u></a>"", ""agltgb"": ""5.25"", ""agssrq"": ""1993-08-09"", ""agzgb"": ""5.33"", ""bk"": ""主板"", ""gskzjglx"": ""-"", ""sfjybjqcy"": ""-"", ""sshymc"": ""F 批发零售"", ""ylbz"": ""-""}",OFFICIAL_SZSE_BOARD_FIELD
SZSE,MAIN,A_SHARE,000029,深深房Ａ,1993-09-15,https://www.szse.cn/api/report/ShowReport/data?SHOWTYPE=JSON&CATALOGID=1110&TABKEY=tab1&PAGENO=1,"{""agdm"": ""000029"", ""agjc"": ""<a href='http://www.szse.cn/certificate/individual/index.html?code=000029' target='_blank'><u>深深房Ａ</u></a>"", ""agltgb"": ""8.91"", ""agssrq"": ""1993-09-15"", ""agzgb"": ""8.91"", ""bk"": ""主板"", ""gskzjglx"": ""-"", ""sfjybjqcy"": ""-"", ""sshymc"": ""K 房地产"", ""ylbz"": ""-""}",OFFICIAL_SZSE_BOARD_FIELD
SZSE,MAIN,A_SHARE,000030,富奥股份,1993-09-29,https://www.szse.cn/api/report/ShowReport/data?SHOWTYPE=JSON&CATALOGID=1110&TABKEY=tab1&PAGENO=2,"{""agdm"": ""000030"", ""agjc"": ""<a href='http://www.szse.cn/certificate/individual/index.html?code=000030' target='_blank'><u>富奥股份</u></a>"", ""agltgb"": ""16.70"", ""agssrq"": ""1993-09-29"", ""agzgb"": ""16.71"", ""bk"": ""主板"", ""gskzjglx"": ""-"", ""sfjybjqcy"": ""-"", ""sshymc"": ""C 制造业"", ""ylbz"": ""-""}",OFFICIAL_SZSE_BOARD_FIELD
SZSE,MAIN,A_SHARE,000031,大悦城,1993-10-08,https://www.szse.cn/api/report/ShowReport/data?SHOWTYPE=JSON&CATALOGID=1110&TABKEY=tab1&PAGENO=2,"{""agdm"": ""000031"", ""agjc"": ""<a href='http://www.szse.cn/certificate/individual/index.html?code=000031' target='_blank'><u>大悦城</u></a>"", ""agltgb"": ""42.86"", ""agssrq"": ""1993-10-08"", ""agzgb"": ""42.86"", ""bk"": ""主板"", ""gskzjglx"": ""-"", ""sfjybjqcy"": ""-"", ""sshymc"": ""K 房地产"", ""ylbz"": ""-""}",OFFICIAL_SZSE_BOARD_FIELD
SZSE,MAIN,A_SHARE,000032,深桑达Ａ,1993-10-28,https://www.szse.cn/api/report/ShowReport/data?SHOWTYPE=JSON&CATALOGID=1110&TABKEY=tab1&PAGENO=2,"{""agdm"": ""000032"", ""agjc"": ""<a href='http://www.szse.cn/certificate/individual/index.html?code=000032' target='_blank'><u>深桑达Ａ</u></a>"", ""agltgb"": ""11.37"", ""agssrq"": ""1993-10-28"", ""agzgb"": ""12.15"", ""bk"": ""主板"", ""gskzjglx"": ""-"", ""sfjybjqcy"": ""-"", ""sshymc"": ""E 建筑业"", ""ylbz"": ""-""}",OFFICIAL_SZSE_BOARD_FIELD
SZSE,MAIN,A_SHARE,000034,神州数码,1994-05-09,https://www.szse.cn/api/report/ShowReport/data?SHOWTYPE=JSON&CATALOGID=1110&TABKEY=tab1&PAGENO=2,"{""agdm"": ""000034"", ""agjc"": ""<a href='http://www.szse.cn/certificate/individual/index.html?code=000034' target='_blank'><u>神州数码</u></a>"", ""agltgb"": ""8.49"", ""agssrq"": ""1994-05-09"", ""agzgb"": ""10.16"", ""bk"": ""主板"", ""gskzjglx"": ""-"", ""sfjybjqcy"": ""-"", ""sshymc"": ""F 批发零售"", ""ylbz"": ""-""}",OFFICIAL_SZSE_BOARD_FIELD
SZSE,MAIN,A_SHARE,000035,中国天楹,1994-04-08,https://www.szse.cn/api/report/ShowReport/data?SHOWTYPE=JSON&CATALOGID=1110&TABKEY=tab1&PAGENO=2,"{""agdm"": ""000035"", ""agjc"": ""<a href='http://www.szse.cn/certificate/individual/index.html?code=000035' target='_blank'><u>中国天楹</u></a>"", ""agltgb"": ""23.13"", ""agssrq"": ""1994-04-08"", ""agzgb"": ""23.88"", ""bk"": ""主板"", ""gskzjglx"": ""-"", ""sfjybjqcy"": ""-"", ""sshymc"": ""N 公共环保"", ""ylbz"": ""-""}",OFFICIAL_SZSE_BOARD_FIELD
SZSE,MAIN,A_SHARE,000036,华联控股,1994-06-17,https://www.szse.cn/api/report/ShowReport/data?SHOWTYPE=JSON&CATALOGID=1110&TABKEY=tab1&PAGENO=2,"{""agdm"": ""000036"", ""agjc"": ""<a href='http://www.szse.cn/certificate/individual/index.html?code=000036' target='_blank'><u>华联控股</u></a>"", ""agltgb"": ""14.02"", ""agssrq"": ""1994-06-17"", ""agzgb"": ""14.03"", ""bk"": ""主板"", ""gskzjglx"": ""-"", ""sfjybjqcy"": ""-"", ""sshymc"": ""K 房地产"", ""ylbz"": ""-""}",OFFICIAL_SZSE_BOARD_FIELD
SZSE,MAIN,A_SHARE,000037,深南电A,1994-07-01,https://www.szse.cn/api/report/ShowReport/data?SHOWTYPE=JSON&CATALOGID=1110&TABKEY=tab1&PAGENO=2,"{""agdm"": ""000037"", ""agjc"": ""<a href='http://www.szse.cn/certificate/individual/index.html?code=000037' target='_blank'><u>深南电A</u></a>"", ""agltgb"": ""3.38"", ""agssrq"": ""1994-07-01"", ""agzgb"": ""3.38"", ""bk"": ""主板"", ""gskzjglx"": ""-"", ""sfjybjqcy"": ""-"", ""sshymc"": ""D 水电煤气"", ""ylbz"": ""-""}",OFFICIAL_SZSE_BOARD_FIELD
SZSE,MAIN,A_SHARE,000039,中集集团,1994-04-08,https://www.szse.cn/api/report/ShowReport/data?SHOWTYPE=JSON&CATALOGID=1110&TABKEY=tab1&PAGENO=2,"{""agdm"": ""000039"", ""agjc"": ""<a href='http://www.szse.cn/certificate/individual/index.html?code=000039' target='_blank'><u>中集集团</u></a>"", ""agltgb"": ""23.01"", ""agssrq"": ""1994-04-08"", ""agzgb"": ""23.02"", ""bk"": ""主板"", ""gskzjglx"": ""-"", ""sfjybjqcy"": ""-"", ""sshymc"": ""C 制造业"", ""ylbz"": ""-""}",OFFICIAL_SZSE_BOARD_FIELD
SZSE,MAIN,A_SHARE,000042,中洲控股,1994-09-21,https://www.szse.cn/api/report/ShowReport/data?SHOWTYPE=JSON&CATALOGID=1110&TABKEY=tab1&PAGENO=2,"{""agdm"": ""000042"", ""agjc"": ""<a href='http://www.szse.cn/certificate/individual/index.html?code=000042' target='_blank'><u>中洲控股</u></a>"", ""agltgb"": ""6.64"", ""agssrq"": ""1994-09-21"", ""agzgb"": ""6.64"", ""bk"": ""主板"", ""gskzjglx"": ""-"", ""sfjybjqcy"": ""-"", ""sshymc"": ""K 房地产"", ""ylbz"": ""-""}",OFFICIAL_SZSE_BOARD_FIELD
SZSE,MAIN,A_SHARE,000045,深纺织Ａ,1994-08-15,https://www.szse.cn/api/report/ShowReport/data?SHOWTYPE=JSON&CATALOGID=1110&TABKEY=tab1&PAGENO=2,"{""agdm"": ""000045"", ""agjc"": ""<a href='http://www.szse.cn/certificate/individual/index.html?code=000045' target='_blank'><u>深纺织Ａ</u></a>"", ""agltgb"": ""4.57"", ""agssrq"": ""1994-08-15"", ""agzgb"": ""4.57"", ""bk"": ""主板"", ""gskzjglx"": ""-"", ""sfjybjqcy"": ""-"", ""sshymc"": ""C 制造业"", ""ylbz"": ""-""}",OFFICIAL_SZSE_BOARD_FIELD
SZSE,MAIN,A_SHARE,000048,京基智农,1994-11-01,https://www.szse.cn/api/report/ShowReport/data?SHOWTYPE=JSON&CATALOGID=1110&TABKEY=tab1&PAGENO=2,"{""agdm"": ""000048"", ""agjc"": ""<a href='http://www.szse.cn/certificate/individual/index.html?code=000048' target='_blank'><u>京基智农</u></a>"", ""agltgb"": ""5.29"", ""agssrq"": ""1994-11-01"", ""agzgb"": ""5.30"", ""bk"": ""主板"", ""gskzjglx"": ""-"", ""sfjybjqcy"": ""-"", ""sshymc"": ""A 农林牧渔"", ""ylbz"": ""-""}",OFFICIAL_SZSE_BOARD_FIELD
SZSE,MAIN,A_SHARE,000049,德赛电池,1995-03-20,https://www.szse.cn/api/report/ShowReport/data?SHOWTYPE=JSON&CATALOGID=1110&TABKEY=tab1&PAGENO=2,"{""agdm"": ""000049"", ""agjc"": ""<a href='http://www.szse.cn/certificate/individual/index.html?code=000049' target='_blank'><u>德赛电池</u></a>"", ""agltgb"": ""3.84"", ""agssrq"": ""1995-03-20"", ""agzgb"": ""3.84"", ""bk"": ""主板"", ""gskzjglx"": ""-"", ""sfjybjqcy"": ""-"", ""sshymc"": ""C 制造业"", ""ylbz"": ""-""}",OFFICIAL_SZSE_BOARD_FIELD
SZSE,MAIN,A_SHARE,000050,深天马Ａ,1995-03-15,https://www.szse.cn/api/report/ShowReport/data?SHOWTYPE=JSON&CATALOGID=1110&TABKEY=tab1&PAGENO=2,"{""agdm"": ""000050"", ""agjc"": ""<a href='http://www.szse.cn/certificate/individual/index.html?code=000050' target='_blank'><u>深天马Ａ</u></a>"", ""agltgb"": ""24.35"", ""agssrq"": ""1995-03-15"", ""agzgb"": ""24.35"", ""bk"": ""主板"", ""gskzjglx"": ""-"", ""sfjybjqcy"": ""-"", ""sshymc"": ""C 制造业"", ""ylbz"": ""-""}",OFFICIAL_SZSE_BOARD_FIELD
SZSE,MAIN,A_SHARE,000055,方大集团,1996-04-15,https://www.szse.cn/api/report/ShowReport/data?SHOWTYPE=JSON&CATALOGID=1110&TABKEY=tab1&PAGENO=2,"{""agdm"": ""000055"", ""agjc"": ""<a href='http://www.szse.cn/certificate/individual/index.html?code=000055' target='_blank'><u>方大集团</u></a>"", ""agltgb"": ""6.75"", ""agssrq"": ""1996-04-15"", ""agzgb"": ""6.79"", ""bk"": ""主板"", ""gskzjglx"": ""-"", ""sfjybjqcy"": ""-"", ""sshymc"": ""C 制造业"", ""ylbz"": ""-""}",OFFICIAL_SZSE_BOARD_FIELD
SZSE,MAIN,A_SHARE,000056,*ST皇庭,1996-07-08,https://www.szse.cn/api/report/ShowReport/data?SHOWTYPE=JSON&CATALOGID=1110&TABKEY=tab1&PAGENO=2,"{""agdm"": ""000056"", ""agjc"": ""<a href='http://www.szse.cn/certificate/individual/index.html?code=000056' target='_blank'><u>*ST皇庭</u></a>"", ""agltgb"": ""9.03"", ""agssrq"": ""1996-07-08"", ""agzgb"": ""9.39"", ""bk"": ""主板"", ""gskzjglx"": ""-"", ""sfjybjqcy"": ""-"", ""sshymc"": ""L 商务服务"", ""ylbz"": ""-""}",OFFICIAL_SZSE_BOARD_FIELD
SZSE,MAIN,A_SHARE,000058,深 赛 格,1996-12-26,https://www.szse.cn/api/report/ShowReport/data?SHOWTYPE=JSON&CATALOGID=1110&TABKEY=tab1&PAGENO=2,"{""agdm"": ""000058"", ""agjc"": ""<a href='http://www.szse.cn/certificate/individual/index.html?code=000058' target='_blank'><u>深 赛 格</u></a>"", ""agltgb"": ""9.84"", ""agssrq"": ""1996-12-26"", ""agzgb"": ""9.84"", ""bk"": ""主板"", ""gskzjglx"": ""-"", ""sfjybjqcy"": ""-"", ""sshymc"": ""L 商务服务"", ""ylbz"": ""-""}",OFFICIAL_SZSE_BOARD_FIELD
SZSE,MAIN,A_SHARE,000059,华锦股份,1997-01-30,https://www.szse.cn/api/report/ShowReport/data?SHOWTYPE=JSON&CATALOGID=1110&TABKEY=tab1&PAGENO=2,"{""agdm"": ""000059"", ""agjc"": ""<a href='http://www.szse.cn/certificate/individual/index.html?code=000059' target='_blank'><u>华锦股份</u></a>"", ""agltgb"": ""15.99"", ""agssrq"": ""1997-01-30"", ""agzgb"": ""15.99"", ""bk"": ""主板"", ""gskzjglx"": ""-"", ""sfjybjqcy"": ""-"", ""sshymc"": ""C 制造业"", ""ylbz"": ""-""}",OFFICIAL_SZSE_BOARD_FIELD
SZSE,MAIN,A_SHARE,000060,中金岭南,1997-01-23,https://www.szse.cn/api/report/ShowReport/data?SHOWTYPE=JSON&CATALOGID=1110&TABKEY=tab1&PAGENO=2,"{""agdm"": ""000060"", ""agjc"": ""<a href='http://www.szse.cn/certificate/individual/index.html?code=000060' target='_blank'><u>中金岭南</u></a>"", ""agltgb"": ""44.41"", ""agssrq"": ""1997-01-23"", ""agzgb"": ""44.41"", ""bk"": ""主板"", ""gskzjglx"": ""-"", ""sfjybjqcy"": ""-"", ""sshymc"": ""C 制造业"", ""ylbz"": ""-""}",OFFICIAL_SZSE_BOARD_FIELD
SZSE,MAIN,A_SHARE,000061,农 产 品,1997-01-10,https://www.szse.cn/api/report/ShowReport/data?SHOWTYPE=JSON&CATALOGID=1110&TABKEY=tab1&PAGENO=2,"{""agdm"": ""000061"", ""agjc"": ""<a href='http://www.szse.cn/certificate/individual/index.html?code=000061' target='_blank'><u>农 产 品</u></a>"", ""agltgb"": ""17.94"", ""agssrq"": ""1997-01-10"", ""agzgb"": ""19.84"", ""bk"": ""主板"", ""gskzjglx"": ""-"", ""sfjybjqcy"": ""-"", ""sshymc"": ""L 商务服务"", ""ylbz"": ""-""}",OFFICIAL_SZSE_BOARD_FIELD
SZSE,MAIN,A_SHARE,000062,深圳华强,1997-01-30,https://www.szse.cn/api/report/ShowReport/data?SHOWTYPE=JSON&CATALOGID=1110&TABKEY=tab1&PAGENO=2,"{""agdm"": ""000062"", ""agjc"": ""<a href='http://www.szse.cn/certificate/individual/index.html?code=000062' target='_blank'><u>深圳华强</u></a>"", ""agltgb"": ""10.44"", ""agssrq"": ""1997-01-30"", ""agzgb"": ""10.45"", ""bk"": ""主板"", ""gskzjglx"": ""-"", ""sfjybjqcy"": ""-"", ""sshymc"": ""F 批发零售"", ""ylbz"": ""-""}",OFFICIAL_SZSE_BOARD_FIELD
SZSE,MAIN,A_SHARE,000063,中兴通讯,1997-11-18,https://www.szse.cn/api/report/ShowReport/data?SHOWTYPE=JSON&CATALOGID=1110&TABKEY=tab1&PAGENO=3,"{""agdm"": ""000063"", ""agjc"": ""<a href='http://www.szse.cn/certificate/individual/index.html?code=000063' target='_blank'><u>中兴通讯</u></a>"", ""agltgb"": ""40.27"", ""agssrq"": ""1997-11-18"", ""agzgb"": ""40.28"", ""bk"": ""主板"", ""gskzjglx"": ""-"", ""sfjybjqcy"": ""-"", ""sshymc"": ""C 制造业"", ""ylbz"": ""-""}",OFFICIAL_SZSE_BOARD_FIELD
SZSE,MAIN,A_SHARE,000065,北方国际,1998-06-05,https://www.szse.cn/api/report/ShowReport/data?SHOWTYPE=JSON&CATALOGID=1110&TABKEY=tab1&PAGENO=3,"{""agdm"": ""000065"", ""agjc"": ""<a href='http://www.szse.cn/certificate/individual/index.html?code=000065' target='_blank'><u>北方国际</u></a>"", ""agltgb"": ""9.74"", ""agssrq"": ""1998-06-05"", ""agzgb"": ""11.61"", ""bk"": ""主板"", ""gskzjglx"": ""-"", ""sfjybjqcy"": ""-"", ""sshymc"": ""F 批发零售"", ""ylbz"": ""-""}",OFFICIAL_SZSE_BOARD_FIELD
SZSE,MAIN,A_SHARE,000066,中国长城,1997-06-26,https://www.szse.cn/api/report/ShowReport/data?SHOWTYPE=JSON&CATALOGID=1110&TABKEY=tab1&PAGENO=3,"{""agdm"": ""000066"", ""agjc"": ""<a href='http://www.szse.cn/certificate/individual/index.html?code=000066' target='_blank'><u>中国长城</u></a>"", ""agltgb"": ""32.25"", ""agssrq"": ""1997-06-26"", ""agzgb"": ""32.25"", ""bk"": ""主板"", ""gskzjglx"": ""-"", ""sfjybjqcy"": ""-"", ""sshymc"": ""C 制造业"", ""ylbz"": ""-""}",OFFICIAL_SZSE_BOARD_FIELD
SZSE,MAIN,A_SHARE,000068,华控赛格,1997-06-11,https://www.szse.cn/api/report/ShowReport/data?SHOWTYPE=JSON&CATALOGID=1110&TABKEY=tab1&PAGENO=3,"{""agdm"": ""000068"", ""agjc"": ""<a href='http://www.szse.cn/certificate/individual/index.html?code=000068' target='_blank'><u>华控赛格</u></a>"", ""agltgb"": ""10.06"", ""agssrq"": ""1997-06-11"", ""agzgb"": ""10.06"", ""bk"": ""主板"", ""gskzjglx"": ""-"", ""sfjybjqcy"": ""-"", ""sshymc"": ""F 批发零售"", ""ylbz"": ""-""}",OFFICIAL_SZSE_BOARD_FIELD
SZSE,MAIN,A_SHARE,000069,华侨城Ａ,1997-09-10,https://www.szse.cn/api/report/ShowReport/data?SHOWTYPE=JSON&CATALOGID=1110&TABKEY=tab1&PAGENO=3,"{""agdm"": ""000069"", ""agjc"": ""<a href='http://www.szse.cn/certificate/individual/index.html?code=000069' target='_blank'><u>华侨城Ａ</u></a>"", ""agltgb"": ""68.98"", ""agssrq"": ""1997-09-10"", ""agzgb"": ""80.37"", ""bk"": ""主板"", ""gskzjglx"": ""-"", ""sfjybjqcy"": ""-"", ""sshymc"": ""K 房地产"", ""ylbz"": ""-""}",OFFICIAL_SZSE_BOARD_FIELD
SZSE,MAIN,A_SHARE,000070,特发信息,2000-05-11,https://www.szse.cn/api/report/ShowReport/data?SHOWTYPE=JSON&CATALOGID=1110&TABKEY=tab1&PAGENO=3,"{""agdm"": ""000070"", ""agjc"": ""<a href='http://www.szse.cn/certificate/individual/index.html?code=000070' target='_blank'><u>特发信息</u></a>"", ""agltgb"": ""8.56"", ""agssrq"": ""2000-05-11"", ""agzgb"": ""8.68"", ""bk"": ""主板"", ""gskzjglx"": ""-"", ""sfjybjqcy"": ""-"", ""sshymc"": ""C 制造业"", ""ylbz"": ""-""}",OFFICIAL_SZSE_BOARD_FIELD
SZSE,MAIN,A_SHARE,000078,ST海王,1998-12-18,https://www.szse.cn/api/report/ShowReport/data?SHOWTYPE=JSON&CATALOGID=1110&TABKEY=tab1&PAGENO=3,"{""agdm"": ""000078"", ""agjc"": ""<a href='http://www.szse.cn/certificate/individual/index.html?code=000078' target='_blank'><u>ST海王</u></a>"", ""agltgb"": ""26.29"", ""agssrq"": ""1998-12-18"", ""agzgb"": ""26.31"", ""bk"": ""主板"", ""gskzjglx"": ""-"", ""sfjybjqcy"": ""-"", ""sshymc"": ""F 批发零售"", ""ylbz"": ""-""}",OFFICIAL_SZSE_BOARD_FIELD
SZSE,MAIN,A_SHARE,000088,盐 田 港,1997-07-28,https://www.szse.cn/api/report/ShowReport/data?SHOWTYPE=JSON&CATALOGID=1110&TABKEY=tab1&PAGENO=3,"{""agdm"": ""000088"", ""agjc"": ""<a href='http://www.szse.cn/certificate/individual/index.html?code=000088' target='_blank'><u>盐 田 港</u></a>"", ""agltgb"": ""31.62"", ""agssrq"": ""1997-07-28"", ""agzgb"": ""51.99"", ""bk"": ""主板"", ""gskzjglx"": ""-"", ""sfjybjqcy"": ""-"", ""sshymc"": ""G 运输仓储"", ""ylbz"": ""-""}",OFFICIAL_SZSE_BOARD_FIELD
SZSE,MAIN,A_SHARE,000089,深圳机场,1998-04-20,https://www.szse.cn/api/report/ShowReport/data?SHOWTYPE=JSON&CATALOGID=1110&TABKEY=tab1&PAGENO=3,"{""agdm"": ""000089"", ""agjc"": ""<a href='http://www.szse.cn/certificate/individual/index.html?code=000089' target='_blank'><u>深圳机场</u></a>"", ""agltgb"": ""20.50"", ""agssrq"": ""1998-04-20"", ""agzgb"": ""20.50"", ""bk"": ""主板"", ""gskzjglx"": ""-"", ""sfjybjqcy"": ""-"", ""sshymc"": ""G 运输仓储"", ""ylbz"": ""-""}",OFFICIAL_SZSE_BOARD_FIELD
SZSE,MAIN,A_SHARE,000090,天健集团,1999-07-21,https://www.szse.cn/api/report/ShowReport/data?SHOWTYPE=JSON&CATALOGID=1110&TABKEY=tab1&PAGENO=3,"{""agdm"": ""000090"", ""agjc"": ""<a href='http://www.szse.cn/certificate/individual/index.html?code=000090' target='_blank'><u>天健集团</u></a>"", ""agltgb"": ""18.68"", ""agssrq"": ""1999-07-21"", ""agzgb"": ""18.68"", ""bk"": ""主板"", ""gskzjglx"": ""-"", ""sfjybjqcy"": ""-"", ""sshymc"": ""E 建筑业"", ""ylbz"": ""-""}",OFFICIAL_SZSE_BOARD_FIELD
SZSE,MAIN,A_SHARE,000096,广聚能源,2000-07-24,https://www.szse.cn/api/report/ShowReport/data?SHOWTYPE=JSON&CATALOGID=1110&TABKEY=tab1&PAGENO=3,"{""agdm"": ""000096"", ""agjc"": ""<a href='http://www.szse.cn/certificate/individual/index.html?code=000096' target='_blank'><u>广聚能源</u></a>"", ""agltgb"": ""5.10"", ""agssrq"": ""2000-07-24"", ""agzgb"": ""5.28"", ""bk"": ""主板"", ""gskzjglx"": ""-"", ""sfjybjqcy"": ""-"", ""sshymc"": ""F 批发零售"", ""ylbz"": ""-""}",OFFICIAL_SZSE_BOARD_FIELD
SZSE,MAIN,A_SHARE,000099,中信海直,2000-07-31,https://www.szse.cn/api/report/ShowReport/data?SHOWTYPE=JSON&CATALOGID=1110&TABKEY=tab1&PAGENO=3,"{""agdm"": ""000099"", ""agjc"": ""<a href='http://www.szse.cn/certificate/individual/index.html?code=000099' target='_blank'><u>中信海直</u></a>"", ""agltgb"": ""7.75"", ""agssrq"": ""2000-07-31"", ""agzgb"": ""7.75"", ""bk"": ""主板"", ""gskzjglx"": ""-"", ""sfjybjqcy"": ""-"", ""sshymc"": ""G 运输仓储"", ""ylbz"": ""-""}",OFFICIAL_SZSE_BOARD_FIELD
SZSE,MAIN,A_SHARE,000100,TCL科技,2004-01-30,https://www.szse.cn/api/report/ShowReport/data?SHOWTYPE=JSON&CATALOGID=1110&TABKEY=tab1&PAGENO=3,"{""agdm"": ""000100"", ""agjc"": ""<a href='http://www.szse.cn/certificate/individual/index.html?code=000100' target='_blank'><u>TCL科技</u></a>"", ""agltgb"": ""201.14"", ""agssrq"": ""2004-01-30"", ""agzgb"": ""208.00"", ""bk"": ""主板"", ""gskzjglx"": ""-"", ""sfjybjqcy"": ""-"", ""sshymc"": ""C 制造业"", ""ylbz"": ""-""}",OFFICIAL_SZSE_BOARD_FIELD
SZSE,MAIN,A_SHARE,000151,中成股份,2000-09-06,https://www.szse.cn/api/report/ShowReport/data?SHOWTYPE=JSON&CATALOGID=1110&TABKEY=tab1&PAGENO=3,"{""agdm"": ""000151"", ""agjc"": ""<a href='http://www.szse.cn/certificate/individual/index.html?code=000151' target='_blank'><u>中成股份</u></a>"", ""agltgb"": ""3.07"", ""agssrq"": ""2000-09-06"", ""agzgb"": ""3.50"", ""bk"": ""主板"", ""gskzjglx"": ""-"", ""sfjybjqcy"": ""-"", ""sshymc"": ""F 批发零售"", ""ylbz"": ""-""}",OFFICIAL_SZSE_BOARD_FIELD
SZSE,MAIN,A_SHARE,000153,丰原药业,2000-09-20,https://www.szse.cn/api/report/ShowReport/data?SHOWTYPE=JSON&CATALOGID=1110&TABKEY=tab1&PAGENO=3,"{""agdm"": ""000153"", ""agjc"": ""<a href='http://www.szse.cn/certificate/individual/index.html?code=000153' target='_blank'><u>丰原药业</u></a>"", ""agltgb"": ""4.60"", ""agssrq"": ""2000-09-20"", ""agzgb"": ""4.64"", ""bk"": ""主板"", ""gskzjglx"": ""-"", ""sfjybjqcy"": ""-"", ""sshymc"": ""C 制造业"", ""ylbz"": ""-""}",OFFICIAL_SZSE_BOARD_FIELD
SZSE,MAIN,A_SHARE,000155,川能动力,2000-09-26,https://www.szse.cn/api/report/ShowReport/data?SHOWTYPE=JSON&CATALOGID=1110&TABKEY=tab1&PAGENO=3,"{""agdm"": ""000155"", ""agjc"": ""<a href='http://www.szse.cn/certificate/individual/index.html?code=000155' target='_blank'><u>川能动力</u></a>"", ""agltgb"": ""18.46"", ""agssrq"": ""2000-09-26"", ""agzgb"": ""18.46"", ""bk"": ""主板"", ""gskzjglx"": ""-"", ""sfjybjqcy"": ""-"", ""sshymc"": ""D 水电煤气"", ""ylbz"": ""-""}",OFFICIAL_SZSE_BOARD_FIELD
SZSE,MAIN,A_SHARE,000156,华数传媒,2000-09-06,https://www.szse.cn/api/report/ShowReport/data?SHOWTYPE=JSON&CATALOGID=1110&TABKEY=tab1&PAGENO=3,"{""agdm"": ""000156"", ""agjc"": ""<a href='http://www.szse.cn/certificate/individual/index.html?code=000156' target='_blank'><u>华数传媒</u></a>"", ""agltgb"": ""16.99"", ""agssrq"": ""2000-09-06"", ""agzgb"": ""18.52"", ""bk"": ""主板"", ""gskzjglx"": ""-"", ""sfjybjqcy"": ""-"", ""sshymc"": ""I 信息技术"", ""ylbz"": ""-""}",OFFICIAL_SZSE_BOARD_FIELD
SZSE,MAIN,A_SHARE,000157,中联重科,2000-10-12,https://www.szse.cn/api/report/ShowReport/data?SHOWTYPE=JSON&CATALOGID=1110&TABKEY=tab1&PAGENO=3,"{""agdm"": ""000157"", ""agjc"": ""<a href='http://www.szse.cn/certificate/individual/index.html?code=000157' target='_blank'><u>中联重科</u></a>"", ""agltgb"": ""70.70"", ""agssrq"": ""2000-10-12"", ""agzgb"": ""70.96"", ""bk"": ""主板"", ""gskzjglx"": ""-"", ""sfjybjqcy"": ""-"", ""sshymc"": ""C 制造业"", ""ylbz"": ""-""}",OFFICIAL_SZSE_BOARD_FIELD
SZSE,MAIN,A_SHARE,000158,常山北明,2000-07-24,https://www.szse.cn/api/report/ShowReport/data?SHOWTYPE=JSON&CATALOGID=1110&TABKEY=tab1&PAGENO=3,"{""agdm"": ""000158"", ""agjc"": ""<a href='http://www.szse.cn/certificate/individual/index.html?code=000158' target='_blank'><u>常山北明</u></a>"", ""agltgb"": ""15.90"", ""agssrq"": ""2000-07-24"", ""agzgb"": ""15.98"", ""bk"": ""主板"", ""gskzjglx"": ""-"", ""sfjybjqcy"": ""-"", ""sshymc"": ""I 信息技术"", ""ylbz"": ""-""}",OFFICIAL_SZSE_BOARD_FIELD
SZSE,MAIN,A_SHARE,000159,国际实业,2000-09-26,https://www.szse.cn/api/report/ShowReport/data?SHOWTYPE=JSON&CATALOGID=1110&TABKEY=tab1&PAGENO=3,"{""agdm"": ""000159"", ""agjc"": ""<a href='http://www.szse.cn/certificate/individual/index.html?code=000159' target='_blank'><u>国际实业</u></a>"", ""agltgb"": ""4.80"", ""agssrq"": ""2000-09-26"", ""agzgb"": ""4.80"", ""bk"": ""主板"", ""gskzjglx"": ""-"", ""sfjybjqcy"": ""-"", ""sshymc"": ""F 批发零售"", ""ylbz"": ""-""}",OFFICIAL_SZSE_BOARD_FIELD
SZSE,MAIN,A_SHARE,000166,申万宏源,2015-01-26,https://www.szse.cn/api/report/ShowReport/data?SHOWTYPE=JSON&CATALOGID=1110&TABKEY=tab1&PAGENO=4,"{""agdm"": ""000166"", ""agjc"": ""<a href='http://www.szse.cn/certificate/individual/index.html?code=000166' target='_blank'><u>申万宏源</u></a>"", ""agltgb"": ""225.35"", ""agssrq"": ""2015-01-26"", ""agzgb"": ""225.35"", ""bk"": ""主板"", ""gskzjglx"": ""-"", ""sfjybjqcy"": ""-"", ""sshymc"": ""J 金融业"", ""ylbz"": ""-""}",OFFICIAL_SZSE_BOARD_FIELD
SZSE,MAIN,A_SHARE,000301,东方盛虹,2000-05-29,https://www.szse.cn/api/report/ShowReport/data?SHOWTYPE=JSON&CATALOGID=1110&TABKEY=tab1&PAGENO=4,"{""agdm"": ""000301"", ""agjc"": ""<a href='http://www.szse.cn/certificate/individual/index.html?code=000301' target='_blank'><u>东方盛虹</u></a>"", ""agltgb"": ""66.08"", ""agssrq"": ""2000-05-29"", ""agzgb"": ""66.11"", ""bk"": ""主板"", ""gskzjglx"": ""-"", ""sfjybjqcy"": ""-"", ""sshymc"": ""C 制造业"", ""ylbz"": ""-""}",OFFICIAL_SZSE_BOARD_FIELD
SZSE,MAIN,A_SHARE,000333,美的集团,2013-09-18,https://www.szse.cn/api/report/ShowReport/data?SHOWTYPE=JSON&CATALOGID=1110&TABKEY=tab1&PAGENO=4,"{""agdm"": ""000333"", ""agjc"": ""<a href='http://www.szse.cn/certificate/individual/index.html?code=000333' target='_blank'><u>美的集团</u></a>"", ""agltgb"": ""68.81"", ""agssrq"": ""2013-09-18"", ""agzgb"": ""69.74"", ""bk"": ""主板"", ""gskzjglx"": ""-"", ""sfjybjqcy"": ""-"", ""sshymc"": ""C 制造业"", ""ylbz"": ""-""}",OFFICIAL_SZSE_BOARD_FIELD
SZSE,MAIN,A_SHARE,000338,潍柴动力,2007-04-30,https://www.szse.cn/api/report/ShowReport/data?SHOWTYPE=JSON&CATALOGID=1110&TABKEY=tab1&PAGENO=4,"{""agdm"": ""000338"", ""agjc"": ""<a href='http://www.szse.cn/certificate/individual/index.html?code=000338' target='_blank'><u>潍柴动力</u></a>"", ""agltgb"": ""49.56"", ""agssrq"": ""2007-04-30"", ""agzgb"": ""66.97"", ""bk"": ""主板"", ""gskzjglx"": ""-"", ""sfjybjqcy"": ""-"", ""sshymc"": ""C 制造业"", ""ylbz"": ""-""}",OFFICIAL_SZSE_BOARD_FIELD
SZSE,MAIN,A_SHARE,000400,许继电气,1997-04-18,https://www.szse.cn/api/report/ShowReport/data?SHOWTYPE=JSON&CATALOGID=1110&TABKEY=tab1&PAGENO=4,"{""agdm"": ""000400"", ""agjc"": ""<a href='http://www.szse.cn/certificate/individual/index.html?code=000400' target='_blank'><u>许继电气</u></a>"", ""agltgb"": ""10.11"", ""agssrq"": ""1997-04-18"", ""agzgb"": ""10.18"", ""bk"": ""主板"", ""gskzjglx"": ""-"", ""sfjybjqcy"": ""-"", ""sshymc"": ""C 制造业"", ""ylbz"": ""-""}",OFFICIAL_SZSE_BOARD_FIELD
SZSE,MAIN,A_SHARE,000401,金隅冀东,1996-06-14,https://www.szse.cn/api/report/ShowReport/data?SHOWTYPE=JSON&CATALOGID=1110&TABKEY=tab1&PAGENO=4,"{""agdm"": ""000401"", ""agjc"": ""<a href='http://www.szse.cn/certificate/individual/index.html?code=000401' target='_blank'><u>金隅冀东</u></a>"", ""agltgb"": ""26.31"", ""agssrq"": ""1996-06-14"", ""agzgb"": ""26.56"", ""bk"": ""主板"", ""gskzjglx"": ""-"", ""sfjybjqcy"": ""-"", ""sshymc"": ""C 制造业"", ""ylbz"": ""-""}",OFFICIAL_SZSE_BOARD_FIELD
SZSE,MAIN,A_SHARE,000402,金 融 街,1996-06-26,https://www.szse.cn/api/report/ShowReport/data?SHOWTYPE=JSON&CATALOGID=1110&TABKEY=tab1&PAGENO=4,"{""agdm"": ""000402"", ""agjc"": ""<a href='http://www.szse.cn/certificate/individual/index.html?code=000402' target='_blank'><u>金 融 街</u></a>"", ""agltgb"": ""29.88"", ""agssrq"": ""1996-06-26"", ""agzgb"": ""29.88"", ""bk"": ""主板"", ""gskzjglx"": ""-"", ""sfjybjqcy"": ""-"", ""sshymc"": ""K 房地产"", ""ylbz"": ""-""}",OFFICIAL_SZSE_BOARD_FIELD
SZSE,MAIN,A_SHARE,000403,派林生物,1996-06-28,https://www.szse.cn/api/report/ShowReport/data?SHOWTYPE=JSON&CATALOGID=1110&TABKEY=tab1&PAGENO=4,"{""agdm"": ""000403"", ""agjc"": ""<a href='http://www.szse.cn/certificate/individual/index.html?code=000403' target='_blank'><u>派林生物</u></a>"", ""agltgb"": ""9.40"", ""agssrq"": ""1996-06-28"", ""agzgb"": ""9.50"", ""bk"": ""主板"", ""gskzjglx"": ""-"", ""sfjybjqcy"": ""-"", ""sshymc"": ""C 制造业"", ""ylbz"": ""-""}",OFFICIAL_SZSE_BOARD_FIELD
SZSE,MAIN,A_SHARE,000404,长虹华意,1996-06-19,https://www.szse.cn/api/report/ShowReport/data?SHOWTYPE=JSON&CATALOGID=1110&TABKEY=tab1&PAGENO=4,"{""agdm"": ""000404"", ""agjc"": ""<a href='http://www.szse.cn/certificate/individual/index.html?code=000404' target='_blank'><u>长虹华意</u></a>"", ""agltgb"": ""6.93"", ""agssrq"": ""1996-06-19"", ""agzgb"": ""6.95"", ""bk"": ""主板"", ""gskzjglx"": ""-"", ""sfjybjqcy"": ""-"", ""sshymc"": ""C 制造业"", ""ylbz"": ""-""}",OFFICIAL_SZSE_BOARD_FIELD
SZSE,MAIN,A_SHARE,000407,胜利股份,1996-07-03,https://www.szse.cn/api/report/ShowReport/data?SHOWTYPE=JSON&CATALOGID=1110&TABKEY=tab1&PAGENO=4,"{""agdm"": ""000407"", ""agjc"": ""<a href='http://www.szse.cn/certificate/individual/index.html?code=000407' target='_blank'><u>胜利股份</u></a>"", ""agltgb"": ""8.75"", ""agssrq"": ""1996-07-03"", ""agzgb"": ""8.80"", ""bk"": ""主板"", ""gskzjglx"": ""-"", ""sfjybjqcy"": ""-"", ""sshymc"": ""D 水电煤气"", ""ylbz"": ""-""}",OFFICIAL_SZSE_BOARD_FIELD
SZSE,MAIN,A_SHARE,000408,藏格矿业,1996-06-28,https://www.szse.cn/api/report/ShowReport/data?SHOWTYPE=JSON&CATALOGID=1110&TABKEY=tab1&PAGENO=4,"{""agdm"": ""000408"", ""agjc"": ""<a href='http://www.szse.cn/certificate/individual/index.html?code=000408' target='_blank'><u>藏格矿业</u></a>"", ""agltgb"": ""15.68"", ""agssrq"": ""1996-06-28"", ""agzgb"": ""15.68"", ""bk"": ""主板"", ""gskzjglx"": ""-"", ""sfjybjqcy"": ""-"", ""sshymc"": ""C 制造业"", ""ylbz"": ""-""}",OFFICIAL_SZSE_BOARD_FIELD
SZSE,MAIN,A_SHARE,000409,云鼎科技,1996-06-27,https://www.szse.cn/api/report/ShowReport/data?SHOWTYPE=JSON&CATALOGID=1110&TABKEY=tab1&PAGENO=4,"{""agdm"": ""000409"", ""agjc"": ""<a href='http://www.szse.cn/certificate/individual/index.html?code=000409' target='_blank'><u>云鼎科技</u></a>"", ""agltgb"": ""5.90"", ""agssrq"": ""1996-06-27"", ""agzgb"": ""6.77"", ""bk"": ""主板"", ""gskzjglx"": ""-"", ""sfjybjqcy"": ""-"", ""sshymc"": ""I 信息技术"", ""ylbz"": ""-""}",OFFICIAL_SZSE_BOARD_FIELD
SZSE,MAIN,A_SHARE,000410,沈阳机床,1996-07-18,https://www.szse.cn/api/report/ShowReport/data?SHOWTYPE=JSON&CATALOGID=1110&TABKEY=tab1&PAGENO=4,"{""agdm"": ""000410"", ""agjc"": ""<a href='http://www.szse.cn/certificate/individual/index.html?code=000410' target='_blank'><u>沈阳机床</u></a>"", ""agltgb"": ""19.71"", ""agssrq"": ""1996-07-18"", ""agzgb"": ""26.49"", ""bk"": ""主板"", ""gskzjglx"": ""-"", ""sfjybjqcy"": ""-"", ""sshymc"": ""C 制造业"", ""ylbz"": ""-""}",OFFICIAL_SZSE_BOARD_FIELD
SZSE,MAIN,A_SHARE,000411,英特集团,1996-07-16,https://www.szse.cn/api/report/ShowReport/data?SHOWTYPE=JSON&CATALOGID=1110&TABKEY=tab1&PAGENO=4,"{""agdm"": ""000411"", ""agjc"": ""<a href='http://www.szse.cn/certificate/individual/index.html?code=000411' target='_blank'><u>英特集团</u></a>"", ""agltgb"": ""5.63"", ""agssrq"": ""1996-07-16"", ""agzgb"": ""5.64"", ""bk"": ""主板"", ""gskzjglx"": ""-"", ""sfjybjqcy"": ""-"", ""sshymc"": ""F 批发零售"", ""ylbz"": ""-""}",OFFICIAL_SZSE_BOARD_FIELD
SZSE,MAIN,A_SHARE,000415,渤海租赁,1996-07-16,https://www.szse.cn/api/report/ShowReport/data?SHOWTYPE=JSON&CATALOGID=1110&TABKEY=tab1&PAGENO=4,"{""agdm"": ""000415"", ""agjc"": ""<a href='http://www.szse.cn/certificate/individual/index.html?code=000415' target='_blank'><u>渤海租赁</u></a>"", ""agltgb"": ""53.92"", ""agssrq"": ""1996-07-16"", ""agzgb"": ""61.84"", ""bk"": ""主板"", ""gskzjglx"": ""-"", ""sfjybjqcy"": ""-"", ""sshymc"": ""L 商务服务"", ""ylbz"": ""-""}",OFFICIAL_SZSE_BOARD_FIELD
SZSE,MAIN,A_SHARE,000417,合百集团,1996-08-12,https://www.szse.cn/api/report/ShowReport/data?SHOWTYPE=JSON&CATALOGID=1110&TABKEY=tab1&PAGENO=4,"{""agdm"": ""000417"", ""agjc"": ""<a href='http://www.szse.cn/certificate/individual/index.html?code=000417' target='_blank'><u>合百集团</u></a>"", ""agltgb"": ""7.79"", ""agssrq"": ""1996-08-12"", ""agzgb"": ""7.79"", ""bk"": ""主板"", ""gskzjglx"": ""-"", ""sfjybjqcy"": ""-"", ""sshymc"": ""F 批发零售"", ""ylbz"": ""-""}",OFFICIAL_SZSE_BOARD_FIELD
SZSE,MAIN,A_SHARE,000419,通程控股,1996-08-16,https://www.szse.cn/api/report/ShowReport/data?SHOWTYPE=JSON&CATALOGID=1110&TABKEY=tab1&PAGENO=4,"{""agdm"": ""000419"", ""agjc"": ""<a href='http://www.szse.cn/certificate/individual/index.html?code=000419' target='_blank'><u>通程控股</u></a>"", ""agltgb"": ""5.43"", ""agssrq"": ""1996-08-16"", ""agzgb"": ""5.43"", ""bk"": ""主板"", ""gskzjglx"": ""-"", ""sfjybjqcy"": ""-"", ""sshymc"": ""F 批发零售"", ""ylbz"": ""-""}",OFFICIAL_SZSE_BOARD_FIELD
SZSE,MAIN,A_SHARE,000420,吉林化纤,1996-08-02,https://www.szse.cn/api/report/ShowReport/data?SHOWTYPE=JSON&CATALOGID=1110&TABKEY=tab1&PAGENO=4,"{""agdm"": ""000420"", ""agjc"": ""<a href='http://www.szse.cn/certificate/individual/index.html?code=000420' target='_blank'><u>吉林化纤</u></a>"", ""agltgb"": ""24.58"", ""agssrq"": ""1996-08-02"", ""agzgb"": ""24.58"", ""bk"": ""主板"", ""gskzjglx"": ""-"", ""sfjybjqcy"": ""-"", ""sshymc"": ""C 制造业"", ""ylbz"": ""-""}",OFFICIAL_SZSE_BOARD_FIELD
SZSE,MAIN,A_SHARE,000421,南京公用,1996-08-06,https://www.szse.cn/api/report/ShowReport/data?SHOWTYPE=JSON&CATALOGID=1110&TABKEY=tab1&PAGENO=4,"{""agdm"": ""000421"", ""agjc"": ""<a href='http://www.szse.cn/certificate/individual/index.html?code=000421' target='_blank'><u>南京公用</u></a>"", ""agltgb"": ""5.74"", ""agssrq"": ""1996-08-06"", ""agzgb"": ""5.74"", ""bk"": ""主板"", ""gskzjglx"": ""-"", ""sfjybjqcy"": ""-"", ""sshymc"": ""D 水电煤气"", ""ylbz"": ""-""}",OFFICIAL_SZSE_BOARD_FIELD
SZSE,MAIN,A_SHARE,000422,湖北宜化,1996-08-15,https://www.szse.cn/api/report/ShowReport/data?SHOWTYPE=JSON&CATALOGID=1110&TABKEY=tab1&PAGENO=4,"{""agdm"": ""000422"", ""agjc"": ""<a href='http://www.szse.cn/certificate/individual/index.html?code=000422' target='_blank'><u>湖北宜化</u></a>"", ""agltgb"": ""10.57"", ""agssrq"": ""1996-08-15"", ""agzgb"": ""10.87"", ""bk"": ""主板"", ""gskzjglx"": ""-"", ""sfjybjqcy"": ""-"", ""sshymc"": ""C 制造业"", ""ylbz"": ""-""}",OFFICIAL_SZSE_BOARD_FIELD
SZSE,MAIN,A_SHARE,000423,东阿阿胶,1996-07-29,https://www.szse.cn/api/report/ShowReport/data?SHOWTYPE=JSON&CATALOGID=1110&TABKEY=tab1&PAGENO=5,"{""agdm"": ""000423"", ""agjc"": ""<a href='http://www.szse.cn/certificate/individual/index.html?code=000423' target='_blank'><u>东阿阿胶</u></a>"", ""agltgb"": ""6.38"", ""agssrq"": ""1996-07-29"", ""agzgb"": ""6.39"", ""bk"": ""主板"", ""gskzjglx"": ""-"", ""sfjybjqcy"": ""-"", ""sshymc"": ""C 制造业"", ""ylbz"": ""-""}",OFFICIAL_SZSE_BOARD_FIELD
SZSE,MAIN,A_SHARE,000425,徐工机械,1996-08-28,https://www.szse.cn/api/report/ShowReport/data?SHOWTYPE=JSON&CATALOGID=1110&TABKEY=tab1&PAGENO=5,"{""agdm"": ""000425"", ""agjc"": ""<a href='http://www.szse.cn/certificate/individual/index.html?code=000425' target='_blank'><u>徐工机械</u></a>"", ""agltgb"": ""89.99"", ""agssrq"": ""1996-08-28"", ""agzgb"": ""117.11"", ""bk"": ""主板"", ""gskzjglx"": ""-"", ""sfjybjqcy"": ""-"", ""sshymc"": ""C 制造业"", ""ylbz"": ""-""}",OFFICIAL_SZSE_BOARD_FIELD
SZSE,MAIN,A_SHARE,000426,兴业银锡,1996-08-28,https://www.szse.cn/api/report/ShowReport/data?SHOWTYPE=JSON&CATALOGID=1110&TABKEY=tab1&PAGENO=5,"{""agdm"": ""000426"", ""agjc"": ""<a href='http://www.szse.cn/certificate/individual/index.html?code=000426' target='_blank'><u>兴业银锡</u></a>"", ""agltgb"": ""17.75"", ""agssrq"": ""1996-08-28"", ""agzgb"": ""17.75"", ""bk"": ""主板"", ""gskzjglx"": ""-"", ""sfjybjqcy"": ""-"", ""sshymc"": ""B 采矿业"", ""ylbz"": ""-""}",OFFICIAL_SZSE_BOARD_FIELD
SZSE,MAIN,A_SHARE,000428,华天酒店,1996-08-08,https://www.szse.cn/api/report/ShowReport/data?SHOWTYPE=JSON&CATALOGID=1110&TABKEY=tab1&PAGENO=5,"{""agdm"": ""000428"", ""agjc"": ""<a href='http://www.szse.cn/certificate/individual/index.html?code=000428' target='_blank'><u>华天酒店</u></a>"", ""agltgb"": ""10.18"", ""agssrq"": ""1996-08-08"", ""agzgb"": ""10.18"", ""bk"": ""主板"", ""gskzjglx"": ""-"", ""sfjybjqcy"": ""-"", ""sshymc"": ""H 住宿餐饮"", ""ylbz"": ""-""}",OFFICIAL_SZSE_BOARD_FIELD
SZSE,MAIN,A_SHARE,000429,粤高速Ａ,1998-02-20,https://www.szse.cn/api/report/ShowReport/data?SHOWTYPE=JSON&CATALOGID=1110&TABKEY=tab1&PAGENO=5,"{""agdm"": ""000429"", ""agjc"": ""<a href='http://www.szse.cn/certificate/individual/index.html?code=000429' target='_blank'><u>粤高速Ａ</u></a>"", ""agltgb"": ""13.03"", ""agssrq"": ""1998-02-20"", ""agzgb"": ""17.42"", ""bk"": ""主板"", ""gskzjglx"": ""-"", ""sfjybjqcy"": ""-"", ""sshymc"": ""G 运输仓储"", ""ylbz"": ""-""}",OFFICIAL_SZSE_BOARD_FIELD
SZSE,MAIN,A_SHARE,000430,张家界,1996-08-29,https://www.szse.cn/api/report/ShowReport/data?SHOWTYPE=JSON&CATALOGID=1110&TABKEY=tab1&PAGENO=5,"{""agdm"": ""000430"", ""agjc"": ""<a href='http://www.szse.cn/certificate/individual/index.html?code=000430' target='_blank'><u>张家界</u></a>"", ""agltgb"": ""3.70"", ""agssrq"": ""1996-08-29"", ""agzgb"": ""8.09"", ""bk"": ""主板"", ""gskzjglx"": ""-"", ""sfjybjqcy"": ""-"", ""sshymc"": ""N 公共环保"", ""ylbz"": ""-""}",OFFICIAL_SZSE_BOARD_FIELD
SZSE,MAIN,A_SHARE,000488,ST晨鸣,2000-11-20,https://www.szse.cn/api/report/ShowReport/data?SHOWTYPE=JSON&CATALOGID=1110&TABKEY=tab1&PAGENO=5,"{""agdm"": ""000488"", ""agjc"": ""<a href='http://www.szse.cn/certificate/individual/index.html?code=000488' target='_blank'><u>ST晨鸣</u></a>"", ""agltgb"": ""16.99"", ""agssrq"": ""2000-11-20"", ""agzgb"": ""17.06"", ""bk"": ""主板"", ""gskzjglx"": ""-"", ""sfjybjqcy"": ""-"", ""sshymc"": ""C 制造业"", ""ylbz"": ""-""}",OFFICIAL_SZSE_BOARD_FIELD
SZSE,MAIN,A_SHARE,000498,山东路桥,1997-06-09,https://www.szse.cn/api/report/ShowReport/data?SHOWTYPE=JSON&CATALOGID=1110&TABKEY=tab1&PAGENO=5,"{""agdm"": ""000498"", ""agjc"": ""<a href='http://www.szse.cn/certificate/individual/index.html?code=000498' target='_blank'><u>山东路桥</u></a>"", ""agltgb"": ""14.49"", ""agssrq"": ""1997-06-09"", ""agzgb"": ""15.52"", ""bk"": ""主板"", ""gskzjglx"": ""-"", ""sfjybjqcy"": ""-"", ""sshymc"": ""E 建筑业"", ""ylbz"": ""-""}",OFFICIAL_SZSE_BOARD_FIELD
SZSE,MAIN,A_SHARE,000501,武商集团,1992-11-20,https://www.szse.cn/api/report/ShowReport/data?SHOWTYPE=JSON&CATALOGID=1110&TABKEY=tab1&PAGENO=5,"{""agdm"": ""000501"", ""agjc"": ""<a href='http://www.szse.cn/certificate/individual/index.html?code=000501' target='_blank'><u>武商集团</u></a>"", ""agltgb"": ""7.68"", ""agssrq"": ""1992-11-20"", ""agzgb"": ""7.68"", ""bk"": ""主板"", ""gskzjglx"": ""-"", ""sfjybjqcy"": ""-"", ""sshymc"": ""F 批发零售"", ""ylbz"": ""-""}",OFFICIAL_SZSE_BOARD_FIELD
SZSE,MAIN,A_SHARE,000503,国新健康,1992-11-30,https://www.szse.cn/api/report/ShowReport/data?SHOWTYPE=JSON&CATALOGID=1110&TABKEY=tab1&PAGENO=5,"{""agdm"": ""000503"", ""agjc"": ""<a href='http://www.szse.cn/certificate/individual/index.html?code=000503' target='_blank'><u>国新健康</u></a>"", ""agltgb"": ""9.79"", ""agssrq"": ""1992-11-30"", ""agzgb"": ""9.79"", ""bk"": ""主板"", ""gskzjglx"": ""-"", ""sfjybjqcy"": ""-"", ""sshymc"": ""I 信息技术"", ""ylbz"": ""-""}",OFFICIAL_SZSE_BOARD_FIELD
SZSE,MAIN,A_SHARE,000504,南华生物,1992-12-08,https://www.szse.cn/api/report/ShowReport/data?SHOWTYPE=JSON&CATALOGID=1110&TABKEY=tab1&PAGENO=5,"{""agdm"": ""000504"", ""agjc"": ""<a href='http://www.szse.cn/certificate/individual/index.html?code=000504' target='_blank'><u>南华生物</u></a>"", ""agltgb"": ""3.29"", ""agssrq"": ""1992-12-08"", ""agzgb"": ""3.30"", ""bk"": ""主板"", ""gskzjglx"": ""-"", ""sfjybjqcy"": ""-"", ""sshymc"": ""M 科研服务"", ""ylbz"": ""-""}",OFFICIAL_SZSE_BOARD_FIELD
SZSE,MAIN,A_SHARE,000505,京粮控股,1992-12-21,https://www.szse.cn/api/report/ShowReport/data?SHOWTYPE=JSON&CATALOGID=1110&TABKEY=tab1&PAGENO=5,"{""agdm"": ""000505"", ""agjc"": ""<a href='http://www.szse.cn/certificate/individual/index.html?code=000505' target='_blank'><u>京粮控股</u></a>"", ""agltgb"": ""6.61"", ""agssrq"": ""1992-12-21"", ""agzgb"": ""6.61"", ""bk"": ""主板"", ""gskzjglx"": ""-"", ""sfjybjqcy"": ""-"", ""sshymc"": ""C 制造业"", ""ylbz"": ""-""}",OFFICIAL_SZSE_BOARD_FIELD
SZSE,MAIN,A_SHARE,000506,招金黄金,1993-03-12,https://www.szse.cn/api/report/ShowReport/data?SHOWTYPE=JSON&CATALOGID=1110&TABKEY=tab1&PAGENO=5,"{""agdm"": ""000506"", ""agjc"": ""<a href='http://www.szse.cn/certificate/individual/index.html?code=000506' target='_blank'><u>招金黄金</u></a>"", ""agltgb"": ""9.28"", ""agssrq"": ""1993-03-12"", ""agzgb"": ""9.29"", ""bk"": ""主板"", ""gskzjglx"": ""-"", ""sfjybjqcy"": ""-"", ""sshymc"": ""B 采矿业"", ""ylbz"": ""-""}",OFFICIAL_SZSE_BOARD_FIELD
SZSE,MAIN,A_SHARE,000507,珠海港,1993-03-26,https://www.szse.cn/api/report/ShowReport/data?SHOWTYPE=JSON&CATALOGID=1110&TABKEY=tab1&PAGENO=5,"{""agdm"": ""000507"", ""agjc"": ""<a href='http://www.szse.cn/certificate/individual/index.html?code=000507' target='_blank'><u>珠海港</u></a>"", ""agltgb"": ""9.02"", ""agssrq"": ""1993-03-26"", ""agzgb"": ""9.19"", ""bk"": ""主板"", ""gskzjglx"": ""-"", ""sfjybjqcy"": ""-"", ""sshymc"": ""G 运输仓储"", ""ylbz"": ""-""}",OFFICIAL_SZSE_BOARD_FIELD
SZSE,MAIN,A_SHARE,000509,华塑控股,1993-05-07,https://www.szse.cn/api/report/ShowReport/data?SHOWTYPE=JSON&CATALOGID=1110&TABKEY=tab1&PAGENO=5,"{""agdm"": ""000509"", ""agjc"": ""<a href='http://www.szse.cn/certificate/individual/index.html?code=000509' target='_blank'><u>华塑控股</u></a>"", ""agltgb"": ""10.73"", ""agssrq"": ""1993-05-07"", ""agzgb"": ""10.73"", ""bk"": ""主板"", ""gskzjglx"": ""-"", ""sfjybjqcy"": ""-"", ""sshymc"": ""C 制造业"", ""ylbz"": ""-""}",OFFICIAL_SZSE_BOARD_FIELD
SZSE,MAIN,A_SHARE,000510,新金路,1993-05-07,https://www.szse.cn/api/report/ShowReport/data?SHOWTYPE=JSON&CATALOGID=1110&TABKEY=tab1&PAGENO=5,"{""agdm"": ""000510"", ""agjc"": ""<a href='http://www.szse.cn/certificate/individual/index.html?code=000510' target='_blank'><u>新金路</u></a>"", ""agltgb"": ""6.06"", ""agssrq"": ""1993-05-07"", ""agzgb"": ""6.48"", ""bk"": ""主板"", ""gskzjglx"": ""-"", ""sfjybjqcy"": ""-"", ""sshymc"": ""C 制造业"", ""ylbz"": ""-""}",OFFICIAL_SZSE_BOARD_FIELD
SZSE,MAIN,A_SHARE,000513,丽珠集团,1993-10-28,https://www.szse.cn/api/report/ShowReport/data?SHOWTYPE=JSON&CATALOGID=1110&TABKEY=tab1&PAGENO=5,"{""agdm"": ""000513"", ""agjc"": ""<a href='http://www.szse.cn/certificate/individual/index.html?code=000513' target='_blank'><u>丽珠集团</u></a>"", ""agltgb"": ""5.67"", ""agssrq"": ""1993-10-28"", ""agzgb"": ""5.88"", ""bk"": ""主板"", ""gskzjglx"": ""-"", ""sfjybjqcy"": ""-"", ""sshymc"": ""C 制造业"", ""ylbz"": ""-""}",OFFICIAL_SZSE_BOARD_FIELD
SZSE,MAIN,A_SHARE,000514,渝 开 发,1993-07-12,https://www.szse.cn/api/report/ShowReport/data?SHOWTYPE=JSON&CATALOGID=1110&TABKEY=tab1&PAGENO=5,"{""agdm"": ""000514"", ""agjc"": ""<a href='http://www.szse.cn/certificate/individual/index.html?code=000514' target='_blank'><u>渝 开 发</u></a>"", ""agltgb"": ""8.43"", ""agssrq"": ""1993-07-12"", ""agzgb"": ""8.43"", ""bk"": ""主板"", ""gskzjglx"": ""-"", ""sfjybjqcy"": ""-"", ""sshymc"": ""K 房地产"", ""ylbz"": ""-""}",OFFICIAL_SZSE_BOARD_FIELD
SZSE,MAIN,A_SHARE,000516,国际医学,1993-08-09,https://www.szse.cn/api/report/ShowReport/data?SHOWTYPE=JSON&CATALOGID=1110&TABKEY=tab1&PAGENO=5,"{""agdm"": ""000516"", ""agjc"": ""<a href='http://www.szse.cn/certificate/individual/index.html?code=000516' target='_blank'><u>国际医学</u></a>"", ""agltgb"": ""22.04"", ""agssrq"": ""1993-08-09"", ""agzgb"": ""22.38"", ""bk"": ""主板"", ""gskzjglx"": ""-"", ""sfjybjqcy"": ""-"", ""sshymc"": ""Q 卫生"", ""ylbz"": ""-""}",OFFICIAL_SZSE_BOARD_FIELD
SZSE,MAIN,A_SHARE,000517,荣安地产,1993-08-06,https://www.szse.cn/api/report/ShowReport/data?SHOWTYPE=JSON&CATALOGID=1110&TABKEY=tab1&PAGENO=5,"{""agdm"": ""000517"", ""agjc"": ""<a href='http://www.szse.cn/certificate/individual/index.html?code=000517' target='_blank'><u>荣安地产</u></a>"", ""agltgb"": ""24.91"", ""agssrq"": ""1993-08-06"", ""agzgb"": ""31.83"", ""bk"": ""主板"", ""gskzjglx"": ""-"", ""sfjybjqcy"": ""-"", ""sshymc"": ""K 房地产"", ""ylbz"": ""-""}",OFFICIAL_SZSE_BOARD_FIELD
SZSE,MAIN,A_SHARE,000518,四环生物,1993-09-08,https://www.szse.cn/api/report/ShowReport/data?SHOWTYPE=JSON&CATALOGID=1110&TABKEY=tab1&PAGENO=6,"{""agdm"": ""000518"", ""agjc"": ""<a href='http://www.szse.cn/certificate/individual/index.html?code=000518' target='_blank'><u>四环生物</u></a>"", ""agltgb"": ""10.29"", ""agssrq"": ""1993-09-08"", ""agzgb"": ""10.29"", ""bk"": ""主板"", ""gskzjglx"": ""-"", ""sfjybjqcy"": ""-"", ""sshymc"": ""C 制造业"", ""ylbz"": ""-""}",OFFICIAL_SZSE_BOARD_FIELD
SZSE,MAIN,A_SHARE,000519,中兵红箭,1993-10-08,https://www.szse.cn/api/report/ShowReport/data?SHOWTYPE=JSON&CATALOGID=1110&TABKEY=tab1&PAGENO=6,"{""agdm"": ""000519"", ""agjc"": ""<a href='http://www.szse.cn/certificate/individual/index.html?code=000519' target='_blank'><u>中兵红箭</u></a>"", ""agltgb"": ""13.92"", ""agssrq"": ""1993-10-08"", ""agzgb"": ""13.92"", ""bk"": ""主板"", ""gskzjglx"": ""-"", ""sfjybjqcy"": ""-"", ""sshymc"": ""C 制造业"", ""ylbz"": ""-""}",OFFICIAL_SZSE_BOARD_FIELD
SZSE,MAIN,A_SHARE,000520,凤凰航运,1993-10-25,https://www.szse.cn/api/report/ShowReport/data?SHOWTYPE=JSON&CATALOGID=1110&TABKEY=tab1&PAGENO=6,"{""agdm"": ""000520"", ""agjc"": ""<a href='http://www.szse.cn/certificate/individual/index.html?code=000520' target='_blank'><u>凤凰航运</u></a>"", ""agltgb"": ""10.12"", ""agssrq"": ""1993-10-25"", ""agzgb"": ""10.12"", ""bk"": ""主板"", ""gskzjglx"": ""-"", ""sfjybjqcy"": ""-"", ""sshymc"": ""G 运输仓储"", ""ylbz"": ""-""}",OFFICIAL_SZSE_BOARD_FIELD
SZSE,MAIN,A_SHARE,000521,长虹美菱,1993-10-18,https://www.szse.cn/api/report/ShowReport/data?SHOWTYPE=JSON&CATALOGID=1110&TABKEY=tab1&PAGENO=6,"{""agdm"": ""000521"", ""agjc"": ""<a href='http://www.szse.cn/certificate/individual/index.html?code=000521' target='_blank'><u>长虹美菱</u></a>"", ""agltgb"": ""8.75"", ""agssrq"": ""1993-10-18"", ""agzgb"": ""8.81"", ""bk"": ""主板"", ""gskzjglx"": ""-"", ""sfjybjqcy"": ""-"", ""sshymc"": ""C 制造业"", ""ylbz"": ""-""}",OFFICIAL_SZSE_BOARD_FIELD
SZSE,MAIN,A_SHARE,000523,红棉股份,1993-11-08,https://www.szse.cn/api/report/ShowReport/data?SHOWTYPE=JSON&CATALOGID=1110&TABKEY=tab1&PAGENO=6,"{""agdm"": ""000523"", ""agjc"": ""<a href='http://www.szse.cn/certificate/individual/index.html?code=000523' target='_blank'><u>红棉股份</u></a>"", ""agltgb"": ""17.94"", ""agssrq"": ""1993-11-08"", ""agzgb"": ""18.35"", ""bk"": ""主板"", ""gskzjglx"": ""-"", ""sfjybjqcy"": ""-"", ""sshymc"": ""C 制造业"", ""ylbz"": ""-""}",OFFICIAL_SZSE_BOARD_FIELD
SZSE,MAIN,A_SHARE,000524,岭南控股,1993-11-18,https://www.szse.cn/api/report/ShowReport/data?SHOWTYPE=JSON&CATALOGID=1110&TABKEY=tab1&PAGENO=6,"{""agdm"": ""000524"", ""agjc"": ""<a href='http://www.szse.cn/certificate/individual/index.html?code=000524' target='_blank'><u>岭南控股</u></a>"", ""agltgb"": ""6.70"", ""agssrq"": ""1993-11-18"", ""agzgb"": ""6.70"", ""bk"": ""主板"", ""gskzjglx"": ""-"", ""sfjybjqcy"": ""-"", ""sshymc"": ""L 商务服务"", ""ylbz"": ""-""}",OFFICIAL_SZSE_BOARD_FIELD
SZSE,MAIN,A_SHARE,000525,红太阳,1993-10-28,https://www.szse.cn/api/report/ShowReport/data?SHOWTYPE=JSON&CATALOGID=1110&TABKEY=tab1&PAGENO=6,"{""agdm"": ""000525"", ""agjc"": ""<a href='http://www.szse.cn/certificate/individual/index.html?code=000525' target='_blank'><u>红太阳</u></a>"", ""agltgb"": ""11.11"", ""agssrq"": ""1993-10-28"", ""agzgb"": ""13.03"", ""bk"": ""主板"", ""gskzjglx"": ""-"", ""sfjybjqcy"": ""-"", ""sshymc"": ""C 制造业"", ""ylbz"": ""-""}",OFFICIAL_SZSE_BOARD_FIELD
SZSE,MAIN,A_SHARE,000526,学大教育,1993-11-01,https://www.szse.cn/api/report/ShowReport/data?SHOWTYPE=JSON&CATALOGID=1110&TABKEY=tab1&PAGENO=6,"{""agdm"": ""000526"", ""agjc"": ""<a href='http://www.szse.cn/certificate/individual/index.html?code=000526' target='_blank'><u>学大教育</u></a>"", ""agltgb"": ""1.19"", ""agssrq"": ""1993-11-01"", ""agzgb"": ""1.21"", ""bk"": ""主板"", ""gskzjglx"": ""-"", ""sfjybjqcy"": ""-"", ""sshymc"": ""P 教育"", ""ylbz"": ""-""}",OFFICIAL_SZSE_BOARD_FIELD
SZSE,MAIN,A_SHARE,000528,柳 工,1993-11-18,https://www.szse.cn/api/report/ShowReport/data?SHOWTYPE=JSON&CATALOGID=1110&TABKEY=tab1&PAGENO=6,"{""agdm"": ""000528"", ""agjc"": ""<a href='http://www.szse.cn/certificate/individual/index.html?code=000528' target='_blank'><u>柳    工</u></a>"", ""agltgb"": ""20.35"", ""agssrq"": ""1993-11-18"", ""agzgb"": ""20.37"", ""bk"": ""主板"", ""gskzjglx"": ""-"", ""sfjybjqcy"": ""-"", ""sshymc"": ""C 制造业"", ""ylbz"": ""-""}",OFFICIAL_SZSE_BOARD_FIELD
SZSE,MAIN,A_SHARE,000529,广弘控股,1993-11-18,https://www.szse.cn/api/report/ShowReport/data?SHOWTYPE=JSON&CATALOGID=1110&TABKEY=tab1&PAGENO=6,"{""agdm"": ""000529"", ""agjc"": ""<a href='http://www.szse.cn/certificate/individual/index.html?code=000529' target='_blank'><u>广弘控股</u></a>"", ""agltgb"": ""5.69"", ""agssrq"": ""1993-11-18"", ""agzgb"": ""5.83"", ""bk"": ""主板"", ""gskzjglx"": ""-"", ""sfjybjqcy"": ""-"", ""sshymc"": ""C 制造业"", ""ylbz"": ""-""}",OFFICIAL_SZSE_BOARD_FIELD
SZSE,MAIN,A_SHARE,000530,冰山冷热,1993-12-08,https://www.szse.cn/api/report/ShowReport/data?SHOWTYPE=JSON&CATALOGID=1110&TABKEY=tab1&PAGENO=6,"{""agdm"": ""000530"", ""agjc"": ""<a href='http://www.szse.cn/certificate/individual/index.html?code=000530' target='_blank'><u>冰山冷热</u></a>"", ""agltgb"": ""6.00"", ""agssrq"": ""1993-12-08"", ""agzgb"": ""6.01"", ""bk"": ""主板"", ""gskzjglx"": ""-"", ""sfjybjqcy"": ""-"", ""sshymc"": ""C 制造业"", ""ylbz"": ""-""}",OFFICIAL_SZSE_BOARD_FIELD
SZSE,MAIN,A_SHARE,000531,穗恒运Ａ,1994-01-06,https://www.szse.cn/api/report/ShowReport/data?SHOWTYPE=JSON&CATALOGID=1110&TABKEY=tab1&PAGENO=6,"{""agdm"": ""000531"", ""agjc"": ""<a href='http://www.szse.cn/certificate/individual/index.html?code=000531' target='_blank'><u>穗恒运Ａ</u></a>"", ""agltgb"": ""9.09"", ""agssrq"": ""1994-01-06"", ""agzgb"": ""10.41"", ""bk"": ""主板"", ""gskzjglx"": ""-"", ""sfjybjqcy"": ""-"", ""sshymc"": ""D 水电煤气"", ""ylbz"": ""-""}",OFFICIAL_SZSE_BOARD_FIELD
SZSE,MAIN,A_SHARE,000532,华金资本,1994-01-03,https://www.szse.cn/api/report/ShowReport/data?SHOWTYPE=JSON&CATALOGID=1110&TABKEY=tab1&PAGENO=6,"{""agdm"": ""000532"", ""agjc"": ""<a href='http://www.szse.cn/certificate/individual/index.html?code=000532' target='_blank'><u>华金资本</u></a>"", ""agltgb"": ""3.43"", ""agssrq"": ""1994-01-03"", ""agzgb"": ""3.44"", ""bk"": ""主板"", ""gskzjglx"": ""-"", ""sfjybjqcy"": ""-"", ""sshymc"": ""S 综合"", ""ylbz"": ""-""}",OFFICIAL_SZSE_BOARD_FIELD
SZSE,MAIN,A_SHARE,000533,顺钠股份,1994-01-03,https://www.szse.cn/api/report/ShowReport/data?SHOWTYPE=JSON&CATALOGID=1110&TABKEY=tab1&PAGENO=6,"{""agdm"": ""000533"", ""agjc"": ""<a href='http://www.szse.cn/certificate/individual/index.html?code=000533' target='_blank'><u>顺钠股份</u></a>"", ""agltgb"": ""6.84"", ""agssrq"": ""1994-01-03"", ""agzgb"": ""6.90"", ""bk"": ""主板"", ""gskzjglx"": ""-"", ""sfjybjqcy"": ""-"", ""sshymc"": ""C 制造业"", ""ylbz"": ""-""}",OFFICIAL_SZSE_BOARD_FIELD
SZSE,MAIN,A_SHARE,000534,万泽股份,1994-01-10,https://www.szse.cn/api/report/ShowReport/data?SHOWTYPE=JSON&CATALOGID=1110&TABKEY=tab1&PAGENO=6,"{""agdm"": ""000534"", ""agjc"": ""<a href='http://www.szse.cn/certificate/individual/index.html?code=000534' target='_blank'><u>万泽股份</u></a>"", ""agltgb"": ""5.02"", ""agssrq"": ""1994-01-10"", ""agzgb"": ""5.09"", ""bk"": ""主板"", ""gskzjglx"": ""-"", ""sfjybjqcy"": ""-"", ""sshymc"": ""C 制造业"", ""ylbz"": ""-""}",OFFICIAL_SZSE_BOARD_FIELD
SZSE,MAIN,A_SHARE,000536,华映科技,1993-11-26,https://www.szse.cn/api/report/ShowReport/data?SHOWTYPE=JSON&CATALOGID=1110&TABKEY=tab1&PAGENO=6,"{""agdm"": ""000536"", ""agjc"": ""<a href='http://www.szse.cn/certificate/individual/index.html?code=000536' target='_blank'><u>华映科技</u></a>"", ""agltgb"": ""27.63"", ""agssrq"": ""1993-11-26"", ""agzgb"": ""27.66"", ""bk"": ""主板"", ""gskzjglx"": ""-"", ""sfjybjqcy"": ""-"", ""sshymc"": ""C 制造业"", ""ylbz"": ""-""}",OFFICIAL_SZSE_BOARD_FIELD
SZSE,MAIN,A_SHARE,000537,绿发电力,1993-12-10,https://www.szse.cn/api/report/ShowReport/data?SHOWTYPE=JSON&CATALOGID=1110&TABKEY=tab1&PAGENO=6,"{""agdm"": ""000537"", ""agjc"": ""<a href='http://www.szse.cn/certificate/individual/index.html?code=000537' target='_blank'><u>绿发电力</u></a>"", ""agltgb"": ""20.55"", ""agssrq"": ""1993-12-10"", ""agzgb"": ""20.55"", ""bk"": ""主板"", ""gskzjglx"": ""-"", ""sfjybjqcy"": ""-"", ""sshymc"": ""D 水电煤气"", ""ylbz"": ""-""}",OFFICIAL_SZSE_BOARD_FIELD
SZSE,MAIN,A_SHARE,000538,云南白药,1993-12-15,https://www.szse.cn/api/report/ShowReport/data?SHOWTYPE=JSON&CATALOGID=1110&TABKEY=tab1&PAGENO=6,"{""agdm"": ""000538"", ""agjc"": ""<a href='http://www.szse.cn/certificate/individual/index.html?code=000538' target='_blank'><u>云南白药</u></a>"", ""agltgb"": ""17.84"", ""agssrq"": ""1993-12-15"", ""agzgb"": ""17.84"", ""bk"": ""主板"", ""gskzjglx"": ""-"", ""sfjybjqcy"": ""-"", ""sshymc"": ""C 制造业"", ""ylbz"": ""-""}",OFFICIAL_SZSE_BOARD_FIELD
SZSE,MAIN,A_SHARE,000539,粤电力Ａ,1993-11-26,https://www.szse.cn/api/report/ShowReport/data?SHOWTYPE=JSON&CATALOGID=1110&TABKEY=tab1&PAGENO=6,"{""agdm"": ""000539"", ""agjc"": ""<a href='http://www.szse.cn/certificate/individual/index.html?code=000539' target='_blank'><u>粤电力Ａ</u></a>"", ""agltgb"": ""25.55"", ""agssrq"": ""1993-11-26"", ""agzgb"": ""44.51"", ""bk"": ""主板"", ""gskzjglx"": ""-"", ""sfjybjqcy"": ""-"", ""sshymc"": ""D 水电煤气"", ""ylbz"": ""-""}",OFFICIAL_SZSE_BOARD_FIELD
SZSE,MAIN,A_SHARE,000541,佛山照明,1993-11-23,https://www.szse.cn/api/report/ShowReport/data?SHOWTYPE=JSON&CATALOGID=1110&TABKEY=tab1&PAGENO=6,"{""agdm"": ""000541"", ""agjc"": ""<a href='http://www.szse.cn/certificate/individual/index.html?code=000541' target='_blank'><u>佛山照明</u></a>"", ""agltgb"": ""12.30"", ""agssrq"": ""1993-11-23"", ""agzgb"": ""12.32"", ""bk"": ""主板"", ""gskzjglx"": ""-"", ""sfjybjqcy"": ""-"", ""sshymc"": ""C 制造业"", ""ylbz"": ""-""}",OFFICIAL_SZSE_BOARD_FIELD
SZSE,MAIN,A_SHARE,000543,皖能电力,1993-12-20,https://www.szse.cn/api/report/ShowReport/data?SHOWTYPE=JSON&CATALOGID=1110&TABKEY=tab1&PAGENO=7,"{""agdm"": ""000543"", ""agjc"": ""<a href='http://www.szse.cn/certificate/individual/index.html?code=000543' target='_blank'><u>皖能电力</u></a>"", ""agltgb"": ""22.66"", ""agssrq"": ""1993-12-20"", ""agzgb"": ""22.66"", ""bk"": ""主板"", ""gskzjglx"": ""-"", ""sfjybjqcy"": ""-"", ""sshymc"": ""D 水电煤气"", ""ylbz"": ""-""}",OFFICIAL_SZSE_BOARD_FIELD
SZSE,MAIN,A_SHARE,000544,中原环保,1993-12-08,https://www.szse.cn/api/report/ShowReport/data?SHOWTYPE=JSON&CATALOGID=1110&TABKEY=tab1&PAGENO=7,"{""agdm"": ""000544"", ""agjc"": ""<a href='http://www.szse.cn/certificate/individual/index.html?code=000544' target='_blank'><u>中原环保</u></a>"", ""agltgb"": ""9.74"", ""agssrq"": ""1993-12-08"", ""agzgb"": ""9.74"", ""bk"": ""主板"", ""gskzjglx"": ""-"", ""sfjybjqcy"": ""-"", ""sshymc"": ""D 水电煤气"", ""ylbz"": ""-""}",OFFICIAL_SZSE_BOARD_FIELD
SZSE,MAIN,A_SHARE,000545,金浦钛业,1993-12-15,https://www.szse.cn/api/report/ShowReport/data?SHOWTYPE=JSON&CATALOGID=1110&TABKEY=tab1&PAGENO=7,"{""agdm"": ""000545"", ""agjc"": ""<a href='http://www.szse.cn/certificate/individual/index.html?code=000545' target='_blank'><u>金浦钛业</u></a>"", ""agltgb"": ""9.85"", ""agssrq"": ""1993-12-15"", ""agzgb"": ""9.86"", ""bk"": ""主板"", ""gskzjglx"": ""-"", ""sfjybjqcy"": ""-"", ""sshymc"": ""C 制造业"", ""ylbz"": ""-""}",OFFICIAL_SZSE_BOARD_FIELD
SZSE,MAIN,A_SHARE,000546,金圆股份,1993-12-15,https://www.szse.cn/api/report/ShowReport/data?SHOWTYPE=JSON&CATALOGID=1110&TABKEY=tab1&PAGENO=7,"{""agdm"": ""000546"", ""agjc"": ""<a href='http://www.szse.cn/certificate/individual/index.html?code=000546' target='_blank'><u>金圆股份</u></a>"", ""agltgb"": ""6.96"", ""agssrq"": ""1993-12-15"", ""agzgb"": ""7.77"", ""bk"": ""主板"", ""gskzjglx"": ""-"", ""sfjybjqcy"": ""-"", ""sshymc"": ""C 制造业"", ""ylbz"": ""-""}",OFFICIAL_SZSE_BOARD_FIELD
SZSE,MAIN,A_SHARE,000547,航天发展,1993-11-30,https://www.szse.cn/api/report/ShowReport/data?SHOWTYPE=JSON&CATALOGID=1110&TABKEY=tab1&PAGENO=7,"{""agdm"": ""000547"", ""agjc"": ""<a href='http://www.szse.cn/certificate/individual/index.html?code=000547' target='_blank'><u>航天发展</u></a>"", ""agltgb"": ""15.89"", ""agssrq"": ""1993-11-30"", ""agzgb"": ""15.98"", ""bk"": ""主板"", ""gskzjglx"": ""-"", ""sfjybjqcy"": ""-"", ""sshymc"": ""C 制造业"", ""ylbz"": ""-""}",OFFICIAL_SZSE_BOARD_FIELD
SZSE,MAIN,A_SHARE,000548,湖南投资,1993-12-20,https://www.szse.cn/api/report/ShowReport/data?SHOWTYPE=JSON&CATALOGID=1110&TABKEY=tab1&PAGENO=7,"{""agdm"": ""000548"", ""agjc"": ""<a href='http://www.szse.cn/certificate/individual/index.html?code=000548' target='_blank'><u>湖南投资</u></a>"", ""agltgb"": ""4.99"", ""agssrq"": ""1993-12-20"", ""agzgb"": ""4.99"", ""bk"": ""主板"", ""gskzjglx"": ""-"", ""sfjybjqcy"": ""-"", ""sshymc"": ""G 运输仓储"", ""ylbz"": ""-""}",OFFICIAL_SZSE_BOARD_FIELD
SZSE,MAIN,A_SHARE,000550,江铃汽车,1993-12-01,https://www.szse.cn/api/report/ShowReport/data?SHOWTYPE=JSON&CATALOGID=1110&TABKEY=tab1&PAGENO=7,"{""agdm"": ""000550"", ""agjc"": ""<a href='http://www.szse.cn/certificate/individual/index.html?code=000550' target='_blank'><u>江铃汽车</u></a>"", ""agltgb"": ""5.18"", ""agssrq"": ""1993-12-01"", ""agzgb"": ""5.19"", ""bk"": ""主板"", ""gskzjglx"": ""-"", ""sfjybjqcy"": ""-"", ""sshymc"": ""C 制造业"", ""ylbz"": ""-""}",OFFICIAL_SZSE_BOARD_FIELD
SZSE,MAIN,A_SHARE,000551,创元科技,1994-01-06,https://www.szse.cn/api/report/ShowReport/data?SHOWTYPE=JSON&CATALOGID=1110&TABKEY=tab1&PAGENO=7,"{""agdm"": ""000551"", ""agjc"": ""<a href='http://www.szse.cn/certificate/individual/index.html?code=000551' target='_blank'><u>创元科技</u></a>"", ""agltgb"": ""4.84"", ""agssrq"": ""1994-01-06"", ""agzgb"": ""4.84"", ""bk"": ""主板"", ""gskzjglx"": ""-"", ""sfjybjqcy"": ""-"", ""sshymc"": ""C 制造业"", ""ylbz"": ""-""}",OFFICIAL_SZSE_BOARD_FIELD
SZSE,MAIN,A_SHARE,000552,甘肃能化,1994-01-06,https://www.szse.cn/api/report/ShowReport/data?SHOWTYPE=JSON&CATALOGID=1110&TABKEY=tab1&PAGENO=7,"{""agdm"": ""000552"", ""agjc"": ""<a href='http://www.szse.cn/certificate/individual/index.html?code=000552' target='_blank'><u>甘肃能化</u></a>"", ""agltgb"": ""37.25"", ""agssrq"": ""1994-01-06"", ""agzgb"": ""53.51"", ""bk"": ""主板"", ""gskzjglx"": ""-"", ""sfjybjqcy"": ""-"", ""sshymc"": ""B 采矿业"", ""ylbz"": ""-""}",OFFICIAL_SZSE_BOARD_FIELD
SZSE,MAIN,A_SHARE,000553,安道麦A,1993-12-03,https://www.szse.cn/api/report/ShowReport/data?SHOWTYPE=JSON&CATALOGID=1110&TABKEY=tab1&PAGENO=7,"{""agdm"": ""000553"", ""agjc"": ""<a href='http://www.szse.cn/certificate/individual/index.html?code=000553' target='_blank'><u>安道麦A</u></a>"", ""agltgb"": ""21.77"", ""agssrq"": ""1993-12-03"", ""agzgb"": ""21.77"", ""bk"": ""主板"", ""gskzjglx"": ""-"", ""sfjybjqcy"": ""-"", ""sshymc"": ""C 制造业"", ""ylbz"": ""-""}",OFFICIAL_SZSE_BOARD_FIELD
SZSE,MAIN,A_SHARE,000554,泰山石油,1993-12-15,https://www.szse.cn/api/report/ShowReport/data?SHOWTYPE=JSON&CATALOGID=1110&TABKEY=tab1&PAGENO=7,"{""agdm"": ""000554"", ""agjc"": ""<a href='http://www.szse.cn/certificate/individual/index.html?code=000554' target='_blank'><u>泰山石油</u></a>"", ""agltgb"": ""3.59"", ""agssrq"": ""1993-12-15"", ""agzgb"": ""4.77"", ""bk"": ""主板"", ""gskzjglx"": ""-"", ""sfjybjqcy"": ""-"", ""sshymc"": ""F 批发零售"", ""ylbz"": ""-""}",OFFICIAL_SZSE_BOARD_FIELD
SZSE,MAIN,A_SHARE,000555,神州信息,1994-04-08,https://www.szse.cn/api/report/ShowReport/data?SHOWTYPE=JSON&CATALOGID=1110&TABKEY=tab1&PAGENO=7,"{""agdm"": ""000555"", ""agjc"": ""<a href='http://www.szse.cn/certificate/individual/index.html?code=000555' target='_blank'><u>神州信息</u></a>"", ""agltgb"": ""9.74"", ""agssrq"": ""1994-04-08"", ""agzgb"": ""9.75"", ""bk"": ""主板"", ""gskzjglx"": ""-"", ""sfjybjqcy"": ""-"", ""sshymc"": ""I 信息技术"", ""ylbz"": ""-""}",OFFICIAL_SZSE_BOARD_FIELD
SZSE,MAIN,A_SHARE,000557,西部创业,1994-06-17,https://www.szse.cn/api/report/ShowReport/data?SHOWTYPE=JSON&CATALOGID=1110&TABKEY=tab1&PAGENO=7,"{""agdm"": ""000557"", ""agjc"": ""<a href='http://www.szse.cn/certificate/individual/index.html?code=000557' target='_blank'><u>西部创业</u></a>"", ""agltgb"": ""14.57"", ""agssrq"": ""1994-06-17"", ""agzgb"": ""14.58"", ""bk"": ""主板"", ""gskzjglx"": ""-"", ""sfjybjqcy"": ""-"", ""sshymc"": ""G 运输仓储"", ""ylbz"": ""-""}",OFFICIAL_SZSE_BOARD_FIELD
SZSE,MAIN,A_SHARE,000558,天府文旅,1994-05-09,https://www.szse.cn/api/report/ShowReport/data?SHOWTYPE=JSON&CATALOGID=1110&TABKEY=tab1&PAGENO=7,"{""agdm"": ""000558"", ""agjc"": ""<a href='http://www.szse.cn/certificate/individual/index.html?code=000558' target='_blank'><u>天府文旅</u></a>"", ""agltgb"": ""12.88"", ""agssrq"": ""1994-05-09"", ""agzgb"": ""12.89"", ""bk"": ""主板"", ""gskzjglx"": ""-"", ""sfjybjqcy"": ""-"", ""sshymc"": ""N 公共环保"", ""ylbz"": ""-""}",OFFICIAL_SZSE_BOARD_FIELD
SZSE,MAIN,A_SHARE,000559,万向钱潮,1994-01-10,https://www.szse.cn/api/report/ShowReport/data?SHOWTYPE=JSON&CATALOGID=1110&TABKEY=tab1&PAGENO=7,"{""agdm"": ""000559"", ""agjc"": ""<a href='http://www.szse.cn/certificate/individual/index.html?code=000559' target='_blank'><u>万向钱潮</u></a>"", ""agltgb"": ""33.14"", ""agssrq"": ""1994-01-10"", ""agzgb"": ""33.15"", ""bk"": ""主板"", ""gskzjglx"": ""-"", ""sfjybjqcy"": ""-"", ""sshymc"": ""C 制造业"", ""ylbz"": ""-""}",OFFICIAL_SZSE_BOARD_FIELD
SZSE,MAIN,A_SHARE,000560,我爱我家,1994-02-02,https://www.szse.cn/api/report/ShowReport/data?SHOWTYPE=JSON&CATALOGID=1110&TABKEY=tab1&PAGENO=7,"{""agdm"": ""000560"", ""agjc"": ""<a href='http://www.szse.cn/certificate/individual/index.html?code=000560' target='_blank'><u>我爱我家</u></a>"", ""agltgb"": ""23.42"", ""agssrq"": ""1994-02-02"", ""agzgb"": ""23.55"", ""bk"": ""主板"", ""gskzjglx"": ""-"", ""sfjybjqcy"": ""-"", ""sshymc"": ""K 房地产"", ""ylbz"": ""-""}",OFFICIAL_SZSE_BOARD_FIELD
SZSE,MAIN,A_SHARE,000561,烽火电子,1994-05-09,https://www.szse.cn/api/report/ShowReport/data?SHOWTYPE=JSON&CATALOGID=1110&TABKEY=tab1&PAGENO=7,"{""agdm"": ""000561"", ""agjc"": ""<a href='http://www.szse.cn/certificate/individual/index.html?code=000561' target='_blank'><u>烽火电子</u></a>"", ""agltgb"": ""7.76"", ""agssrq"": ""1994-05-09"", ""agzgb"": ""8.64"", ""bk"": ""主板"", ""gskzjglx"": ""-"", ""sfjybjqcy"": ""-"", ""sshymc"": ""C 制造业"", ""ylbz"": ""-""}",OFFICIAL_SZSE_BOARD_FIELD
SZSE,MAIN,A_SHARE,000563,陕国投Ａ,1994-01-10,https://www.szse.cn/api/report/ShowReport/data?SHOWTYPE=JSON&CATALOGID=1110&TABKEY=tab1&PAGENO=7,"{""agdm"": ""000563"", ""agjc"": ""<a href='http://www.szse.cn/certificate/individual/index.html?code=000563' target='_blank'><u>陕国投Ａ</u></a>"", ""agltgb"": ""51.13"", ""agssrq"": ""1994-01-10"", ""agzgb"": ""51.13"", ""bk"": ""主板"", ""gskzjglx"": ""-"", ""sfjybjqcy"": ""-"", ""sshymc"": ""J 金融业"", ""ylbz"": ""-""}",OFFICIAL_SZSE_BOARD_FIELD
SZSE,MAIN,A_SHARE,000564,供销大集,1994-01-10,https://www.szse.cn/api/report/ShowReport/data?SHOWTYPE=JSON&CATALOGID=1110&TABKEY=tab1&PAGENO=7,"{""agdm"": ""000564"", ""agjc"": ""<a href='http://www.szse.cn/certificate/individual/index.html?code=000564' target='_blank'><u>供销大集</u></a>"", ""agltgb"": ""150.94"", ""agssrq"": ""1994-01-10"", ""agzgb"": ""180.58"", ""bk"": ""主板"", ""gskzjglx"": ""-"", ""sfjybjqcy"": ""-"", ""sshymc"": ""F 批发零售"", ""ylbz"": ""-""}",OFFICIAL_SZSE_BOARD_FIELD
SZSE,MAIN,A_SHARE,000565,渝三峡Ａ,1994-04-08,https://www.szse.cn/api/report/ShowReport/data?SHOWTYPE=JSON&CATALOGID=1110&TABKEY=tab1&PAGENO=7,"{""agdm"": ""000565"", ""agjc"": ""<a href='http://www.szse.cn/certificate/individual/index.html?code=000565' target='_blank'><u>渝三峡Ａ</u></a>"", ""agltgb"": ""4.33"", ""agssrq"": ""1994-04-08"", ""agzgb"": ""4.33"", ""bk"": ""主板"", ""gskzjglx"": ""-"", ""sfjybjqcy"": ""-"", ""sshymc"": ""C 制造业"", ""ylbz"": ""-""}",OFFICIAL_SZSE_BOARD_FIELD
SZSE,MAIN,A_SHARE,000566,海南海药,1994-05-25,https://www.szse.cn/api/report/ShowReport/data?SHOWTYPE=JSON&CATALOGID=1110&TABKEY=tab1&PAGENO=8,"{""agdm"": ""000566"", ""agjc"": ""<a href='http://www.szse.cn/certificate/individual/index.html?code=000566' target='_blank'><u>海南海药</u></a>"", ""agltgb"": ""12.96"", ""agssrq"": ""1994-05-25"", ""agzgb"": ""12.97"", ""bk"": ""主板"", ""gskzjglx"": ""-"", ""sfjybjqcy"": ""-"", ""sshymc"": ""C 制造业"", ""ylbz"": ""-""}",OFFICIAL_SZSE_BOARD_FIELD
SZSE,MAIN,A_SHARE,000567,海德股份,1994-05-25,https://www.szse.cn/api/report/ShowReport/data?SHOWTYPE=JSON&CATALOGID=1110&TABKEY=tab1&PAGENO=8,"{""agdm"": ""000567"", ""agjc"": ""<a href='http://www.szse.cn/certificate/individual/index.html?code=000567' target='_blank'><u>海德股份</u></a>"", ""agltgb"": ""19.48"", ""agssrq"": ""1994-05-25"", ""agzgb"": ""19.54"", ""bk"": ""主板"", ""gskzjglx"": ""-"", ""sfjybjqcy"": ""-"", ""sshymc"": ""J 金融业"", ""ylbz"": ""-""}",OFFICIAL_SZSE_BOARD_FIELD
SZSE,MAIN,A_SHARE,000568,泸州老窖,1994-05-09,https://www.szse.cn/api/report/ShowReport/data?SHOWTYPE=JSON&CATALOGID=1110&TABKEY=tab1&PAGENO=8,"{""agdm"": ""000568"", ""agjc"": ""<a href='http://www.szse.cn/certificate/individual/index.html?code=000568' target='_blank'><u>泸州老窖</u></a>"", ""agltgb"": ""14.71"", ""agssrq"": ""1994-05-09"", ""agzgb"": ""14.71"", ""bk"": ""主板"", ""gskzjglx"": ""-"", ""sfjybjqcy"": ""-"", ""sshymc"": ""C 制造业"", ""ylbz"": ""-""}",OFFICIAL_SZSE_BOARD_FIELD
SZSE,MAIN,A_SHARE,000570,苏常柴Ａ,1994-07-01,https://www.szse.cn/api/report/ShowReport/data?SHOWTYPE=JSON&CATALOGID=1110&TABKEY=tab1&PAGENO=8,"{""agdm"": ""000570"", ""agjc"": ""<a href='http://www.szse.cn/certificate/individual/index.html?code=000570' target='_blank'><u>苏常柴Ａ</u></a>"", ""agltgb"": ""5.55"", ""agssrq"": ""1994-07-01"", ""agzgb"": ""5.55"", ""bk"": ""主板"", ""gskzjglx"": ""-"", ""sfjybjqcy"": ""-"", ""sshymc"": ""C 制造业"", ""ylbz"": ""-""}",OFFICIAL_SZSE_BOARD_FIELD
SZSE,MAIN,A_SHARE,000571,新大洲A,1994-05-25,https://www.szse.cn/api/report/ShowReport/data?SHOWTYPE=JSON&CATALOGID=1110&TABKEY=tab1&PAGENO=8,"{""agdm"": ""000571"", ""agjc"": ""<a href='http://www.szse.cn/certificate/individual/index.html?code=000571' target='_blank'><u>新大洲A</u></a>"", ""agltgb"": ""8.13"", ""agssrq"": ""1994-05-25"", ""agzgb"": ""8.39"", ""bk"": ""主板"", ""gskzjglx"": ""-"", ""sfjybjqcy"": ""-"", ""sshymc"": ""B 采矿业"", ""ylbz"": ""-""}",OFFICIAL_SZSE_BOARD_FIELD
SZSE,MAIN,A_SHARE,000572,海马汽车,1994-08-08,https://www.szse.cn/api/report/ShowReport/data?SHOWTYPE=JSON&CATALOGID=1110&TABKEY=tab1&PAGENO=8,"{""agdm"": ""000572"", ""agjc"": ""<a href='http://www.szse.cn/certificate/individual/index.html?code=000572' target='_blank'><u>海马汽车</u></a>"", ""agltgb"": ""16.42"", ""agssrq"": ""1994-08-08"", ""agzgb"": ""16.44"", ""bk"": ""主板"", ""gskzjglx"": ""-"", ""sfjybjqcy"": ""-"", ""sshymc"": ""C 制造业"", ""ylbz"": ""-""}",OFFICIAL_SZSE_BOARD_FIELD
SZSE,MAIN,A_SHARE,000573,粤宏远Ａ,1994-08-15,https://www.szse.cn/api/report/ShowReport/data?SHOWTYPE=JSON&CATALOGID=1110&TABKEY=tab1&PAGENO=8,"{""agdm"": ""000573"", ""agjc"": ""<a href='http://www.szse.cn/certificate/individual/index.html?code=000573' target='_blank'><u>粤宏远Ａ</u></a>"", ""agltgb"": ""6.32"", ""agssrq"": ""1994-08-15"", ""agzgb"": ""6.38"", ""bk"": ""主板"", ""gskzjglx"": ""-"", ""sfjybjqcy"": ""-"", ""sshymc"": ""C 制造业"", ""ylbz"": ""-""}",OFFICIAL_SZSE_BOARD_FIELD
SZSE,MAIN,A_SHARE,000576,甘化科工,1994-09-07,https://www.szse.cn/api/report/ShowReport/data?SHOWTYPE=JSON&CATALOGID=1110&TABKEY=tab1&PAGENO=8,"{""agdm"": ""000576"", ""agjc"": ""<a href='http://www.szse.cn/certificate/individual/index.html?code=000576' target='_blank'><u>甘化科工</u></a>"", ""agltgb"": ""4.33"", ""agssrq"": ""1994-09-07"", ""agzgb"": ""4.36"", ""bk"": ""主板"", ""gskzjglx"": ""-"", ""sfjybjqcy"": ""-"", ""sshymc"": ""C 制造业"", ""ylbz"": ""-""}",OFFICIAL_SZSE_BOARD_FIELD
SZSE,MAIN,A_SHARE,000581,威孚高科,1998-09-24,https://www.szse.cn/api/report/ShowReport/data?SHOWTYPE=JSON&CATALOGID=1110&TABKEY=tab1&PAGENO=8,"{""agdm"": ""000581"", ""agjc"": ""<a href='http://www.szse.cn/certificate/individual/index.html?code=000581' target='_blank'><u>威孚高科</u></a>"", ""agltgb"": ""7.93"", ""agssrq"": ""1998-09-24"", ""agzgb"": ""7.94"", ""bk"": ""主板"", ""gskzjglx"": ""-"", ""sfjybjqcy"": ""-"", ""sshymc"": ""C 制造业"", ""ylbz"": ""-""}",OFFICIAL_SZSE_BOARD_FIELD
SZSE,MAIN,A_SHARE,000582,北部湾港,1995-11-02,https://www.szse.cn/api/report/ShowReport/data?SHOWTYPE=JSON&CATALOGID=1110&TABKEY=tab1&PAGENO=8,"{""agdm"": ""000582"", ""agjc"": ""<a href='http://www.szse.cn/certificate/individual/index.html?code=000582' target='_blank'><u>北部湾港</u></a>"", ""agltgb"": ""21.56"", ""agssrq"": ""1995-11-02"", ""agzgb"": ""25.17"", ""bk"": ""主板"", ""gskzjglx"": ""-"", ""sfjybjqcy"": ""-"", ""sshymc"": ""G 运输仓储"", ""ylbz"": ""-""}",OFFICIAL_SZSE_BOARD_FIELD
SZSE,MAIN,A_SHARE,000586,汇源通信,1995-12-20,https://www.szse.cn/api/report/ShowReport/data?SHOWTYPE=JSON&CATALOGID=1110&TABKEY=tab1&PAGENO=8,"{""agdm"": ""000586"", ""agjc"": ""<a href='http://www.szse.cn/certificate/individual/index.html?code=000586' target='_blank'><u>汇源通信</u></a>"", ""agltgb"": ""1.91"", ""agssrq"": ""1995-12-20"", ""agzgb"": ""1.93"", ""bk"": ""主板"", ""gskzjglx"": ""-"", ""sfjybjqcy"": ""-"", ""sshymc"": ""C 制造业"", ""ylbz"": ""-""}",OFFICIAL_SZSE_BOARD_FIELD
SZSE,MAIN,A_SHARE,000589,贵州轮胎,1996-03-08,https://www.szse.cn/api/report/ShowReport/data?SHOWTYPE=JSON&CATALOGID=1110&TABKEY=tab1&PAGENO=8,"{""agdm"": ""000589"", ""agjc"": ""<a href='http://www.szse.cn/certificate/individual/index.html?code=000589' target='_blank'><u>贵州轮胎</u></a>"", ""agltgb"": ""15.44"", ""agssrq"": ""1996-03-08"", ""agzgb"": ""15.54"", ""bk"": ""主板"", ""gskzjglx"": ""-"", ""sfjybjqcy"": ""-"", ""sshymc"": ""C 制造业"", ""ylbz"": ""-""}",OFFICIAL_SZSE_BOARD_FIELD
SZSE,MAIN,A_SHARE,000590,古汉医药,1996-01-19,https://www.szse.cn/api/report/ShowReport/data?SHOWTYPE=JSON&CATALOGID=1110&TABKEY=tab1&PAGENO=8,"{""agdm"": ""000590"", ""agjc"": ""<a href='http://www.szse.cn/certificate/individual/index.html?code=000590' target='_blank'><u>古汉医药</u></a>"", ""agltgb"": ""2.39"", ""agssrq"": ""1996-01-19"", ""agzgb"": ""2.39"", ""bk"": ""主板"", ""gskzjglx"": ""-"", ""sfjybjqcy"": ""-"", ""sshymc"": ""C 制造业"", ""ylbz"": ""-""}",OFFICIAL_SZSE_BOARD_FIELD
SZSE,MAIN,A_SHARE,000591,太阳能,1996-02-08,https://www.szse.cn/api/report/ShowReport/data?SHOWTYPE=JSON&CATALOGID=1110&TABKEY=tab1&PAGENO=8,"{""agdm"": ""000591"", ""agjc"": ""<a href='http://www.szse.cn/certificate/individual/index.html?code=000591' target='_blank'><u>太阳能</u></a>"", ""agltgb"": ""39.03"", ""agssrq"": ""1996-02-08"", ""agzgb"": ""39.04"", ""bk"": ""主板"", ""gskzjglx"": ""-"", ""sfjybjqcy"": ""-"", ""sshymc"": ""D 水电煤气"", ""ylbz"": ""-""}",OFFICIAL_SZSE_BOARD_FIELD
SZSE,MAIN,A_SHARE,000592,平潭发展,1996-03-27,https://www.szse.cn/api/report/ShowReport/data?SHOWTYPE=JSON&CATALOGID=1110&TABKEY=tab1&PAGENO=8,"{""agdm"": ""000592"", ""agjc"": ""<a href='http://www.szse.cn/certificate/individual/index.html?code=000592' target='_blank'><u>平潭发展</u></a>"", ""agltgb"": ""19.15"", ""agssrq"": ""1996-03-27"", ""agzgb"": ""19.31"", ""bk"": ""主板"", ""gskzjglx"": ""-"", ""sfjybjqcy"": ""-"", ""sshymc"": ""C 制造业"", ""ylbz"": ""-""}",OFFICIAL_SZSE_BOARD_FIELD
SZSE,MAIN,A_SHARE,000593,德龙汇能,1996-03-12,https://www.szse.cn/api/report/ShowReport/data?SHOWTYPE=JSON&CATALOGID=1110&TABKEY=tab1&PAGENO=8,"{""agdm"": ""000593"", ""agjc"": ""<a href='http://www.szse.cn/certificate/individual/index.html?code=000593' target='_blank'><u>德龙汇能</u></a>"", ""agltgb"": ""3.58"", ""agssrq"": ""1996-03-12"", ""agzgb"": ""3.58"", ""bk"": ""主板"", ""gskzjglx"": ""-"", ""sfjybjqcy"": ""-"", ""sshymc"": ""D 水电煤气"", ""ylbz"": ""-""}",OFFICIAL_SZSE_BOARD_FIELD
SZSE,MAIN,A_SHARE,000595,新能股份,1996-04-19,https://www.szse.cn/api/report/ShowReport/data?SHOWTYPE=JSON&CATALOGID=1110&TABKEY=tab1&PAGENO=8,"{""agdm"": ""000595"", ""agjc"": ""<a href='http://www.szse.cn/certificate/individual/index.html?code=000595' target='_blank'><u>新能股份</u></a>"", ""agltgb"": ""11.38"", ""agssrq"": ""1996-04-19"", ""agzgb"": ""11.38"", ""bk"": ""主板"", ""gskzjglx"": ""-"", ""sfjybjqcy"": ""-"", ""sshymc"": ""C 制造业"", ""ylbz"": ""-""}",OFFICIAL_SZSE_BOARD_FIELD
SZSE,MAIN,A_SHARE,000596,古井贡酒,1996-09-27,https://www.szse.cn/api/report/ShowReport/data?SHOWTYPE=JSON&CATALOGID=1110&TABKEY=tab1&PAGENO=8,"{""agdm"": ""000596"", ""agjc"": ""<a href='http://www.szse.cn/certificate/individual/index.html?code=000596' target='_blank'><u>古井贡酒</u></a>"", ""agltgb"": ""4.08"", ""agssrq"": ""1996-09-27"", ""agzgb"": ""4.08"", ""bk"": ""主板"", ""gskzjglx"": ""-"", ""sfjybjqcy"": ""-"", ""sshymc"": ""C 制造业"", ""ylbz"": ""-""}",OFFICIAL_SZSE_BOARD_FIELD
SZSE,MAIN,A_SHARE,000597,东北制药,1996-05-23,https://www.szse.cn/api/report/ShowReport/data?SHOWTYPE=JSON&CATALOGID=1110&TABKEY=tab1&PAGENO=8,"{""agdm"": ""000597"", ""agjc"": ""<a href='http://www.szse.cn/certificate/individual/index.html?code=000597' target='_blank'><u>东北制药</u></a>"", ""agltgb"": ""14.09"", ""agssrq"": ""1996-05-23"", ""agzgb"": ""14.26"", ""bk"": ""主板"", ""gskzjglx"": ""-"", ""sfjybjqcy"": ""-"", ""sshymc"": ""C 制造业"", ""ylbz"": ""-""}",OFFICIAL_SZSE_BOARD_FIELD
SZSE,MAIN,A_SHARE,000598,兴蓉环境,1996-05-29,https://www.szse.cn/api/report/ShowReport/data?SHOWTYPE=JSON&CATALOGID=1110&TABKEY=tab1&PAGENO=8,"{""agdm"": ""000598"", ""agjc"": ""<a href='http://www.szse.cn/certificate/individual/index.html?code=000598' target='_blank'><u>兴蓉环境</u></a>"", ""agltgb"": ""29.83"", ""agssrq"": ""1996-05-29"", ""agzgb"": ""29.84"", ""bk"": ""主板"", ""gskzjglx"": ""-"", ""sfjybjqcy"": ""-"", ""sshymc"": ""D 水电煤气"", ""ylbz"": ""-""}",OFFICIAL_SZSE_BOARD_FIELD
SZSE,MAIN,A_SHARE,000599,青岛双星,1996-04-30,https://www.szse.cn/api/report/ShowReport/data?SHOWTYPE=JSON&CATALOGID=1110&TABKEY=tab1&PAGENO=9,"{""agdm"": ""000599"", ""agjc"": ""<a href='http://www.szse.cn/certificate/individual/index.html?code=000599' target='_blank'><u>青岛双星</u></a>"", ""agltgb"": ""8.16"", ""agssrq"": ""1996-04-30"", ""agzgb"": ""24.43"", ""bk"": ""主板"", ""gskzjglx"": ""-"", ""sfjybjqcy"": ""-"", ""sshymc"": ""C 制造业"", ""ylbz"": ""-""}",OFFICIAL_SZSE_BOARD_FIELD
SZSE,MAIN,A_SHARE,000600,建投能源,1996-06-06,https://www.szse.cn/api/report/ShowReport/data?SHOWTYPE=JSON&CATALOGID=1110&TABKEY=tab1&PAGENO=9,"{""agdm"": ""000600"", ""agjc"": ""<a href='http://www.szse.cn/certificate/individual/index.html?code=000600' target='_blank'><u>建投能源</u></a>"", ""agltgb"": ""10.90"", ""agssrq"": ""1996-06-06"", ""agzgb"": ""18.03"", ""bk"": ""主板"", ""gskzjglx"": ""-"", ""sfjybjqcy"": ""-"", ""sshymc"": ""D 水电煤气"", ""ylbz"": ""-""}",OFFICIAL_SZSE_BOARD_FIELD
SZSE,MAIN,A_SHARE,000601,韶能股份,1996-08-30,https://www.szse.cn/api/report/ShowReport/data?SHOWTYPE=JSON&CATALOGID=1110&TABKEY=tab1&PAGENO=9,"{""agdm"": ""000601"", ""agjc"": ""<a href='http://www.szse.cn/certificate/individual/index.html?code=000601' target='_blank'><u>韶能股份</u></a>"", ""agltgb"": ""10.48"", ""agssrq"": ""1996-08-30"", ""agzgb"": ""10.64"", ""bk"": ""主板"", ""gskzjglx"": ""-"", ""sfjybjqcy"": ""-"", ""sshymc"": ""D 水电煤气"", ""ylbz"": ""-""}",OFFICIAL_SZSE_BOARD_FIELD
SZSE,MAIN,A_SHARE,000603,盛达资源,1996-08-23,https://www.szse.cn/api/report/ShowReport/data?SHOWTYPE=JSON&CATALOGID=1110&TABKEY=tab1&PAGENO=9,"{""agdm"": ""000603"", ""agjc"": ""<a href='http://www.szse.cn/certificate/individual/index.html?code=000603' target='_blank'><u>盛达资源</u></a>"", ""agltgb"": ""6.66"", ""agssrq"": ""1996-08-23"", ""agzgb"": ""6.89"", ""bk"": ""主板"", ""gskzjglx"": ""-"", ""sfjybjqcy"": ""-"", ""sshymc"": ""B 采矿业"", ""ylbz"": ""-""}",OFFICIAL_SZSE_BOARD_FIELD
SZSE,MAIN,A_SHARE,000605,渤海股份,1996-09-13,https://www.szse.cn/api/report/ShowReport/data?SHOWTYPE=JSON&CATALOGID=1110&TABKEY=tab1&PAGENO=9,"{""agdm"": ""000605"", ""agjc"": ""<a href='http://www.szse.cn/certificate/individual/index.html?code=000605' target='_blank'><u>渤海股份</u></a>"", ""agltgb"": ""3.52"", ""agssrq"": ""1996-09-13"", ""agzgb"": ""3.52"", ""bk"": ""主板"", ""gskzjglx"": ""-"", ""sfjybjqcy"": ""-"", ""sshymc"": ""D 水电煤气"", ""ylbz"": ""-""}",OFFICIAL_SZSE_BOARD_FIELD
SZSE,MAIN,A_SHARE,000607,华媒控股,1996-08-30,https://www.szse.cn/api/report/ShowReport/data?SHOWTYPE=JSON&CATALOGID=1110&TABKEY=tab1&PAGENO=9,"{""agdm"": ""000607"", ""agjc"": ""<a href='http://www.szse.cn/certificate/individual/index.html?code=000607' target='_blank'><u>华媒控股</u></a>"", ""agltgb"": ""8.85"", ""agssrq"": ""1996-08-30"", ""agzgb"": ""10.17"", ""bk"": ""主板"", ""gskzjglx"": ""-"", ""sfjybjqcy"": ""-"", ""sshymc"": ""L 商务服务"", ""ylbz"": ""-""}",OFFICIAL_SZSE_BOARD_FIELD
SZSE,MAIN,A_SHARE,000608,阳光股份,1996-09-19,https://www.szse.cn/api/report/ShowReport/data?SHOWTYPE=JSON&CATALOGID=1110&TABKEY=tab1&PAGENO=9,"{""agdm"": ""000608"", ""agjc"": ""<a href='http://www.szse.cn/certificate/individual/index.html?code=000608' target='_blank'><u>阳光股份</u></a>"", ""agltgb"": ""5.76"", ""agssrq"": ""1996-09-19"", ""agzgb"": ""7.49"", ""bk"": ""主板"", ""gskzjglx"": ""-"", ""sfjybjqcy"": ""-"", ""sshymc"": ""K 房地产"", ""ylbz"": ""-""}",OFFICIAL_SZSE_BOARD_FIELD
SZSE,MAIN,A_SHARE,000609,*ST中迪,1996-10-10,https://www.szse.cn/api/report/ShowReport/data?SHOWTYPE=JSON&CATALOGID=1110&TABKEY=tab1&PAGENO=9,"{""agdm"": ""000609"", ""agjc"": ""<a href='http://www.szse.cn/certificate/individual/index.html?code=000609' target='_blank'><u>*ST中迪</u></a>"", ""agltgb"": ""2.90"", ""agssrq"": ""1996-10-10"", ""agzgb"": ""2.99"", ""bk"": ""主板"", ""gskzjglx"": ""-"", ""sfjybjqcy"": ""-"", ""sshymc"": ""S 综合"", ""ylbz"": ""-""}",OFFICIAL_SZSE_BOARD_FIELD
SZSE,MAIN,A_SHARE,000610,*ST西旅,1996-09-26,https://www.szse.cn/api/report/ShowReport/data?SHOWTYPE=JSON&CATALOGID=1110&TABKEY=tab1&PAGENO=9,"{""agdm"": ""000610"", ""agjc"": ""<a href='http://www.szse.cn/certificate/individual/index.html?code=000610' target='_blank'><u>*ST西旅</u></a>"", ""agltgb"": ""2.35"", ""agssrq"": ""1996-09-26"", ""agzgb"": ""2.36"", ""bk"": ""主板"", ""gskzjglx"": ""-"", ""sfjybjqcy"": ""-"", ""sshymc"": ""L 商务服务"", ""ylbz"": ""-""}",OFFICIAL_SZSE_BOARD_FIELD
SZSE,MAIN,A_SHARE,000612,焦作万方,1996-09-26,https://www.szse.cn/api/report/ShowReport/data?SHOWTYPE=JSON&CATALOGID=1110&TABKEY=tab1&PAGENO=9,"{""agdm"": ""000612"", ""agjc"": ""<a href='http://www.szse.cn/certificate/individual/index.html?code=000612' target='_blank'><u>焦作万方</u></a>"", ""agltgb"": ""11.92"", ""agssrq"": ""1996-09-26"", ""agzgb"": ""11.92"", ""bk"": ""主板"", ""gskzjglx"": ""-"", ""sfjybjqcy"": ""-"", ""sshymc"": ""C 制造业"", ""ylbz"": ""-""}",OFFICIAL_SZSE_BOARD_FIELD
SZSE,MAIN,A_SHARE,000615,*ST美谷,1996-10-16,https://www.szse.cn/api/report/ShowReport/data?SHOWTYPE=JSON&CATALOGID=1110&TABKEY=tab1&PAGENO=9,"{""agdm"": ""000615"", ""agjc"": ""<a href='http://www.szse.cn/certificate/individual/index.html?code=000615' target='_blank'><u>*ST美谷</u></a>"", ""agltgb"": ""9.25"", ""agssrq"": ""1996-10-16"", ""agzgb"": ""17.87"", ""bk"": ""主板"", ""gskzjglx"": ""-"", ""sfjybjqcy"": ""-"", ""sshymc"": ""Q 卫生"", ""ylbz"": ""-""}",OFFICIAL_SZSE_BOARD_FIELD
SZSE,MAIN,A_SHARE,000617,中油资本,1996-10-22,https://www.szse.cn/api/report/ShowReport/data?SHOWTYPE=JSON&CATALOGID=1110&TABKEY=tab1&PAGENO=9,"{""agdm"": ""000617"", ""agjc"": ""<a href='http://www.szse.cn/certificate/individual/index.html?code=000617' target='_blank'><u>中油资本</u></a>"", ""agltgb"": ""126.42"", ""agssrq"": ""1996-10-22"", ""agzgb"": ""126.42"", ""bk"": ""主板"", ""gskzjglx"": ""-"", ""sfjybjqcy"": ""-"", ""sshymc"": ""J 金融业"", ""ylbz"": ""-""}",OFFICIAL_SZSE_BOARD_FIELD
SZSE,MAIN,A_SHARE,000619,海螺新材,1996-10-23,https://www.szse.cn/api/report/ShowReport/data?SHOWTYPE=JSON&CATALOGID=1110&TABKEY=tab1&PAGENO=9,"{""agdm"": ""000619"", ""agjc"": ""<a href='http://www.szse.cn/certificate/individual/index.html?code=000619' target='_blank'><u>海螺新材</u></a>"", ""agltgb"": ""3.60"", ""agssrq"": ""1996-10-23"", ""agzgb"": ""4.41"", ""bk"": ""主板"", ""gskzjglx"": ""-"", ""sfjybjqcy"": ""-"", ""sshymc"": ""C 制造业"", ""ylbz"": ""-""}",OFFICIAL_SZSE_BOARD_FIELD
SZSE,MAIN,A_SHARE,000620,盈新发展,1996-10-29,https://www.szse.cn/api/report/ShowReport/data?SHOWTYPE=JSON&CATALOGID=1110&TABKEY=tab1&PAGENO=9,"{""agdm"": ""000620"", ""agjc"": ""<a href='http://www.szse.cn/certificate/individual/index.html?code=000620' target='_blank'><u>盈新发展</u></a>"", ""agltgb"": ""46.71"", ""agssrq"": ""1996-10-29"", ""agzgb"": ""58.71"", ""bk"": ""主板"", ""gskzjglx"": ""-"", ""sfjybjqcy"": ""-"", ""sshymc"": ""K 房地产"", ""ylbz"": ""-""}",OFFICIAL_SZSE_BOARD_FIELD
SZSE,MAIN,A_SHARE,000623,吉林敖东,1996-10-28,https://www.szse.cn/api/report/ShowReport/data?SHOWTYPE=JSON&CATALOGID=1110&TABKEY=tab1&PAGENO=9,"{""agdm"": ""000623"", ""agjc"": ""<a href='http://www.szse.cn/certificate/individual/index.html?code=000623' target='_blank'><u>吉林敖东</u></a>"", ""agltgb"": ""11.91"", ""agssrq"": ""1996-10-28"", ""agzgb"": ""11.95"", ""bk"": ""主板"", ""gskzjglx"": ""-"", ""sfjybjqcy"": ""-"", ""sshymc"": ""C 制造业"", ""ylbz"": ""-""}",OFFICIAL_SZSE_BOARD_FIELD
SZSE,MAIN,A_SHARE,000625,长安汽车,1997-06-10,https://www.szse.cn/api/report/ShowReport/data?SHOWTYPE=JSON&CATALOGID=1110&TABKEY=tab1&PAGENO=9,"{""agdm"": ""000625"", ""agjc"": ""<a href='http://www.szse.cn/certificate/individual/index.html?code=000625' target='_blank'><u>长安汽车</u></a>"", ""agltgb"": ""82.67"", ""agssrq"": ""1997-06-10"", ""agzgb"": ""82.71"", ""bk"": ""主板"", ""gskzjglx"": ""-"", ""sfjybjqcy"": ""-"", ""sshymc"": ""C 制造业"", ""ylbz"": ""-""}",OFFICIAL_SZSE_BOARD_FIELD
SZSE,MAIN,A_SHARE,000626,远大控股,1996-11-28,https://www.szse.cn/api/report/ShowReport/data?SHOWTYPE=JSON&CATALOGID=1110&TABKEY=tab1&PAGENO=9,"{""agdm"": ""000626"", ""agjc"": ""<a href='http://www.szse.cn/certificate/individual/index.html?code=000626' target='_blank'><u>远大控股</u></a>"", ""agltgb"": ""5.04"", ""agssrq"": ""1996-11-28"", ""agzgb"": ""5.06"", ""bk"": ""主板"", ""gskzjglx"": ""-"", ""sfjybjqcy"": ""-"", ""sshymc"": ""F 批发零售"", ""ylbz"": ""-""}",OFFICIAL_SZSE_BOARD_FIELD
SZSE,MAIN,A_SHARE,000628,高新发展,1996-11-18,https://www.szse.cn/api/report/ShowReport/data?SHOWTYPE=JSON&CATALOGID=1110&TABKEY=tab1&PAGENO=9,"{""agdm"": ""000628"", ""agjc"": ""<a href='http://www.szse.cn/certificate/individual/index.html?code=000628' target='_blank'><u>高新发展</u></a>"", ""agltgb"": ""1.92"", ""agssrq"": ""1996-11-18"", ""agzgb"": ""3.52"", ""bk"": ""主板"", ""gskzjglx"": ""-"", ""sfjybjqcy"": ""-"", ""sshymc"": ""E 建筑业"", ""ylbz"": ""-""}",OFFICIAL_SZSE_BOARD_FIELD
SZSE,MAIN,A_SHARE,000629,钒钛股份,1996-11-15,https://www.szse.cn/api/report/ShowReport/data?SHOWTYPE=JSON&CATALOGID=1110&TABKEY=tab1&PAGENO=9,"{""agdm"": ""000629"", ""agjc"": ""<a href='http://www.szse.cn/certificate/individual/index.html?code=000629' target='_blank'><u>钒钛股份</u></a>"", ""agltgb"": ""92.90"", ""agssrq"": ""1996-11-15"", ""agzgb"": ""92.90"", ""bk"": ""主板"", ""gskzjglx"": ""-"", ""sfjybjqcy"": ""-"", ""sshymc"": ""C 制造业"", ""ylbz"": ""-""}",OFFICIAL_SZSE_BOARD_FIELD
SZSE,MAIN,A_SHARE,000630,铜陵有色,1996-11-20,https://www.szse.cn/api/report/ShowReport/data?SHOWTYPE=JSON&CATALOGID=1110&TABKEY=tab1&PAGENO=9,"{""agdm"": ""000630"", ""agjc"": ""<a href='http://www.szse.cn/certificate/individual/index.html?code=000630' target='_blank'><u>铜陵有色</u></a>"", ""agltgb"": ""111.42"", ""agssrq"": ""1996-11-20"", ""agzgb"": ""134.09"", ""bk"": ""主板"", ""gskzjglx"": ""-"", ""sfjybjqcy"": ""-"", ""sshymc"": ""C 制造业"", ""ylbz"": ""-""}",OFFICIAL_SZSE_BOARD_FIELD
SZSE,MAIN,A_SHARE,000631,顺发恒能,1996-11-22,https://www.szse.cn/api/report/ShowReport/data?SHOWTYPE=JSON&CATALOGID=1110&TABKEY=tab1&PAGENO=10,"{""agdm"": ""000631"", ""agjc"": ""<a href='http://www.szse.cn/certificate/individual/index.html?code=000631' target='_blank'><u>顺发恒能</u></a>"", ""agltgb"": ""23.00"", ""agssrq"": ""1996-11-22"", ""agzgb"": ""23.00"", ""bk"": ""主板"", ""gskzjglx"": ""-"", ""sfjybjqcy"": ""-"", ""sshymc"": ""K 房地产"", ""ylbz"": ""-""}",OFFICIAL_SZSE_BOARD_FIELD
SZSE,MAIN,A_SHARE,000632,ST三木,1996-11-21,https://www.szse.cn/api/report/ShowReport/data?SHOWTYPE=JSON&CATALOGID=1110&TABKEY=tab1&PAGENO=10,"{""agdm"": ""000632"", ""agjc"": ""<a href='http://www.szse.cn/certificate/individual/index.html?code=000632' target='_blank'><u>ST三木</u></a>"", ""agltgb"": ""4.65"", ""agssrq"": ""1996-11-21"", ""agzgb"": ""4.65"", ""bk"": ""主板"", ""gskzjglx"": ""-"", ""sfjybjqcy"": ""-"", ""sshymc"": ""F 批发零售"", ""ylbz"": ""-""}",OFFICIAL_SZSE_BOARD_FIELD
SZSE,MAIN,A_SHARE,000633,合金投资,1996-11-12,https://www.szse.cn/api/report/ShowReport/data?SHOWTYPE=JSON&CATALOGID=1110&TABKEY=tab1&PAGENO=10,"{""agdm"": ""000633"", ""agjc"": ""<a href='http://www.szse.cn/certificate/individual/index.html?code=000633' target='_blank'><u>合金投资</u></a>"", ""agltgb"": ""3.85"", ""agssrq"": ""1996-11-12"", ""agzgb"": ""3.85"", ""bk"": ""主板"", ""gskzjglx"": ""-"", ""sfjybjqcy"": ""-"", ""sshymc"": ""C 制造业"", ""ylbz"": ""-""}",OFFICIAL_SZSE_BOARD_FIELD
SZSE,MAIN,A_SHARE,000635,英 力 特,1996-11-20,https://www.szse.cn/api/report/ShowReport/data?SHOWTYPE=JSON&CATALOGID=1110&TABKEY=tab1&PAGENO=10,"{""agdm"": ""000635"", ""agjc"": ""<a href='http://www.szse.cn/certificate/individual/index.html?code=000635' target='_blank'><u>英 力 特</u></a>"", ""agltgb"": ""3.66"", ""agssrq"": ""1996-11-20"", ""agzgb"": ""3.94"", ""bk"": ""主板"", ""gskzjglx"": ""-"", ""sfjybjqcy"": ""-"", ""sshymc"": ""C 制造业"", ""ylbz"": ""-""}",OFFICIAL_SZSE_BOARD_FIELD
SZSE,MAIN,A_SHARE,000636,风华高科,1996-11-29,https://www.szse.cn/api/report/ShowReport/data?SHOWTYPE=JSON&CATALOGID=1110&TABKEY=tab1&PAGENO=10,"{""agdm"": ""000636"", ""agjc"": ""<a href='http://www.szse.cn/certificate/individual/index.html?code=000636' target='_blank'><u>风华高科</u></a>"", ""agltgb"": ""11.57"", ""agssrq"": ""1996-11-29"", ""agzgb"": ""11.57"", ""bk"": ""主板"", ""gskzjglx"": ""-"", ""sfjybjqcy"": ""-"", ""sshymc"": ""C 制造业"", ""ylbz"": ""-""}",OFFICIAL_SZSE_BOARD_FIELD
SZSE,MAIN,A_SHARE,000637,茂化实华,1996-11-14,https://www.szse.cn/api/report/ShowReport/data?SHOWTYPE=JSON&CATALOGID=1110&TABKEY=tab1&PAGENO=10,"{""agdm"": ""000637"", ""agjc"": ""<a href='http://www.szse.cn/certificate/individual/index.html?code=000637' target='_blank'><u>茂化实华</u></a>"", ""agltgb"": ""3.67"", ""agssrq"": ""1996-11-14"", ""agzgb"": ""5.19"", ""bk"": ""主板"", ""gskzjglx"": ""-"", ""sfjybjqcy"": ""-"", ""sshymc"": ""C 制造业"", ""ylbz"": ""-""}",OFFICIAL_SZSE_BOARD_FIELD
SZSE,MAIN,A_SHARE,000639,ST西王,1996-11-26,https://www.szse.cn/api/report/ShowReport/data?SHOWTYPE=JSON&CATALOGID=1110&TABKEY=tab1&PAGENO=10,"{""agdm"": ""000639"", ""agjc"": ""<a href='http://www.szse.cn/certificate/individual/index.html?code=000639' target='_blank'><u>ST西王</u></a>"", ""agltgb"": ""10.79"", ""agssrq"": ""1996-11-26"", ""agzgb"": ""10.79"", ""bk"": ""主板"", ""gskzjglx"": ""-"", ""sfjybjqcy"": ""-"", ""sshymc"": ""C 制造业"", ""ylbz"": ""-""}",OFFICIAL_SZSE_BOARD_FIELD
SZSE,MAIN,A_SHARE,000650,仁和药业,1996-12-10,https://www.szse.cn/api/report/ShowReport/data?SHOWTYPE=JSON&CATALOGID=1110&TABKEY=tab1&PAGENO=10,"{""agdm"": ""000650"", ""agjc"": ""<a href='http://www.szse.cn/certificate/individual/index.html?code=000650' target='_blank'><u>仁和药业</u></a>"", ""agltgb"": ""13.31"", ""agssrq"": ""1996-12-10"", ""agzgb"": ""13.99"", ""bk"": ""主板"", ""gskzjglx"": ""-"", ""sfjybjqcy"": ""-"", ""sshymc"": ""C 制造业"", ""ylbz"": ""-""}",OFFICIAL_SZSE_BOARD_FIELD
SZSE,MAIN,A_SHARE,000651,格力电器,1996-11-18,https://www.szse.cn/api/report/ShowReport/data?SHOWTYPE=JSON&CATALOGID=1110&TABKEY=tab1&PAGENO=10,"{""agdm"": ""000651"", ""agjc"": ""<a href='http://www.szse.cn/certificate/individual/index.html?code=000651' target='_blank'><u>格力电器</u></a>"", ""agltgb"": ""55.12"", ""agssrq"": ""1996-11-18"", ""agzgb"": ""56.01"", ""bk"": ""主板"", ""gskzjglx"": ""-"", ""sfjybjqcy"": ""-"", ""sshymc"": ""C 制造业"", ""ylbz"": ""-""}",OFFICIAL_SZSE_BOARD_FIELD
SZSE,MAIN,A_SHARE,000652,泰达股份,1996-11-28,https://www.szse.cn/api/report/ShowReport/data?SHOWTYPE=JSON&CATALOGID=1110&TABKEY=tab1&PAGENO=10,"{""agdm"": ""000652"", ""agjc"": ""<a href='http://www.szse.cn/certificate/individual/index.html?code=000652' target='_blank'><u>泰达股份</u></a>"", ""agltgb"": ""14.58"", ""agssrq"": ""1996-11-28"", ""agzgb"": ""14.59"", ""bk"": ""主板"", ""gskzjglx"": ""-"", ""sfjybjqcy"": ""-"", ""sshymc"": ""F 批发零售"", ""ylbz"": ""-""}",OFFICIAL_SZSE_BOARD_FIELD
SZSE,MAIN,A_SHARE,000655,金岭矿业,1996-11-28,https://www.szse.cn/api/report/ShowReport/data?SHOWTYPE=JSON&CATALOGID=1110&TABKEY=tab1&PAGENO=10,"{""agdm"": ""000655"", ""agjc"": ""<a href='http://www.szse.cn/certificate/individual/index.html?code=000655' target='_blank'><u>金岭矿业</u></a>"", ""agltgb"": ""5.95"", ""agssrq"": ""1996-11-28"", ""agzgb"": ""5.95"", ""bk"": ""主板"", ""gskzjglx"": ""-"", ""sfjybjqcy"": ""-"", ""sshymc"": ""B 采矿业"", ""ylbz"": ""-""}",OFFICIAL_SZSE_BOARD_FIELD
SZSE,MAIN,A_SHARE,000656,金科股份,1996-11-28,https://www.szse.cn/api/report/ShowReport/data?SHOWTYPE=JSON&CATALOGID=1110&TABKEY=tab1&PAGENO=10,"{""agdm"": ""000656"", ""agjc"": ""<a href='http://www.szse.cn/certificate/individual/index.html?code=000656' target='_blank'><u>金科股份</u></a>"", ""agltgb"": ""75.86"", ""agssrq"": ""1996-11-28"", ""agzgb"": ""105.88"", ""bk"": ""主板"", ""gskzjglx"": ""-"", ""sfjybjqcy"": ""-"", ""sshymc"": ""K 房地产"", ""ylbz"": ""-""}",OFFICIAL_SZSE_BOARD_FIELD
SZSE,MAIN,A_SHARE,000657,中钨高新,1996-12-05,https://www.szse.cn/api/report/ShowReport/data?SHOWTYPE=JSON&CATALOGID=1110&TABKEY=tab1&PAGENO=10,"{""agdm"": ""000657"", ""agjc"": ""<a href='http://www.szse.cn/certificate/individual/index.html?code=000657' target='_blank'><u>中钨高新</u></a>"", ""agltgb"": ""14.52"", ""agssrq"": ""1996-12-05"", ""agzgb"": ""22.78"", ""bk"": ""主板"", ""gskzjglx"": ""-"", ""sfjybjqcy"": ""-"", ""sshymc"": ""C 制造业"", ""ylbz"": ""-""}",OFFICIAL_SZSE_BOARD_FIELD
SZSE,MAIN,A_SHARE,000659,珠海中富,1996-12-03,https://www.szse.cn/api/report/ShowReport/data?SHOWTYPE=JSON&CATALOGID=1110&TABKEY=tab1&PAGENO=10,"{""agdm"": ""000659"", ""agjc"": ""<a href='http://www.szse.cn/certificate/individual/index.html?code=000659' target='_blank'><u>珠海中富</u></a>"", ""agltgb"": ""12.85"", ""agssrq"": ""1996-12-03"", ""agzgb"": ""12.85"", ""bk"": ""主板"", ""gskzjglx"": ""-"", ""sfjybjqcy"": ""-"", ""sshymc"": ""C 制造业"", ""ylbz"": ""-""}",OFFICIAL_SZSE_BOARD_FIELD
SZSE,MAIN,A_SHARE,000661,长春高新,1996-12-18,https://www.szse.cn/api/report/ShowReport/data?SHOWTYPE=JSON&CATALOGID=1110&TABKEY=tab1&PAGENO=10,"{""agdm"": ""000661"", ""agjc"": ""<a href='http://www.szse.cn/certificate/individual/index.html?code=000661' target='_blank'><u>长春高新</u></a>"", ""agltgb"": ""3.99"", ""agssrq"": ""1996-12-18"", ""agzgb"": ""4.07"", ""bk"": ""主板"", ""gskzjglx"": ""-"", ""sfjybjqcy"": ""-"", ""sshymc"": ""C 制造业"", ""ylbz"": ""-""}",OFFICIAL_SZSE_BOARD_FIELD
SZSE,MAIN,A_SHARE,000663,永安林业,1996-12-06,https://www.szse.cn/api/report/ShowReport/data?SHOWTYPE=JSON&CATALOGID=1110&TABKEY=tab1&PAGENO=10,"{""agdm"": ""000663"", ""agjc"": ""<a href='http://www.szse.cn/certificate/individual/index.html?code=000663' target='_blank'><u>永安林业</u></a>"", ""agltgb"": ""3.06"", ""agssrq"": ""1996-12-06"", ""agzgb"": ""3.36"", ""bk"": ""主板"", ""gskzjglx"": ""-"", ""sfjybjqcy"": ""-"", ""sshymc"": ""A 农林牧渔"", ""ylbz"": ""-""}",OFFICIAL_SZSE_BOARD_FIELD
SZSE,MAIN,A_SHARE,000665,湖北广电,1996-12-10,https://www.szse.cn/api/report/ShowReport/data?SHOWTYPE=JSON&CATALOGID=1110&TABKEY=tab1&PAGENO=10,"{""agdm"": ""000665"", ""agjc"": ""<a href='http://www.szse.cn/certificate/individual/index.html?code=000665' target='_blank'><u>湖北广电</u></a>"", ""agltgb"": ""11.37"", ""agssrq"": ""1996-12-10"", ""agzgb"": ""11.37"", ""bk"": ""主板"", ""gskzjglx"": ""-"", ""sfjybjqcy"": ""-"", ""sshymc"": ""I 信息技术"", ""ylbz"": ""-""}",OFFICIAL_SZSE_BOARD_FIELD
SZSE,MAIN,A_SHARE,000668,荣丰控股,1996-12-10,https://www.szse.cn/api/report/ShowReport/data?SHOWTYPE=JSON&CATALOGID=1110&TABKEY=tab1&PAGENO=10,"{""agdm"": ""000668"", ""agjc"": ""<a href='http://www.szse.cn/certificate/individual/index.html?code=000668' target='_blank'><u>荣丰控股</u></a>"", ""agltgb"": ""1.46"", ""agssrq"": ""1996-12-10"", ""agzgb"": ""1.46"", ""bk"": ""主板"", ""gskzjglx"": ""-"", ""sfjybjqcy"": ""-"", ""sshymc"": ""K 房地产"", ""ylbz"": ""-""}",OFFICIAL_SZSE_BOARD_FIELD
SZSE,MAIN,A_SHARE,000669,ST金鸿,1996-12-10,https://www.szse.cn/api/report/ShowReport/data?SHOWTYPE=JSON&CATALOGID=1110&TABKEY=tab1&PAGENO=10,"{""agdm"": ""000669"", ""agjc"": ""<a href='http://www.szse.cn/certificate/individual/index.html?code=000669' target='_blank'><u>ST金鸿</u></a>"", ""agltgb"": ""6.80"", ""agssrq"": ""1996-12-10"", ""agzgb"": ""6.80"", ""bk"": ""主板"", ""gskzjglx"": ""-"", ""sfjybjqcy"": ""-"", ""sshymc"": ""D 水电煤气"", ""ylbz"": ""-""}",OFFICIAL_SZSE_BOARD_FIELD
SZSE,MAIN,A_SHARE,000670,盈方微,1996-12-17,https://www.szse.cn/api/report/ShowReport/data?SHOWTYPE=JSON&CATALOGID=1110&TABKEY=tab1&PAGENO=10,"{""agdm"": ""000670"", ""agjc"": ""<a href='http://www.szse.cn/certificate/individual/index.html?code=000670' target='_blank'><u>盈方微</u></a>"", ""agltgb"": ""8.29"", ""agssrq"": ""1996-12-17"", ""agzgb"": ""8.45"", ""bk"": ""主板"", ""gskzjglx"": ""-"", ""sfjybjqcy"": ""-"", ""sshymc"": ""F 批发零售"", ""ylbz"": ""-""}",OFFICIAL_SZSE_BOARD_FIELD
SZSE,MAIN,A_SHARE,000672,上峰材料,1996-12-18,https://www.szse.cn/api/report/ShowReport/data?SHOWTYPE=JSON&CATALOGID=1110&TABKEY=tab1&PAGENO=11,"{""agdm"": ""000672"", ""agjc"": ""<a href='http://www.szse.cn/certificate/individual/index.html?code=000672' target='_blank'><u>上峰材料</u></a>"", ""agltgb"": ""9.69"", ""agssrq"": ""1996-12-18"", ""agzgb"": ""9.69"", ""bk"": ""主板"", ""gskzjglx"": ""-"", ""sfjybjqcy"": ""-"", ""sshymc"": ""C 制造业"", ""ylbz"": ""-""}",OFFICIAL_SZSE_BOARD_FIELD
SZSE,MAIN,A_SHARE,000676,智度股份,1996-12-24,https://www.szse.cn/api/report/ShowReport/data?SHOWTYPE=JSON&CATALOGID=1110&TABKEY=tab1&PAGENO=11,"{""agdm"": ""000676"", ""agjc"": ""<a href='http://www.szse.cn/certificate/individual/index.html?code=000676' target='_blank'><u>智度股份</u></a>"", ""agltgb"": ""12.59"", ""agssrq"": ""1996-12-24"", ""agzgb"": ""12.59"", ""bk"": ""主板"", ""gskzjglx"": ""-"", ""sfjybjqcy"": ""-"", ""sshymc"": ""L 商务服务"", ""ylbz"": ""-""}",OFFICIAL_SZSE_BOARD_FIELD
SZSE,MAIN,A_SHARE,000677,ST海龙,1996-12-26,https://www.szse.cn/api/report/ShowReport/data?SHOWTYPE=JSON&CATALOGID=1110&TABKEY=tab1&PAGENO=11,"{""agdm"": ""000677"", ""agjc"": ""<a href='http://www.szse.cn/certificate/individual/index.html?code=000677' target='_blank'><u>ST海龙</u></a>"", ""agltgb"": ""8.63"", ""agssrq"": ""1996-12-26"", ""agzgb"": ""8.63"", ""bk"": ""主板"", ""gskzjglx"": ""-"", ""sfjybjqcy"": ""-"", ""sshymc"": ""C 制造业"", ""ylbz"": ""-""}",OFFICIAL_SZSE_BOARD_FIELD
SZSE,MAIN,A_SHARE,000678,襄阳轴承,1997-01-06,https://www.szse.cn/api/report/ShowReport/data?SHOWTYPE=JSON&CATALOGID=1110&TABKEY=tab1&PAGENO=11,"{""agdm"": ""000678"", ""agjc"": ""<a href='http://www.szse.cn/certificate/individual/index.html?code=000678' target='_blank'><u>襄阳轴承</u></a>"", ""agltgb"": ""4.59"", ""agssrq"": ""1997-01-06"", ""agzgb"": ""4.59"", ""bk"": ""主板"", ""gskzjglx"": ""-"", ""sfjybjqcy"": ""-"", ""sshymc"": ""C 制造业"", ""ylbz"": ""-""}",OFFICIAL_SZSE_BOARD_FIELD
SZSE,MAIN,A_SHARE,000679,大连友谊,1997-01-24,https://www.szse.cn/api/report/ShowReport/data?SHOWTYPE=JSON&CATALOGID=1110&TABKEY=tab1&PAGENO=11,"{""agdm"": ""000679"", ""agjc"": ""<a href='http://www.szse.cn/certificate/individual/index.html?code=000679' target='_blank'><u>大连友谊</u></a>"", ""agltgb"": ""3.56"", ""agssrq"": ""1997-01-24"", ""agzgb"": ""3.56"", ""bk"": ""主板"", ""gskzjglx"": ""-"", ""sfjybjqcy"": ""-"", ""sshymc"": ""F 批发零售"", ""ylbz"": ""-""}",OFFICIAL_SZSE_BOARD_FIELD
SZSE,MAIN,A_SHARE,000680,山推股份,1997-01-22,https://www.szse.cn/api/report/ShowReport/data?SHOWTYPE=JSON&CATALOGID=1110&TABKEY=tab1&PAGENO=11,"{""agdm"": ""000680"", ""agjc"": ""<a href='http://www.szse.cn/certificate/individual/index.html?code=000680' target='_blank'><u>山推股份</u></a>"", ""agltgb"": ""13.14"", ""agssrq"": ""1997-01-22"", ""agzgb"": ""15.00"", ""bk"": ""主板"", ""gskzjglx"": ""-"", ""sfjybjqcy"": ""-"", ""sshymc"": ""C 制造业"", ""ylbz"": ""-""}",OFFICIAL_SZSE_BOARD_FIELD
SZSE,MAIN,A_SHARE,000681,视觉中国,1997-01-21,https://www.szse.cn/api/report/ShowReport/data?SHOWTYPE=JSON&CATALOGID=1110&TABKEY=tab1&PAGENO=11,"{""agdm"": ""000681"", ""agjc"": ""<a href='http://www.szse.cn/certificate/individual/index.html?code=000681' target='_blank'><u>视觉中国</u></a>"", ""agltgb"": ""6.76"", ""agssrq"": ""1997-01-21"", ""agzgb"": ""7.00"", ""bk"": ""主板"", ""gskzjglx"": ""-"", ""sfjybjqcy"": ""-"", ""sshymc"": ""I 信息技术"", ""ylbz"": ""-""}",OFFICIAL_SZSE_BOARD_FIELD
SZSE,MAIN,A_SHARE,000682,东方电子,1997-01-21,https://www.szse.cn/api/report/ShowReport/data?SHOWTYPE=JSON&CATALOGID=1110&TABKEY=tab1&PAGENO=11,"{""agdm"": ""000682"", ""agjc"": ""<a href='http://www.szse.cn/certificate/individual/index.html?code=000682' target='_blank'><u>东方电子</u></a>"", ""agltgb"": ""13.40"", ""agssrq"": ""1997-01-21"", ""agzgb"": ""13.40"", ""bk"": ""主板"", ""gskzjglx"": ""-"", ""sfjybjqcy"": ""-"", ""sshymc"": ""I 信息技术"", ""ylbz"": ""-""}",OFFICIAL_SZSE_BOARD_FIELD
SZSE,MAIN,A_SHARE,000683,博源化工,1997-01-31,https://www.szse.cn/api/report/ShowReport/data?SHOWTYPE=JSON&CATALOGID=1110&TABKEY=tab1&PAGENO=11,"{""agdm"": ""000683"", ""agjc"": ""<a href='http://www.szse.cn/certificate/individual/index.html?code=000683' target='_blank'><u>博源化工</u></a>"", ""agltgb"": ""33.38"", ""agssrq"": ""1997-01-31"", ""agzgb"": ""37.16"", ""bk"": ""主板"", ""gskzjglx"": ""-"", ""sfjybjqcy"": ""-"", ""sshymc"": ""C 制造业"", ""ylbz"": ""-""}",OFFICIAL_SZSE_BOARD_FIELD
SZSE,MAIN,A_SHARE,000685,中山公用,1997-01-23,https://www.szse.cn/api/report/ShowReport/data?SHOWTYPE=JSON&CATALOGID=1110&TABKEY=tab1&PAGENO=11,"{""agdm"": ""000685"", ""agjc"": ""<a href='http://www.szse.cn/certificate/individual/index.html?code=000685' target='_blank'><u>中山公用</u></a>"", ""agltgb"": ""12.46"", ""agssrq"": ""1997-01-23"", ""agzgb"": ""14.67"", ""bk"": ""主板"", ""gskzjglx"": ""-"", ""sfjybjqcy"": ""-"", ""sshymc"": ""D 水电煤气"", ""ylbz"": ""-""}",OFFICIAL_SZSE_BOARD_FIELD
SZSE,MAIN,A_SHARE,000686,东北证券,1997-02-27,https://www.szse.cn/api/report/ShowReport/data?SHOWTYPE=JSON&CATALOGID=1110&TABKEY=tab1&PAGENO=11,"{""agdm"": ""000686"", ""agjc"": ""<a href='http://www.szse.cn/certificate/individual/index.html?code=000686' target='_blank'><u>东北证券</u></a>"", ""agltgb"": ""23.40"", ""agssrq"": ""1997-02-27"", ""agzgb"": ""23.40"", ""bk"": ""主板"", ""gskzjglx"": ""-"", ""sfjybjqcy"": ""-"", ""sshymc"": ""J 金融业"", ""ylbz"": ""-""}",OFFICIAL_SZSE_BOARD_FIELD
SZSE,MAIN,A_SHARE,000688,国城矿业,1997-01-20,https://www.szse.cn/api/report/ShowReport/data?SHOWTYPE=JSON&CATALOGID=1110&TABKEY=tab1&PAGENO=11,"{""agdm"": ""000688"", ""agjc"": ""<a href='http://www.szse.cn/certificate/individual/index.html?code=000688' target='_blank'><u>国城矿业</u></a>"", ""agltgb"": ""11.85"", ""agssrq"": ""1997-01-20"", ""agzgb"": ""11.85"", ""bk"": ""主板"", ""gskzjglx"": ""-"", ""sfjybjqcy"": ""-"", ""sshymc"": ""B 采矿业"", ""ylbz"": ""-""}",OFFICIAL_SZSE_BOARD_FIELD
SZSE,MAIN,A_SHARE,000690,宝新能源,1997-01-28,https://www.szse.cn/api/report/ShowReport/data?SHOWTYPE=JSON&CATALOGID=1110&TABKEY=tab1&PAGENO=11,"{""agdm"": ""000690"", ""agjc"": ""<a href='http://www.szse.cn/certificate/individual/index.html?code=000690' target='_blank'><u>宝新能源</u></a>"", ""agltgb"": ""21.74"", ""agssrq"": ""1997-01-28"", ""agzgb"": ""21.75"", ""bk"": ""主板"", ""gskzjglx"": ""-"", ""sfjybjqcy"": ""-"", ""sshymc"": ""D 水电煤气"", ""ylbz"": ""-""}",OFFICIAL_SZSE_BOARD_FIELD
SZSE,MAIN,A_SHARE,000691,亚太实业,1997-02-28,https://www.szse.cn/api/report/ShowReport/data?SHOWTYPE=JSON&CATALOGID=1110&TABKEY=tab1&PAGENO=11,"{""agdm"": ""000691"", ""agjc"": ""<a href='http://www.szse.cn/certificate/individual/index.html?code=000691' target='_blank'><u>亚太实业</u></a>"", ""agltgb"": ""3.23"", ""agssrq"": ""1997-02-28"", ""agzgb"": ""4.84"", ""bk"": ""主板"", ""gskzjglx"": ""-"", ""sfjybjqcy"": ""-"", ""sshymc"": ""C 制造业"", ""ylbz"": ""-""}",OFFICIAL_SZSE_BOARD_FIELD
SZSE,MAIN,A_SHARE,000692,惠天热电,1997-02-27,https://www.szse.cn/api/report/ShowReport/data?SHOWTYPE=JSON&CATALOGID=1110&TABKEY=tab1&PAGENO=11,"{""agdm"": ""000692"", ""agjc"": ""<a href='http://www.szse.cn/certificate/individual/index.html?code=000692' target='_blank'><u>惠天热电</u></a>"", ""agltgb"": ""5.32"", ""agssrq"": ""1997-02-27"", ""agzgb"": ""5.32"", ""bk"": ""主板"", ""gskzjglx"": ""-"", ""sfjybjqcy"": ""-"", ""sshymc"": ""D 水电煤气"", ""ylbz"": ""-""}",OFFICIAL_SZSE_BOARD_FIELD
SZSE,MAIN,A_SHARE,000695,滨海能源,1997-02-18,https://www.szse.cn/api/report/ShowReport/data?SHOWTYPE=JSON&CATALOGID=1110&TABKEY=tab1&PAGENO=11,"{""agdm"": ""000695"", ""agjc"": ""<a href='http://www.szse.cn/certificate/individual/index.html?code=000695' target='_blank'><u>滨海能源</u></a>"", ""agltgb"": ""2.21"", ""agssrq"": ""1997-02-18"", ""agzgb"": ""2.31"", ""bk"": ""主板"", ""gskzjglx"": ""-"", ""sfjybjqcy"": ""-"", ""sshymc"": ""C 制造业"", ""ylbz"": ""-""}",OFFICIAL_SZSE_BOARD_FIELD
SZSE,MAIN,A_SHARE,000697,炼石航空,1997-03-25,https://www.szse.cn/api/report/ShowReport/data?SHOWTYPE=JSON&CATALOGID=1110&TABKEY=tab1&PAGENO=11,"{""agdm"": ""000697"", ""agjc"": ""<a href='http://www.szse.cn/certificate/individual/index.html?code=000697' target='_blank'><u>炼石航空</u></a>"", ""agltgb"": ""8.15"", ""agssrq"": ""1997-03-25"", ""agzgb"": ""13.96"", ""bk"": ""主板"", ""gskzjglx"": ""-"", ""sfjybjqcy"": ""-"", ""sshymc"": ""C 制造业"", ""ylbz"": ""-""}",OFFICIAL_SZSE_BOARD_FIELD
SZSE,MAIN,A_SHARE,000698,ST沈化,1997-02-20,https://www.szse.cn/api/report/ShowReport/data?SHOWTYPE=JSON&CATALOGID=1110&TABKEY=tab1&PAGENO=11,"{""agdm"": ""000698"", ""agjc"": ""<a href='http://www.szse.cn/certificate/individual/index.html?code=000698' target='_blank'><u>ST沈化</u></a>"", ""agltgb"": ""7.85"", ""agssrq"": ""1997-02-20"", ""agzgb"": ""8.19"", ""bk"": ""主板"", ""gskzjglx"": ""-"", ""sfjybjqcy"": ""-"", ""sshymc"": ""C 制造业"", ""ylbz"": ""-""}",OFFICIAL_SZSE_BOARD_FIELD
SZSE,MAIN,A_SHARE,000700,模塑科技,1997-02-28,https://www.szse.cn/api/report/ShowReport/data?SHOWTYPE=JSON&CATALOGID=1110&TABKEY=tab1&PAGENO=11,"{""agdm"": ""000700"", ""agjc"": ""<a href='http://www.szse.cn/certificate/individual/index.html?code=000700' target='_blank'><u>模塑科技</u></a>"", ""agltgb"": ""9.18"", ""agssrq"": ""1997-02-28"", ""agzgb"": ""9.18"", ""bk"": ""主板"", ""gskzjglx"": ""-"", ""sfjybjqcy"": ""-"", ""sshymc"": ""C 制造业"", ""ylbz"": ""-""}",OFFICIAL_SZSE_BOARD_FIELD
SZSE,MAIN,A_SHARE,000701,厦门信达,1997-02-26,https://www.szse.cn/api/report/ShowReport/data?SHOWTYPE=JSON&CATALOGID=1110&TABKEY=tab1&PAGENO=11,"{""agdm"": ""000701"", ""agjc"": ""<a href='http://www.szse.cn/certificate/individual/index.html?code=000701' target='_blank'><u>厦门信达</u></a>"", ""agltgb"": ""6.67"", ""agssrq"": ""1997-02-26"", ""agzgb"": ""6.68"", ""bk"": ""主板"", ""gskzjglx"": ""-"", ""sfjybjqcy"": ""-"", ""sshymc"": ""F 批发零售"", ""ylbz"": ""-""}",OFFICIAL_SZSE_BOARD_FIELD
SZSE,MAIN,A_SHARE,000702,正虹科技,1997-03-18,https://www.szse.cn/api/report/ShowReport/data?SHOWTYPE=JSON&CATALOGID=1110&TABKEY=tab1&PAGENO=12,"{""agdm"": ""000702"", ""agjc"": ""<a href='http://www.szse.cn/certificate/individual/index.html?code=000702' target='_blank'><u>正虹科技</u></a>"", ""agltgb"": ""2.66"", ""agssrq"": ""1997-03-18"", ""agzgb"": ""3.46"", ""bk"": ""主板"", ""gskzjglx"": ""-"", ""sfjybjqcy"": ""-"", ""sshymc"": ""C 制造业"", ""ylbz"": ""-""}",OFFICIAL_SZSE_BOARD_FIELD
SZSE,MAIN,A_SHARE,000703,恒逸石化,1997-03-28,https://www.szse.cn/api/report/ShowReport/data?SHOWTYPE=JSON&CATALOGID=1110&TABKEY=tab1&PAGENO=12,"{""agdm"": ""000703"", ""agjc"": ""<a href='http://www.szse.cn/certificate/individual/index.html?code=000703' target='_blank'><u>恒逸石化</u></a>"", ""agltgb"": ""38.07"", ""agssrq"": ""1997-03-28"", ""agzgb"": ""38.26"", ""bk"": ""主板"", ""gskzjglx"": ""-"", ""sfjybjqcy"": ""-"", ""sshymc"": ""C 制造业"", ""ylbz"": ""-""}",OFFICIAL_SZSE_BOARD_FIELD
SZSE,MAIN,A_SHARE,000705,浙江震元,1997-04-10,https://www.szse.cn/api/report/ShowReport/data?SHOWTYPE=JSON&CATALOGID=1110&TABKEY=tab1&PAGENO=12,"{""agdm"": ""000705"", ""agjc"": ""<a href='http://www.szse.cn/certificate/individual/index.html?code=000705' target='_blank'><u>浙江震元</u></a>"", ""agltgb"": ""2.81"", ""agssrq"": ""1997-04-10"", ""agzgb"": ""3.34"", ""bk"": ""主板"", ""gskzjglx"": ""-"", ""sfjybjqcy"": ""-"", ""sshymc"": ""F 批发零售"", ""ylbz"": ""-""}",OFFICIAL_SZSE_BOARD_FIELD
SZSE,MAIN,A_SHARE,000707,双环科技,1997-04-15,https://www.szse.cn/api/report/ShowReport/data?SHOWTYPE=JSON&CATALOGID=1110&TABKEY=tab1&PAGENO=12,"{""agdm"": ""000707"", ""agjc"": ""<a href='http://www.szse.cn/certificate/individual/index.html?code=000707' target='_blank'><u>双环科技</u></a>"", ""agltgb"": ""5.50"", ""agssrq"": ""1997-04-15"", ""agzgb"": ""5.84"", ""bk"": ""主板"", ""gskzjglx"": ""-"", ""sfjybjqcy"": ""-"", ""sshymc"": ""C 制造业"", ""ylbz"": ""-""}",OFFICIAL_SZSE_BOARD_FIELD
SZSE,MAIN,A_SHARE,000708,中信特钢,1997-03-26,https://www.szse.cn/api/report/ShowReport/data?SHOWTYPE=JSON&CATALOGID=1110&TABKEY=tab1&PAGENO=12,"{""agdm"": ""000708"", ""agjc"": ""<a href='http://www.szse.cn/certificate/individual/index.html?code=000708' target='_blank'><u>中信特钢</u></a>"", ""agltgb"": ""50.47"", ""agssrq"": ""1997-03-26"", ""agzgb"": ""50.47"", ""bk"": ""主板"", ""gskzjglx"": ""-"", ""sfjybjqcy"": ""-"", ""sshymc"": ""C 制造业"", ""ylbz"": ""-""}",OFFICIAL_SZSE_BOARD_FIELD
SZSE,MAIN,A_SHARE,000709,河钢股份,1997-04-16,https://www.szse.cn/api/report/ShowReport/data?SHOWTYPE=JSON&CATALOGID=1110&TABKEY=tab1&PAGENO=12,"{""agdm"": ""000709"", ""agjc"": ""<a href='http://www.szse.cn/certificate/individual/index.html?code=000709' target='_blank'><u>河钢股份</u></a>"", ""agltgb"": ""103.35"", ""agssrq"": ""1997-04-16"", ""agzgb"": ""103.37"", ""bk"": ""主板"", ""gskzjglx"": ""-"", ""sfjybjqcy"": ""-"", ""sshymc"": ""C 制造业"", ""ylbz"": ""-""}",OFFICIAL_SZSE_BOARD_FIELD
SZSE,MAIN,A_SHARE,000710,贝瑞基因,1997-04-22,https://www.szse.cn/api/report/ShowReport/data?SHOWTYPE=JSON&CATALOGID=1110&TABKEY=tab1&PAGENO=12,"{""agdm"": ""000710"", ""agjc"": ""<a href='http://www.szse.cn/certificate/individual/index.html?code=000710' target='_blank'><u>贝瑞基因</u></a>"", ""agltgb"": ""3.35"", ""agssrq"": ""1997-04-22"", ""agzgb"": ""3.53"", ""bk"": ""主板"", ""gskzjglx"": ""-"", ""sfjybjqcy"": ""-"", ""sshymc"": ""M 科研服务"", ""ylbz"": ""-""}",OFFICIAL_SZSE_BOARD_FIELD
SZSE,MAIN,A_SHARE,000711,ST京蓝,1997-04-11,https://www.szse.cn/api/report/ShowReport/data?SHOWTYPE=JSON&CATALOGID=1110&TABKEY=tab1&PAGENO=12,"{""agdm"": ""000711"", ""agjc"": ""<a href='http://www.szse.cn/certificate/individual/index.html?code=000711' target='_blank'><u>ST京蓝</u></a>"", ""agltgb"": ""23.57"", ""agssrq"": ""1997-04-11"", ""agzgb"": ""29.53"", ""bk"": ""主板"", ""gskzjglx"": ""-"", ""sfjybjqcy"": ""-"", ""sshymc"": ""C 制造业"", ""ylbz"": ""-""}",OFFICIAL_SZSE_BOARD_FIELD
SZSE,MAIN,A_SHARE,000712,锦龙股份,1997-04-15,https://www.szse.cn/api/report/ShowReport/data?SHOWTYPE=JSON&CATALOGID=1110&TABKEY=tab1&PAGENO=12,"{""agdm"": ""000712"", ""agjc"": ""<a href='http://www.szse.cn/certificate/individual/index.html?code=000712' target='_blank'><u>锦龙股份</u></a>"", ""agltgb"": ""8.95"", ""agssrq"": ""1997-04-15"", ""agzgb"": ""8.96"", ""bk"": ""主板"", ""gskzjglx"": ""-"", ""sfjybjqcy"": ""-"", ""sshymc"": ""J 金融业"", ""ylbz"": ""-""}",OFFICIAL_SZSE_BOARD_FIELD
SZSE,MAIN,A_SHARE,000713,国投丰乐,1997-04-22,https://www.szse.cn/api/report/ShowReport/data?SHOWTYPE=JSON&CATALOGID=1110&TABKEY=tab1&PAGENO=12,"{""agdm"": ""000713"", ""agjc"": ""<a href='http://www.szse.cn/certificate/individual/index.html?code=000713' target='_blank'><u>国投丰乐</u></a>"", ""agltgb"": ""6.14"", ""agssrq"": ""1997-04-22"", ""agzgb"": ""7.98"", ""bk"": ""主板"", ""gskzjglx"": ""-"", ""sfjybjqcy"": ""-"", ""sshymc"": ""A 农林牧渔"", ""ylbz"": ""-""}",OFFICIAL_SZSE_BOARD_FIELD
SZSE,MAIN,A_SHARE,000715,中兴商业,1997-05-08,https://www.szse.cn/api/report/ShowReport/data?SHOWTYPE=JSON&CATALOGID=1110&TABKEY=tab1&PAGENO=12,"{""agdm"": ""000715"", ""agjc"": ""<a href='http://www.szse.cn/certificate/individual/index.html?code=000715' target='_blank'><u>中兴商业</u></a>"", ""agltgb"": ""4.86"", ""agssrq"": ""1997-05-08"", ""agzgb"": ""5.40"", ""bk"": ""主板"", ""gskzjglx"": ""-"", ""sfjybjqcy"": ""-"", ""sshymc"": ""F 批发零售"", ""ylbz"": ""-""}",OFFICIAL_SZSE_BOARD_FIELD
SZSE,MAIN,A_SHARE,000716,黑芝麻,1997-04-18,https://www.szse.cn/api/report/ShowReport/data?SHOWTYPE=JSON&CATALOGID=1110&TABKEY=tab1&PAGENO=12,"{""agdm"": ""000716"", ""agjc"": ""<a href='http://www.szse.cn/certificate/individual/index.html?code=000716' target='_blank'><u>黑芝麻</u></a>"", ""agltgb"": ""7.35"", ""agssrq"": ""1997-04-18"", ""agzgb"": ""7.52"", ""bk"": ""主板"", ""gskzjglx"": ""-"", ""sfjybjqcy"": ""-"", ""sshymc"": ""C 制造业"", ""ylbz"": ""-""}",OFFICIAL_SZSE_BOARD_FIELD
SZSE,MAIN,A_SHARE,000717,中南股份,1997-05-08,https://www.szse.cn/api/report/ShowReport/data?SHOWTYPE=JSON&CATALOGID=1110&TABKEY=tab1&PAGENO=12,"{""agdm"": ""000717"", ""agjc"": ""<a href='http://www.szse.cn/certificate/individual/index.html?code=000717' target='_blank'><u>中南股份</u></a>"", ""agltgb"": ""24.23"", ""agssrq"": ""1997-05-08"", ""agzgb"": ""24.23"", ""bk"": ""主板"", ""gskzjglx"": ""-"", ""sfjybjqcy"": ""-"", ""sshymc"": ""C 制造业"", ""ylbz"": ""-""}",OFFICIAL_SZSE_BOARD_FIELD
SZSE,MAIN,A_SHARE,000718,苏宁环球,1997-04-08,https://www.szse.cn/api/report/ShowReport/data?SHOWTYPE=JSON&CATALOGID=1110&TABKEY=tab1&PAGENO=12,"{""agdm"": ""000718"", ""agjc"": ""<a href='http://www.szse.cn/certificate/individual/index.html?code=000718' target='_blank'><u>苏宁环球</u></a>"", ""agltgb"": ""22.82"", ""agssrq"": ""1997-04-08"", ""agzgb"": ""30.34"", ""bk"": ""主板"", ""gskzjglx"": ""-"", ""sfjybjqcy"": ""-"", ""sshymc"": ""K 房地产"", ""ylbz"": ""-""}",OFFICIAL_SZSE_BOARD_FIELD
SZSE,MAIN,A_SHARE,000719,中原传媒,1997-03-31,https://www.szse.cn/api/report/ShowReport/data?SHOWTYPE=JSON&CATALOGID=1110&TABKEY=tab1&PAGENO=12,"{""agdm"": ""000719"", ""agjc"": ""<a href='http://www.szse.cn/certificate/individual/index.html?code=000719' target='_blank'><u>中原传媒</u></a>"", ""agltgb"": ""6.67"", ""agssrq"": ""1997-03-31"", ""agzgb"": ""10.23"", ""bk"": ""主板"", ""gskzjglx"": ""-"", ""sfjybjqcy"": ""-"", ""sshymc"": ""R 文化传播"", ""ylbz"": ""-""}",OFFICIAL_SZSE_BOARD_FIELD
SZSE,MAIN,A_SHARE,000720,新能泰山,1997-05-09,https://www.szse.cn/api/report/ShowReport/data?SHOWTYPE=JSON&CATALOGID=1110&TABKEY=tab1&PAGENO=12,"{""agdm"": ""000720"", ""agjc"": ""<a href='http://www.szse.cn/certificate/individual/index.html?code=000720' target='_blank'><u>新能泰山</u></a>"", ""agltgb"": ""12.56"", ""agssrq"": ""1997-05-09"", ""agzgb"": ""12.56"", ""bk"": ""主板"", ""gskzjglx"": ""-"", ""sfjybjqcy"": ""-"", ""sshymc"": ""C 制造业"", ""ylbz"": ""-""}",OFFICIAL_SZSE_BOARD_FIELD
SZSE,MAIN,A_SHARE,000721,西安饮食,1997-04-30,https://www.szse.cn/api/report/ShowReport/data?SHOWTYPE=JSON&CATALOGID=1110&TABKEY=tab1&PAGENO=12,"{""agdm"": ""000721"", ""agjc"": ""<a href='http://www.szse.cn/certificate/individual/index.html?code=000721' target='_blank'><u>西安饮食</u></a>"", ""agltgb"": ""5.12"", ""agssrq"": ""1997-04-30"", ""agzgb"": ""5.73"", ""bk"": ""主板"", ""gskzjglx"": ""-"", ""sfjybjqcy"": ""-"", ""sshymc"": ""H 住宿餐饮"", ""ylbz"": ""-""}",OFFICIAL_SZSE_BOARD_FIELD
SZSE,MAIN,A_SHARE,000722,湖南发展,1997-05-22,https://www.szse.cn/api/report/ShowReport/data?SHOWTYPE=JSON&CATALOGID=1110&TABKEY=tab1&PAGENO=12,"{""agdm"": ""000722"", ""agjc"": ""<a href='http://www.szse.cn/certificate/individual/index.html?code=000722' target='_blank'><u>湖南发展</u></a>"", ""agltgb"": ""4.64"", ""agssrq"": ""1997-05-22"", ""agzgb"": ""5.71"", ""bk"": ""主板"", ""gskzjglx"": ""-"", ""sfjybjqcy"": ""-"", ""sshymc"": ""D 水电煤气"", ""ylbz"": ""-""}",OFFICIAL_SZSE_BOARD_FIELD
SZSE,MAIN,A_SHARE,000723,美锦能源,1997-05-15,https://www.szse.cn/api/report/ShowReport/data?SHOWTYPE=JSON&CATALOGID=1110&TABKEY=tab1&PAGENO=12,"{""agdm"": ""000723"", ""agjc"": ""<a href='http://www.szse.cn/certificate/individual/index.html?code=000723' target='_blank'><u>美锦能源</u></a>"", ""agltgb"": ""43.95"", ""agssrq"": ""1997-05-15"", ""agzgb"": ""44.03"", ""bk"": ""主板"", ""gskzjglx"": ""-"", ""sfjybjqcy"": ""-"", ""sshymc"": ""C 制造业"", ""ylbz"": ""-""}",OFFICIAL_SZSE_BOARD_FIELD
SZSE,MAIN,A_SHARE,000725,京东方Ａ,2001-01-12,https://www.szse.cn/api/report/ShowReport/data?SHOWTYPE=JSON&CATALOGID=1110&TABKEY=tab1&PAGENO=12,"{""agdm"": ""000725"", ""agjc"": ""<a href='http://www.szse.cn/certificate/individual/index.html?code=000725' target='_blank'><u>京东方Ａ</u></a>"", ""agltgb"": ""353.67"", ""agssrq"": ""2001-01-12"", ""agzgb"": ""363.51"", ""bk"": ""主板"", ""gskzjglx"": ""-"", ""sfjybjqcy"": ""-"", ""sshymc"": ""C 制造业"", ""ylbz"": ""-""}",OFFICIAL_SZSE_BOARD_FIELD
SZSE,MAIN,A_SHARE,000726,鲁 泰Ａ,2000-12-25,https://www.szse.cn/api/report/ShowReport/data?SHOWTYPE=JSON&CATALOGID=1110&TABKEY=tab1&PAGENO=13,"{""agdm"": ""000726"", ""agjc"": ""<a href='http://www.szse.cn/certificate/individual/index.html?code=000726' target='_blank'><u>鲁  泰Ａ</u></a>"", ""agltgb"": ""5.89"", ""agssrq"": ""2000-12-25"", ""agzgb"": ""5.91"", ""bk"": ""主板"", ""gskzjglx"": ""-"", ""sfjybjqcy"": ""-"", ""sshymc"": ""C 制造业"", ""ylbz"": ""-""}",OFFICIAL_SZSE_BOARD_FIELD
SZSE,MAIN,A_SHARE,000727,冠捷科技,1997-05-20,https://www.szse.cn/api/report/ShowReport/data?SHOWTYPE=JSON&CATALOGID=1110&TABKEY=tab1&PAGENO=13,"{""agdm"": ""000727"", ""agjc"": ""<a href='http://www.szse.cn/certificate/individual/index.html?code=000727' target='_blank'><u>冠捷科技</u></a>"", ""agltgb"": ""45.29"", ""agssrq"": ""1997-05-20"", ""agzgb"": ""45.29"", ""bk"": ""主板"", ""gskzjglx"": ""-"", ""sfjybjqcy"": ""-"", ""sshymc"": ""C 制造业"", ""ylbz"": ""-""}",OFFICIAL_SZSE_BOARD_FIELD
SZSE,MAIN,A_SHARE,000728,国元证券,1997-06-16,https://www.szse.cn/api/report/ShowReport/data?SHOWTYPE=JSON&CATALOGID=1110&TABKEY=tab1&PAGENO=13,"{""agdm"": ""000728"", ""agjc"": ""<a href='http://www.szse.cn/certificate/individual/index.html?code=000728' target='_blank'><u>国元证券</u></a>"", ""agltgb"": ""43.63"", ""agssrq"": ""1997-06-16"", ""agzgb"": ""43.63"", ""bk"": ""主板"", ""gskzjglx"": ""-"", ""sfjybjqcy"": ""-"", ""sshymc"": ""J 金融业"", ""ylbz"": ""-""}",OFFICIAL_SZSE_BOARD_FIELD
SZSE,MAIN,A_SHARE,000729,燕京啤酒,1997-07-16,https://www.szse.cn/api/report/ShowReport/data?SHOWTYPE=JSON&CATALOGID=1110&TABKEY=tab1&PAGENO=13,"{""agdm"": ""000729"", ""agjc"": ""<a href='http://www.szse.cn/certificate/individual/index.html?code=000729' target='_blank'><u>燕京啤酒</u></a>"", ""agltgb"": ""25.09"", ""agssrq"": ""1997-07-16"", ""agzgb"": ""28.18"", ""bk"": ""主板"", ""gskzjglx"": ""-"", ""sfjybjqcy"": ""-"", ""sshymc"": ""C 制造业"", ""ylbz"": ""-""}",OFFICIAL_SZSE_BOARD_FIELD
SZSE,MAIN,A_SHARE,000731,四川美丰,1997-06-17,https://www.szse.cn/api/report/ShowReport/data?SHOWTYPE=JSON&CATALOGID=1110&TABKEY=tab1&PAGENO=13,"{""agdm"": ""000731"", ""agjc"": ""<a href='http://www.szse.cn/certificate/individual/index.html?code=000731' target='_blank'><u>四川美丰</u></a>"", ""agltgb"": ""5.48"", ""agssrq"": ""1997-06-17"", ""agzgb"": ""5.48"", ""bk"": ""主板"", ""gskzjglx"": ""-"", ""sfjybjqcy"": ""-"", ""sshymc"": ""C 制造业"", ""ylbz"": ""-""}",OFFICIAL_SZSE_BOARD_FIELD
SZSE,MAIN,A_SHARE,000733,振华科技,1997-07-03,https://www.szse.cn/api/report/ShowReport/data?SHOWTYPE=JSON&CATALOGID=1110&TABKEY=tab1&PAGENO=13,"{""agdm"": ""000733"", ""agjc"": ""<a href='http://www.szse.cn/certificate/individual/index.html?code=000733' target='_blank'><u>振华科技</u></a>"", ""agltgb"": ""5.54"", ""agssrq"": ""1997-07-03"", ""agzgb"": ""5.54"", ""bk"": ""主板"", ""gskzjglx"": ""-"", ""sfjybjqcy"": ""-"", ""sshymc"": ""C 制造业"", ""ylbz"": ""-""}",OFFICIAL_SZSE_BOARD_FIELD
SZSE,MAIN,A_SHARE,000735,罗 牛 山,1997-06-11,https://www.szse.cn/api/report/ShowReport/data?SHOWTYPE=JSON&CATALOGID=1110&TABKEY=tab1&PAGENO=13,"{""agdm"": ""000735"", ""agjc"": ""<a href='http://www.szse.cn/certificate/individual/index.html?code=000735' target='_blank'><u>罗 牛 山</u></a>"", ""agltgb"": ""11.50"", ""agssrq"": ""1997-06-11"", ""agzgb"": ""11.51"", ""bk"": ""主板"", ""gskzjglx"": ""-"", ""sfjybjqcy"": ""-"", ""sshymc"": ""A 农林牧渔"", ""ylbz"": ""-""}",OFFICIAL_SZSE_BOARD_FIELD
SZSE,MAIN,A_SHARE,000736,中交发展,1997-04-25,https://www.szse.cn/api/report/ShowReport/data?SHOWTYPE=JSON&CATALOGID=1110&TABKEY=tab1&PAGENO=13,"{""agdm"": ""000736"", ""agjc"": ""<a href='http://www.szse.cn/certificate/individual/index.html?code=000736' target='_blank'><u>中交发展</u></a>"", ""agltgb"": ""7.47"", ""agssrq"": ""1997-04-25"", ""agzgb"": ""7.47"", ""bk"": ""主板"", ""gskzjglx"": ""-"", ""sfjybjqcy"": ""-"", ""sshymc"": ""K 房地产"", ""ylbz"": ""-""}",OFFICIAL_SZSE_BOARD_FIELD
SZSE,MAIN,A_SHARE,000737,北方铜业,1997-04-28,https://www.szse.cn/api/report/ShowReport/data?SHOWTYPE=JSON&CATALOGID=1110&TABKEY=tab1&PAGENO=13,"{""agdm"": ""000737"", ""agjc"": ""<a href='http://www.szse.cn/certificate/individual/index.html?code=000737' target='_blank'><u>北方铜业</u></a>"", ""agltgb"": ""19.04"", ""agssrq"": ""1997-04-28"", ""agzgb"": ""19.04"", ""bk"": ""主板"", ""gskzjglx"": ""-"", ""sfjybjqcy"": ""-"", ""sshymc"": ""C 制造业"", ""ylbz"": ""-""}",OFFICIAL_SZSE_BOARD_FIELD
SZSE,MAIN,A_SHARE,000738,航发控制,1997-06-26,https://www.szse.cn/api/report/ShowReport/data?SHOWTYPE=JSON&CATALOGID=1110&TABKEY=tab1&PAGENO=13,"{""agdm"": ""000738"", ""agjc"": ""<a href='http://www.szse.cn/certificate/individual/index.html?code=000738' target='_blank'><u>航发控制</u></a>"", ""agltgb"": ""13.15"", ""agssrq"": ""1997-06-26"", ""agzgb"": ""13.15"", ""bk"": ""主板"", ""gskzjglx"": ""-"", ""sfjybjqcy"": ""-"", ""sshymc"": ""C 制造业"", ""ylbz"": ""-""}",OFFICIAL_SZSE_BOARD_FIELD
SZSE,MAIN,A_SHARE,000739,普洛药业,1997-05-09,https://www.szse.cn/api/report/ShowReport/data?SHOWTYPE=JSON&CATALOGID=1110&TABKEY=tab1&PAGENO=13,"{""agdm"": ""000739"", ""agjc"": ""<a href='http://www.szse.cn/certificate/individual/index.html?code=000739' target='_blank'><u>普洛药业</u></a>"", ""agltgb"": ""11.57"", ""agssrq"": ""1997-05-09"", ""agzgb"": ""11.58"", ""bk"": ""主板"", ""gskzjglx"": ""-"", ""sfjybjqcy"": ""-"", ""sshymc"": ""C 制造业"", ""ylbz"": ""-""}",OFFICIAL_SZSE_BOARD_FIELD
SZSE,MAIN,A_SHARE,000750,国海证券,1997-07-09,https://www.szse.cn/api/report/ShowReport/data?SHOWTYPE=JSON&CATALOGID=1110&TABKEY=tab1&PAGENO=13,"{""agdm"": ""000750"", ""agjc"": ""<a href='http://www.szse.cn/certificate/individual/index.html?code=000750' target='_blank'><u>国海证券</u></a>"", ""agltgb"": ""57.96"", ""agssrq"": ""1997-07-09"", ""agzgb"": ""63.86"", ""bk"": ""主板"", ""gskzjglx"": ""-"", ""sfjybjqcy"": ""-"", ""sshymc"": ""J 金融业"", ""ylbz"": ""-""}",OFFICIAL_SZSE_BOARD_FIELD
SZSE,MAIN,A_SHARE,000751,锌业股份,1997-06-26,https://www.szse.cn/api/report/ShowReport/data?SHOWTYPE=JSON&CATALOGID=1110&TABKEY=tab1&PAGENO=13,"{""agdm"": ""000751"", ""agjc"": ""<a href='http://www.szse.cn/certificate/individual/index.html?code=000751' target='_blank'><u>锌业股份</u></a>"", ""agltgb"": ""14.09"", ""agssrq"": ""1997-06-26"", ""agzgb"": ""16.15"", ""bk"": ""主板"", ""gskzjglx"": ""-"", ""sfjybjqcy"": ""-"", ""sshymc"": ""C 制造业"", ""ylbz"": ""-""}",OFFICIAL_SZSE_BOARD_FIELD
SZSE,MAIN,A_SHARE,000752,*ST西发,1997-06-25,https://www.szse.cn/api/report/ShowReport/data?SHOWTYPE=JSON&CATALOGID=1110&TABKEY=tab1&PAGENO=13,"{""agdm"": ""000752"", ""agjc"": ""<a href='http://www.szse.cn/certificate/individual/index.html?code=000752' target='_blank'><u>*ST西发</u></a>"", ""agltgb"": ""2.63"", ""agssrq"": ""1997-06-25"", ""agzgb"": ""2.63"", ""bk"": ""主板"", ""gskzjglx"": ""-"", ""sfjybjqcy"": ""-"", ""sshymc"": ""C 制造业"", ""ylbz"": ""-""}",OFFICIAL_SZSE_BOARD_FIELD
SZSE,MAIN,A_SHARE,000753,漳州发展,1997-06-26,https://www.szse.cn/api/report/ShowReport/data?SHOWTYPE=JSON&CATALOGID=1110&TABKEY=tab1&PAGENO=13,"{""agdm"": ""000753"", ""agjc"": ""<a href='http://www.szse.cn/certificate/individual/index.html?code=000753' target='_blank'><u>漳州发展</u></a>"", ""agltgb"": ""9.91"", ""agssrq"": ""1997-06-26"", ""agzgb"": ""9.91"", ""bk"": ""主板"", ""gskzjglx"": ""-"", ""sfjybjqcy"": ""-"", ""sshymc"": ""F 批发零售"", ""ylbz"": ""-""}",OFFICIAL_SZSE_BOARD_FIELD
SZSE,MAIN,A_SHARE,000755,山西高速,1997-06-27,https://www.szse.cn/api/report/ShowReport/data?SHOWTYPE=JSON&CATALOGID=1110&TABKEY=tab1&PAGENO=13,"{""agdm"": ""000755"", ""agjc"": ""<a href='http://www.szse.cn/certificate/individual/index.html?code=000755' target='_blank'><u>山西高速</u></a>"", ""agltgb"": ""14.67"", ""agssrq"": ""1997-06-27"", ""agzgb"": ""14.67"", ""bk"": ""主板"", ""gskzjglx"": ""-"", ""sfjybjqcy"": ""-"", ""sshymc"": ""G 运输仓储"", ""ylbz"": ""-""}",OFFICIAL_SZSE_BOARD_FIELD
SZSE,MAIN,A_SHARE,000756,新华制药,1997-08-06,https://www.szse.cn/api/report/ShowReport/data?SHOWTYPE=JSON&CATALOGID=1110&TABKEY=tab1&PAGENO=13,"{""agdm"": ""000756"", ""agjc"": ""<a href='http://www.szse.cn/certificate/individual/index.html?code=000756' target='_blank'><u>新华制药</u></a>"", ""agltgb"": ""4.98"", ""agssrq"": ""1997-08-06"", ""agzgb"": ""5.01"", ""bk"": ""主板"", ""gskzjglx"": ""-"", ""sfjybjqcy"": ""-"", ""sshymc"": ""C 制造业"", ""ylbz"": ""-""}",OFFICIAL_SZSE_BOARD_FIELD
SZSE,MAIN,A_SHARE,000757,浩物股份,1997-06-27,https://www.szse.cn/api/report/ShowReport/data?SHOWTYPE=JSON&CATALOGID=1110&TABKEY=tab1&PAGENO=13,"{""agdm"": ""000757"", ""agjc"": ""<a href='http://www.szse.cn/certificate/individual/index.html?code=000757' target='_blank'><u>浩物股份</u></a>"", ""agltgb"": ""5.32"", ""agssrq"": ""1997-06-27"", ""agzgb"": ""5.32"", ""bk"": ""主板"", ""gskzjglx"": ""-"", ""sfjybjqcy"": ""-"", ""sshymc"": ""F 批发零售"", ""ylbz"": ""-""}",OFFICIAL_SZSE_BOARD_FIELD
SZSE,MAIN,A_SHARE,000758,中色股份,1997-04-16,https://www.szse.cn/api/report/ShowReport/data?SHOWTYPE=JSON&CATALOGID=1110&TABKEY=tab1&PAGENO=13,"{""agdm"": ""000758"", ""agjc"": ""<a href='http://www.szse.cn/certificate/individual/index.html?code=000758' target='_blank'><u>中色股份</u></a>"", ""agltgb"": ""19.82"", ""agssrq"": ""1997-04-16"", ""agzgb"": ""19.90"", ""bk"": ""主板"", ""gskzjglx"": ""-"", ""sfjybjqcy"": ""-"", ""sshymc"": ""B 采矿业"", ""ylbz"": ""-""}",OFFICIAL_SZSE_BOARD_FIELD
SZSE,MAIN,A_SHARE,000759,中百集团,1997-05-19,https://www.szse.cn/api/report/ShowReport/data?SHOWTYPE=JSON&CATALOGID=1110&TABKEY=tab1&PAGENO=13,"{""agdm"": ""000759"", ""agjc"": ""<a href='http://www.szse.cn/certificate/individual/index.html?code=000759' target='_blank'><u>中百集团</u></a>"", ""agltgb"": ""6.55"", ""agssrq"": ""1997-05-19"", ""agzgb"": ""6.62"", ""bk"": ""主板"", ""gskzjglx"": ""-"", ""sfjybjqcy"": ""-"", ""sshymc"": ""F 批发零售"", ""ylbz"": ""-""}",OFFICIAL_SZSE_BOARD_FIELD
SZSE,MAIN,A_SHARE,000761,本钢板材,1998-01-15,https://www.szse.cn/api/report/ShowReport/data?SHOWTYPE=JSON&CATALOGID=1110&TABKEY=tab1&PAGENO=14,"{""agdm"": ""000761"", ""agjc"": ""<a href='http://www.szse.cn/certificate/individual/index.html?code=000761' target='_blank'><u>本钢板材</u></a>"", ""agltgb"": ""37.08"", ""agssrq"": ""1998-01-15"", ""agzgb"": ""37.08"", ""bk"": ""主板"", ""gskzjglx"": ""-"", ""sfjybjqcy"": ""-"", ""sshymc"": ""C 制造业"", ""ylbz"": ""-""}",OFFICIAL_SZSE_BOARD_FIELD
SZSE,MAIN,A_SHARE,000762,西藏矿业,1997-07-08,https://www.szse.cn/api/report/ShowReport/data?SHOWTYPE=JSON&CATALOGID=1110&TABKEY=tab1&PAGENO=14,"{""agdm"": ""000762"", ""agjc"": ""<a href='http://www.szse.cn/certificate/individual/index.html?code=000762' target='_blank'><u>西藏矿业</u></a>"", ""agltgb"": ""5.20"", ""agssrq"": ""1997-07-08"", ""agzgb"": ""5.20"", ""bk"": ""主板"", ""gskzjglx"": ""-"", ""sfjybjqcy"": ""-"", ""sshymc"": ""B 采矿业"", ""ylbz"": ""-""}",OFFICIAL_SZSE_BOARD_FIELD
SZSE,MAIN,A_SHARE,000766,通化金马,1997-04-30,https://www.szse.cn/api/report/ShowReport/data?SHOWTYPE=JSON&CATALOGID=1110&TABKEY=tab1&PAGENO=14,"{""agdm"": ""000766"", ""agjc"": ""<a href='http://www.szse.cn/certificate/individual/index.html?code=000766' target='_blank'><u>通化金马</u></a>"", ""agltgb"": ""9.65"", ""agssrq"": ""1997-04-30"", ""agzgb"": ""9.66"", ""bk"": ""主板"", ""gskzjglx"": ""-"", ""sfjybjqcy"": ""-"", ""sshymc"": ""C 制造业"", ""ylbz"": ""-""}",OFFICIAL_SZSE_BOARD_FIELD
SZSE,MAIN,A_SHARE,000767,晋控电力,1997-06-09,https://www.szse.cn/api/report/ShowReport/data?SHOWTYPE=JSON&CATALOGID=1110&TABKEY=tab1&PAGENO=14,"{""agdm"": ""000767"", ""agjc"": ""<a href='http://www.szse.cn/certificate/individual/index.html?code=000767' target='_blank'><u>晋控电力</u></a>"", ""agltgb"": ""29.12"", ""agssrq"": ""1997-06-09"", ""agzgb"": ""30.76"", ""bk"": ""主板"", ""gskzjglx"": ""-"", ""sfjybjqcy"": ""-"", ""sshymc"": ""D 水电煤气"", ""ylbz"": ""-""}",OFFICIAL_SZSE_BOARD_FIELD
SZSE,MAIN,A_SHARE,000768,中航西飞,1997-06-26,https://www.szse.cn/api/report/ShowReport/data?SHOWTYPE=JSON&CATALOGID=1110&TABKEY=tab1&PAGENO=14,"{""agdm"": ""000768"", ""agjc"": ""<a href='http://www.szse.cn/certificate/individual/index.html?code=000768' target='_blank'><u>中航西飞</u></a>"", ""agltgb"": ""27.76"", ""agssrq"": ""1997-06-26"", ""agzgb"": ""27.80"", ""bk"": ""主板"", ""gskzjglx"": ""-"", ""sfjybjqcy"": ""-"", ""sshymc"": ""C 制造业"", ""ylbz"": ""-""}",OFFICIAL_SZSE_BOARD_FIELD
SZSE,MAIN,A_SHARE,000776,广发证券,1997-06-11,https://www.szse.cn/api/report/ShowReport/data?SHOWTYPE=JSON&CATALOGID=1110&TABKEY=tab1&PAGENO=14,"{""agdm"": ""000776"", ""agjc"": ""<a href='http://www.szse.cn/certificate/individual/index.html?code=000776' target='_blank'><u>广发证券</u></a>"", ""agltgb"": ""59.04"", ""agssrq"": ""1997-06-11"", ""agzgb"": ""59.04"", ""bk"": ""主板"", ""gskzjglx"": ""-"", ""sfjybjqcy"": ""-"", ""sshymc"": ""J 金融业"", ""ylbz"": ""-""}",OFFICIAL_SZSE_BOARD_FIELD
SZSE,MAIN,A_SHARE,000777,中核科技,1997-07-10,https://www.szse.cn/api/report/ShowReport/data?SHOWTYPE=JSON&CATALOGID=1110&TABKEY=tab1&PAGENO=14,"{""agdm"": ""000777"", ""agjc"": ""<a href='http://www.szse.cn/certificate/individual/index.html?code=000777' target='_blank'><u>中核科技</u></a>"", ""agltgb"": ""3.83"", ""agssrq"": ""1997-07-10"", ""agzgb"": ""3.83"", ""bk"": ""主板"", ""gskzjglx"": ""-"", ""sfjybjqcy"": ""-"", ""sshymc"": ""C 制造业"", ""ylbz"": ""-""}",OFFICIAL_SZSE_BOARD_FIELD
SZSE,MAIN,A_SHARE,000778,新兴铸管,1997-06-06,https://www.szse.cn/api/report/ShowReport/data?SHOWTYPE=JSON&CATALOGID=1110&TABKEY=tab1&PAGENO=14,"{""agdm"": ""000778"", ""agjc"": ""<a href='http://www.szse.cn/certificate/individual/index.html?code=000778' target='_blank'><u>新兴铸管</u></a>"", ""agltgb"": ""38.93"", ""agssrq"": ""1997-06-06"", ""agzgb"": ""39.63"", ""bk"": ""主板"", ""gskzjglx"": ""-"", ""sfjybjqcy"": ""-"", ""sshymc"": ""C 制造业"", ""ylbz"": ""-""}",OFFICIAL_SZSE_BOARD_FIELD
SZSE,MAIN,A_SHARE,000779,甘咨询,1997-05-28,https://www.szse.cn/api/report/ShowReport/data?SHOWTYPE=JSON&CATALOGID=1110&TABKEY=tab1&PAGENO=14,"{""agdm"": ""000779"", ""agjc"": ""<a href='http://www.szse.cn/certificate/individual/index.html?code=000779' target='_blank'><u>甘咨询</u></a>"", ""agltgb"": ""4.64"", ""agssrq"": ""1997-05-28"", ""agzgb"": ""4.64"", ""bk"": ""主板"", ""gskzjglx"": ""-"", ""sfjybjqcy"": ""-"", ""sshymc"": ""M 科研服务"", ""ylbz"": ""-""}",OFFICIAL_SZSE_BOARD_FIELD
SZSE,MAIN,A_SHARE,000782,恒申新材,1997-06-19,https://www.szse.cn/api/report/ShowReport/data?SHOWTYPE=JSON&CATALOGID=1110&TABKEY=tab1&PAGENO=14,"{""agdm"": ""000782"", ""agjc"": ""<a href='http://www.szse.cn/certificate/individual/index.html?code=000782' target='_blank'><u>恒申新材</u></a>"", ""agltgb"": ""5.28"", ""agssrq"": ""1997-06-19"", ""agzgb"": ""6.86"", ""bk"": ""主板"", ""gskzjglx"": ""-"", ""sfjybjqcy"": ""-"", ""sshymc"": ""C 制造业"", ""ylbz"": ""-""}",OFFICIAL_SZSE_BOARD_FIELD
SZSE,MAIN,A_SHARE,000783,长江证券,1997-07-31,https://www.szse.cn/api/report/ShowReport/data?SHOWTYPE=JSON&CATALOGID=1110&TABKEY=tab1&PAGENO=14,"{""agdm"": ""000783"", ""agjc"": ""<a href='http://www.szse.cn/certificate/individual/index.html?code=000783' target='_blank'><u>长江证券</u></a>"", ""agltgb"": ""55.30"", ""agssrq"": ""1997-07-31"", ""agzgb"": ""55.30"", ""bk"": ""主板"", ""gskzjglx"": ""-"", ""sfjybjqcy"": ""-"", ""sshymc"": ""J 金融业"", ""ylbz"": ""-""}",OFFICIAL_SZSE_BOARD_FIELD
SZSE,MAIN,A_SHARE,000785,居然智家,1997-07-11,https://www.szse.cn/api/report/ShowReport/data?SHOWTYPE=JSON&CATALOGID=1110&TABKEY=tab1&PAGENO=14,"{""agdm"": ""000785"", ""agjc"": ""<a href='http://www.szse.cn/certificate/individual/index.html?code=000785' target='_blank'><u>居然智家</u></a>"", ""agltgb"": ""61.76"", ""agssrq"": ""1997-07-11"", ""agzgb"": ""62.27"", ""bk"": ""主板"", ""gskzjglx"": ""-"", ""sfjybjqcy"": ""-"", ""sshymc"": ""L 商务服务"", ""ylbz"": ""-""}",OFFICIAL_SZSE_BOARD_FIELD
SZSE,MAIN,A_SHARE,000786,北新建材,1997-06-06,https://www.szse.cn/api/report/ShowReport/data?SHOWTYPE=JSON&CATALOGID=1110&TABKEY=tab1&PAGENO=14,"{""agdm"": ""000786"", ""agjc"": ""<a href='http://www.szse.cn/certificate/individual/index.html?code=000786' target='_blank'><u>北新建材</u></a>"", ""agltgb"": ""16.89"", ""agssrq"": ""1997-06-06"", ""agzgb"": ""17.02"", ""bk"": ""主板"", ""gskzjglx"": ""-"", ""sfjybjqcy"": ""-"", ""sshymc"": ""C 制造业"", ""ylbz"": ""-""}",OFFICIAL_SZSE_BOARD_FIELD
SZSE,MAIN,A_SHARE,000788,北大医药,1997-06-16,https://www.szse.cn/api/report/ShowReport/data?SHOWTYPE=JSON&CATALOGID=1110&TABKEY=tab1&PAGENO=14,"{""agdm"": ""000788"", ""agjc"": ""<a href='http://www.szse.cn/certificate/individual/index.html?code=000788' target='_blank'><u>北大医药</u></a>"", ""agltgb"": ""5.95"", ""agssrq"": ""1997-06-16"", ""agzgb"": ""5.95"", ""bk"": ""主板"", ""gskzjglx"": ""-"", ""sfjybjqcy"": ""-"", ""sshymc"": ""C 制造业"", ""ylbz"": ""-""}",OFFICIAL_SZSE_BOARD_FIELD
SZSE,MAIN,A_SHARE,000789,万年青,1997-09-23,https://www.szse.cn/api/report/ShowReport/data?SHOWTYPE=JSON&CATALOGID=1110&TABKEY=tab1&PAGENO=14,"{""agdm"": ""000789"", ""agjc"": ""<a href='http://www.szse.cn/certificate/individual/index.html?code=000789' target='_blank'><u>万年青</u></a>"", ""agltgb"": ""7.97"", ""agssrq"": ""1997-09-23"", ""agzgb"": ""7.97"", ""bk"": ""主板"", ""gskzjglx"": ""-"", ""sfjybjqcy"": ""-"", ""sshymc"": ""C 制造业"", ""ylbz"": ""-""}",OFFICIAL_SZSE_BOARD_FIELD
SZSE,MAIN,A_SHARE,000790,华神科技,1998-03-27,https://www.szse.cn/api/report/ShowReport/data?SHOWTYPE=JSON&CATALOGID=1110&TABKEY=tab1&PAGENO=14,"{""agdm"": ""000790"", ""agjc"": ""<a href='http://www.szse.cn/certificate/individual/index.html?code=000790' target='_blank'><u>华神科技</u></a>"", ""agltgb"": ""6.22"", ""agssrq"": ""1998-03-27"", ""agzgb"": ""6.23"", ""bk"": ""主板"", ""gskzjglx"": ""-"", ""sfjybjqcy"": ""-"", ""sshymc"": ""C 制造业"", ""ylbz"": ""-""}",OFFICIAL_SZSE_BOARD_FIELD
SZSE,MAIN,A_SHARE,000791,甘肃能源,1997-10-14,https://www.szse.cn/api/report/ShowReport/data?SHOWTYPE=JSON&CATALOGID=1110&TABKEY=tab1&PAGENO=14,"{""agdm"": ""000791"", ""agjc"": ""<a href='http://www.szse.cn/certificate/individual/index.html?code=000791' target='_blank'><u>甘肃能源</u></a>"", ""agltgb"": ""19.35"", ""agssrq"": ""1997-10-14"", ""agzgb"": ""32.43"", ""bk"": ""主板"", ""gskzjglx"": ""-"", ""sfjybjqcy"": ""-"", ""sshymc"": ""D 水电煤气"", ""ylbz"": ""-""}",OFFICIAL_SZSE_BOARD_FIELD
SZSE,MAIN,A_SHARE,000792,盐湖股份,1997-09-04,https://www.szse.cn/api/report/ShowReport/data?SHOWTYPE=JSON&CATALOGID=1110&TABKEY=tab1&PAGENO=14,"{""agdm"": ""000792"", ""agjc"": ""<a href='http://www.szse.cn/certificate/individual/index.html?code=000792' target='_blank'><u>盐湖股份</u></a>"", ""agltgb"": ""52.91"", ""agssrq"": ""1997-09-04"", ""agzgb"": ""52.91"", ""bk"": ""主板"", ""gskzjglx"": ""-"", ""sfjybjqcy"": ""-"", ""sshymc"": ""C 制造业"", ""ylbz"": ""-""}",OFFICIAL_SZSE_BOARD_FIELD
SZSE,MAIN,A_SHARE,000793,*ST华闻,1997-07-29,https://www.szse.cn/api/report/ShowReport/data?SHOWTYPE=JSON&CATALOGID=1110&TABKEY=tab1&PAGENO=14,"{""agdm"": ""000793"", ""agjc"": ""<a href='http://www.szse.cn/certificate/individual/index.html?code=000793' target='_blank'><u>*ST华闻</u></a>"", ""agltgb"": ""26.64"", ""agssrq"": ""1997-07-29"", ""agzgb"": ""43.93"", ""bk"": ""主板"", ""gskzjglx"": ""-"", ""sfjybjqcy"": ""-"", ""sshymc"": ""R 文化传播"", ""ylbz"": ""-""}",OFFICIAL_SZSE_BOARD_FIELD
SZSE,MAIN,A_SHARE,000795,英洛华,1997-08-08,https://www.szse.cn/api/report/ShowReport/data?SHOWTYPE=JSON&CATALOGID=1110&TABKEY=tab1&PAGENO=14,"{""agdm"": ""000795"", ""agjc"": ""<a href='http://www.szse.cn/certificate/individual/index.html?code=000795' target='_blank'><u>英洛华</u></a>"", ""agltgb"": ""11.16"", ""agssrq"": ""1997-08-08"", ""agzgb"": ""11.16"", ""bk"": ""主板"", ""gskzjglx"": ""-"", ""sfjybjqcy"": ""-"", ""sshymc"": ""C 制造业"", ""ylbz"": ""-""}",OFFICIAL_SZSE_BOARD_FIELD
SZSE,MAIN,A_SHARE,000796,凯撒旅业,1997-07-03,https://www.szse.cn/api/report/ShowReport/data?SHOWTYPE=JSON&CATALOGID=1110&TABKEY=tab1&PAGENO=15,"{""agdm"": ""000796"", ""agjc"": ""<a href='http://www.szse.cn/certificate/individual/index.html?code=000796' target='_blank'><u>凯撒旅业</u></a>"", ""agltgb"": ""13.30"", ""agssrq"": ""1997-07-03"", ""agzgb"": ""16.03"", ""bk"": ""主板"", ""gskzjglx"": ""-"", ""sfjybjqcy"": ""-"", ""sshymc"": ""L 商务服务"", ""ylbz"": ""-""}",OFFICIAL_SZSE_BOARD_FIELD
SZSE,MAIN,A_SHARE,000797,中国武夷,1997-07-15,https://www.szse.cn/api/report/ShowReport/data?SHOWTYPE=JSON&CATALOGID=1110&TABKEY=tab1&PAGENO=15,"{""agdm"": ""000797"", ""agjc"": ""<a href='http://www.szse.cn/certificate/individual/index.html?code=000797' target='_blank'><u>中国武夷</u></a>"", ""agltgb"": ""15.70"", ""agssrq"": ""1997-07-15"", ""agzgb"": ""15.70"", ""bk"": ""主板"", ""gskzjglx"": ""-"", ""sfjybjqcy"": ""-"", ""sshymc"": ""K 房地产"", ""ylbz"": ""-""}",OFFICIAL_SZSE_BOARD_FIELD
SZSE,MAIN,A_SHARE,000798,中水渔业,1998-02-12,https://www.szse.cn/api/report/ShowReport/data?SHOWTYPE=JSON&CATALOGID=1110&TABKEY=tab1&PAGENO=15,"{""agdm"": ""000798"", ""agjc"": ""<a href='http://www.szse.cn/certificate/individual/index.html?code=000798' target='_blank'><u>中水渔业</u></a>"", ""agltgb"": ""3.65"", ""agssrq"": ""1998-02-12"", ""agzgb"": ""3.65"", ""bk"": ""主板"", ""gskzjglx"": ""-"", ""sfjybjqcy"": ""-"", ""sshymc"": ""A 农林牧渔"", ""ylbz"": ""-""}",OFFICIAL_SZSE_BOARD_FIELD
SZSE,MAIN,A_SHARE,000799,酒鬼酒,1997-07-18,https://www.szse.cn/api/report/ShowReport/data?SHOWTYPE=JSON&CATALOGID=1110&TABKEY=tab1&PAGENO=15,"{""agdm"": ""000799"", ""agjc"": ""<a href='http://www.szse.cn/certificate/individual/index.html?code=000799' target='_blank'><u>酒鬼酒</u></a>"", ""agltgb"": ""3.24"", ""agssrq"": ""1997-07-18"", ""agzgb"": ""3.24"", ""bk"": ""主板"", ""gskzjglx"": ""-"", ""sfjybjqcy"": ""-"", ""sshymc"": ""C 制造业"", ""ylbz"": ""-""}",OFFICIAL_SZSE_BOARD_FIELD
SZSE,MAIN,A_SHARE,000800,一汽解放,1997-06-18,https://www.szse.cn/api/report/ShowReport/data?SHOWTYPE=JSON&CATALOGID=1110&TABKEY=tab1&PAGENO=15,"{""agdm"": ""000800"", ""agjc"": ""<a href='http://www.szse.cn/certificate/individual/index.html?code=000800' target='_blank'><u>一汽解放</u></a>"", ""agltgb"": ""49.20"", ""agssrq"": ""1997-06-18"", ""agzgb"": ""49.21"", ""bk"": ""主板"", ""gskzjglx"": ""-"", ""sfjybjqcy"": ""-"", ""sshymc"": ""C 制造业"", ""ylbz"": ""-""}",OFFICIAL_SZSE_BOARD_FIELD
SZSE,MAIN,A_SHARE,000801,四川九洲,1998-05-06,https://www.szse.cn/api/report/ShowReport/data?SHOWTYPE=JSON&CATALOGID=1110&TABKEY=tab1&PAGENO=15,"{""agdm"": ""000801"", ""agjc"": ""<a href='http://www.szse.cn/certificate/individual/index.html?code=000801' target='_blank'><u>四川九洲</u></a>"", ""agltgb"": ""10.15"", ""agssrq"": ""1998-05-06"", ""agzgb"": ""10.16"", ""bk"": ""主板"", ""gskzjglx"": ""-"", ""sfjybjqcy"": ""-"", ""sshymc"": ""C 制造业"", ""ylbz"": ""-""}",OFFICIAL_SZSE_BOARD_FIELD
SZSE,MAIN,A_SHARE,000802,北京文化,1998-01-08,https://www.szse.cn/api/report/ShowReport/data?SHOWTYPE=JSON&CATALOGID=1110&TABKEY=tab1&PAGENO=15,"{""agdm"": ""000802"", ""agjc"": ""<a href='http://www.szse.cn/certificate/individual/index.html?code=000802' target='_blank'><u>北京文化</u></a>"", ""agltgb"": ""7.15"", ""agssrq"": ""1998-01-08"", ""agzgb"": ""7.15"", ""bk"": ""主板"", ""gskzjglx"": ""-"", ""sfjybjqcy"": ""-"", ""sshymc"": ""R 文化传播"", ""ylbz"": ""-""}",OFFICIAL_SZSE_BOARD_FIELD
SZSE,MAIN,A_SHARE,000803,山高环能,1998-03-03,https://www.szse.cn/api/report/ShowReport/data?SHOWTYPE=JSON&CATALOGID=1110&TABKEY=tab1&PAGENO=15,"{""agdm"": ""000803"", ""agjc"": ""<a href='http://www.szse.cn/certificate/individual/index.html?code=000803' target='_blank'><u>山高环能</u></a>"", ""agltgb"": ""4.64"", ""agssrq"": ""1998-03-03"", ""agzgb"": ""4.66"", ""bk"": ""主板"", ""gskzjglx"": ""-"", ""sfjybjqcy"": ""-"", ""sshymc"": ""N 公共环保"", ""ylbz"": ""-""}",OFFICIAL_SZSE_BOARD_FIELD
SZSE,MAIN,A_SHARE,000807,云铝股份,1998-04-08,https://www.szse.cn/api/report/ShowReport/data?SHOWTYPE=JSON&CATALOGID=1110&TABKEY=tab1&PAGENO=15,"{""agdm"": ""000807"", ""agjc"": ""<a href='http://www.szse.cn/certificate/individual/index.html?code=000807' target='_blank'><u>云铝股份</u></a>"", ""agltgb"": ""34.67"", ""agssrq"": ""1998-04-08"", ""agzgb"": ""34.67"", ""bk"": ""主板"", ""gskzjglx"": ""-"", ""sfjybjqcy"": ""-"", ""sshymc"": ""C 制造业"", ""ylbz"": ""-""}",OFFICIAL_SZSE_BOARD_FIELD
SZSE,MAIN,A_SHARE,000809,和展能源,1998-06-16,https://www.szse.cn/api/report/ShowReport/data?SHOWTYPE=JSON&CATALOGID=1110&TABKEY=tab1&PAGENO=15,"{""agdm"": ""000809"", ""agjc"": ""<a href='http://www.szse.cn/certificate/individual/index.html?code=000809' target='_blank'><u>和展能源</u></a>"", ""agltgb"": ""8.24"", ""agssrq"": ""1998-06-16"", ""agzgb"": ""8.24"", ""bk"": ""主板"", ""gskzjglx"": ""-"", ""sfjybjqcy"": ""-"", ""sshymc"": ""C 制造业"", ""ylbz"": ""-""}",OFFICIAL_SZSE_BOARD_FIELD
SZSE,MAIN,A_SHARE,000810,创维数字,1998-06-02,https://www.szse.cn/api/report/ShowReport/data?SHOWTYPE=JSON&CATALOGID=1110&TABKEY=tab1&PAGENO=15,"{""agdm"": ""000810"", ""agjc"": ""<a href='http://www.szse.cn/certificate/individual/index.html?code=000810' target='_blank'><u>创维数字</u></a>"", ""agltgb"": ""11.18"", ""agssrq"": ""1998-06-02"", ""agzgb"": ""11.50"", ""bk"": ""主板"", ""gskzjglx"": ""-"", ""sfjybjqcy"": ""-"", ""sshymc"": ""C 制造业"", ""ylbz"": ""-""}",OFFICIAL_SZSE_BOARD_FIELD
SZSE,MAIN,A_SHARE,000811,冰轮环境,1998-05-28,https://www.szse.cn/api/report/ShowReport/data?SHOWTYPE=JSON&CATALOGID=1110&TABKEY=tab1&PAGENO=15,"{""agdm"": ""000811"", ""agjc"": ""<a href='http://www.szse.cn/certificate/individual/index.html?code=000811' target='_blank'><u>冰轮环境</u></a>"", ""agltgb"": ""9.78"", ""agssrq"": ""1998-05-28"", ""agzgb"": ""9.92"", ""bk"": ""主板"", ""gskzjglx"": ""-"", ""sfjybjqcy"": ""-"", ""sshymc"": ""C 制造业"", ""ylbz"": ""-""}",OFFICIAL_SZSE_BOARD_FIELD
SZSE,MAIN,A_SHARE,000812,陕西金叶,1998-06-23,https://www.szse.cn/api/report/ShowReport/data?SHOWTYPE=JSON&CATALOGID=1110&TABKEY=tab1&PAGENO=15,"{""agdm"": ""000812"", ""agjc"": ""<a href='http://www.szse.cn/certificate/individual/index.html?code=000812' target='_blank'><u>陕西金叶</u></a>"", ""agltgb"": ""7.56"", ""agssrq"": ""1998-06-23"", ""agzgb"": ""7.56"", ""bk"": ""主板"", ""gskzjglx"": ""-"", ""sfjybjqcy"": ""-"", ""sshymc"": ""C 制造业"", ""ylbz"": ""-""}",OFFICIAL_SZSE_BOARD_FIELD
SZSE,MAIN,A_SHARE,000813,德展健康,1998-05-19,https://www.szse.cn/api/report/ShowReport/data?SHOWTYPE=JSON&CATALOGID=1110&TABKEY=tab1&PAGENO=15,"{""agdm"": ""000813"", ""agjc"": ""<a href='http://www.szse.cn/certificate/individual/index.html?code=000813' target='_blank'><u>德展健康</u></a>"", ""agltgb"": ""20.96"", ""agssrq"": ""1998-05-19"", ""agzgb"": ""20.97"", ""bk"": ""主板"", ""gskzjglx"": ""-"", ""sfjybjqcy"": ""-"", ""sshymc"": ""C 制造业"", ""ylbz"": ""-""}",OFFICIAL_SZSE_BOARD_FIELD
SZSE,MAIN,A_SHARE,000815,美利云,1998-06-09,https://www.szse.cn/api/report/ShowReport/data?SHOWTYPE=JSON&CATALOGID=1110&TABKEY=tab1&PAGENO=15,"{""agdm"": ""000815"", ""agjc"": ""<a href='http://www.szse.cn/certificate/individual/index.html?code=000815' target='_blank'><u>美利云</u></a>"", ""agltgb"": ""6.95"", ""agssrq"": ""1998-06-09"", ""agzgb"": ""6.95"", ""bk"": ""主板"", ""gskzjglx"": ""-"", ""sfjybjqcy"": ""-"", ""sshymc"": ""C 制造业"", ""ylbz"": ""-""}",OFFICIAL_SZSE_BOARD_FIELD
SZSE,MAIN,A_SHARE,000816,智慧农业,1997-08-18,https://www.szse.cn/api/report/ShowReport/data?SHOWTYPE=JSON&CATALOGID=1110&TABKEY=tab1&PAGENO=15,"{""agdm"": ""000816"", ""agjc"": ""<a href='http://www.szse.cn/certificate/individual/index.html?code=000816' target='_blank'><u>智慧农业</u></a>"", ""agltgb"": ""14.39"", ""agssrq"": ""1997-08-18"", ""agzgb"": ""14.47"", ""bk"": ""主板"", ""gskzjglx"": ""-"", ""sfjybjqcy"": ""-"", ""sshymc"": ""C 制造业"", ""ylbz"": ""-""}",OFFICIAL_SZSE_BOARD_FIELD
SZSE,MAIN,A_SHARE,000818,航锦科技,1997-10-17,https://www.szse.cn/api/report/ShowReport/data?SHOWTYPE=JSON&CATALOGID=1110&TABKEY=tab1&PAGENO=15,"{""agdm"": ""000818"", ""agjc"": ""<a href='http://www.szse.cn/certificate/individual/index.html?code=000818' target='_blank'><u>航锦科技</u></a>"", ""agltgb"": ""6.58"", ""agssrq"": ""1997-10-17"", ""agzgb"": ""6.60"", ""bk"": ""主板"", ""gskzjglx"": ""-"", ""sfjybjqcy"": ""-"", ""sshymc"": ""C 制造业"", ""ylbz"": ""-""}",OFFICIAL_SZSE_BOARD_FIELD
SZSE,MAIN,A_SHARE,000819,岳阳兴长,1997-06-25,https://www.szse.cn/api/report/ShowReport/data?SHOWTYPE=JSON&CATALOGID=1110&TABKEY=tab1&PAGENO=15,"{""agdm"": ""000819"", ""agjc"": ""<a href='http://www.szse.cn/certificate/individual/index.html?code=000819' target='_blank'><u>岳阳兴长</u></a>"", ""agltgb"": ""3.65"", ""agssrq"": ""1997-06-25"", ""agzgb"": ""3.69"", ""bk"": ""主板"", ""gskzjglx"": ""-"", ""sfjybjqcy"": ""-"", ""sshymc"": ""C 制造业"", ""ylbz"": ""-""}",OFFICIAL_SZSE_BOARD_FIELD
SZSE,MAIN,A_SHARE,000820,*ST节能,1998-06-30,https://www.szse.cn/api/report/ShowReport/data?SHOWTYPE=JSON&CATALOGID=1110&TABKEY=tab1&PAGENO=15,"{""agdm"": ""000820"", ""agjc"": ""<a href='http://www.szse.cn/certificate/individual/index.html?code=000820' target='_blank'><u>*ST节能</u></a>"", ""agltgb"": ""2.96"", ""agssrq"": ""1998-06-30"", ""agzgb"": ""6.46"", ""bk"": ""主板"", ""gskzjglx"": ""-"", ""sfjybjqcy"": ""-"", ""sshymc"": ""M 科研服务"", ""ylbz"": ""-""}",OFFICIAL_SZSE_BOARD_FIELD
SZSE,MAIN,A_SHARE,000821,ST京机,1998-06-26,https://www.szse.cn/api/report/ShowReport/data?SHOWTYPE=JSON&CATALOGID=1110&TABKEY=tab1&PAGENO=15,"{""agdm"": ""000821"", ""agjc"": ""<a href='http://www.szse.cn/certificate/individual/index.html?code=000821' target='_blank'><u>ST京机</u></a>"", ""agltgb"": ""5.98"", ""agssrq"": ""1998-06-26"", ""agzgb"": ""6.22"", ""bk"": ""主板"", ""gskzjglx"": ""-"", ""sfjybjqcy"": ""-"", ""sshymc"": ""C 制造业"", ""ylbz"": ""-""}",OFFICIAL_SZSE_BOARD_FIELD
SZSE,MAIN,A_SHARE,000822,山东海化,1998-07-03,https://www.szse.cn/api/report/ShowReport/data?SHOWTYPE=JSON&CATALOGID=1110&TABKEY=tab1&PAGENO=16,"{""agdm"": ""000822"", ""agjc"": ""<a href='http://www.szse.cn/certificate/individual/index.html?code=000822' target='_blank'><u>山东海化</u></a>"", ""agltgb"": ""8.95"", ""agssrq"": ""1998-07-03"", ""agzgb"": ""8.95"", ""bk"": ""主板"", ""gskzjglx"": ""-"", ""sfjybjqcy"": ""-"", ""sshymc"": ""C 制造业"", ""ylbz"": ""-""}",OFFICIAL_SZSE_BOARD_FIELD
SZSE,MAIN,A_SHARE,000823,超声电子,1997-10-08,https://www.szse.cn/api/report/ShowReport/data?SHOWTYPE=JSON&CATALOGID=1110&TABKEY=tab1&PAGENO=16,"{""agdm"": ""000823"", ""agjc"": ""<a href='http://www.szse.cn/certificate/individual/index.html?code=000823' target='_blank'><u>超声电子</u></a>"", ""agltgb"": ""5.94"", ""agssrq"": ""1997-10-08"", ""agzgb"": ""5.94"", ""bk"": ""主板"", ""gskzjglx"": ""-"", ""sfjybjqcy"": ""-"", ""sshymc"": ""C 制造业"", ""ylbz"": ""-""}",OFFICIAL_SZSE_BOARD_FIELD
SZSE,MAIN,A_SHARE,000825,太钢不锈,1998-10-21,https://www.szse.cn/api/report/ShowReport/data?SHOWTYPE=JSON&CATALOGID=1110&TABKEY=tab1&PAGENO=16,"{""agdm"": ""000825"", ""agjc"": ""<a href='http://www.szse.cn/certificate/individual/index.html?code=000825' target='_blank'><u>太钢不锈</u></a>"", ""agltgb"": ""56.96"", ""agssrq"": ""1998-10-21"", ""agzgb"": ""56.96"", ""bk"": ""主板"", ""gskzjglx"": ""-"", ""sfjybjqcy"": ""-"", ""sshymc"": ""C 制造业"", ""ylbz"": ""-""}",OFFICIAL_SZSE_BOARD_FIELD
SZSE,MAIN,A_SHARE,000826,*ST启环,1998-02-25,https://www.szse.cn/api/report/ShowReport/data?SHOWTYPE=JSON&CATALOGID=1110&TABKEY=tab1&PAGENO=16,"{""agdm"": ""000826"", ""agjc"": ""<a href='http://www.szse.cn/certificate/individual/index.html?code=000826' target='_blank'><u>*ST启环</u></a>"", ""agltgb"": ""14.25"", ""agssrq"": ""1998-02-25"", ""agzgb"": ""14.25"", ""bk"": ""主板"", ""gskzjglx"": ""-"", ""sfjybjqcy"": ""-"", ""sshymc"": ""N 公共环保"", ""ylbz"": ""-""}",OFFICIAL_SZSE_BOARD_FIELD
SZSE,MAIN,A_SHARE,000828,东莞控股,1997-06-17,https://www.szse.cn/api/report/ShowReport/data?SHOWTYPE=JSON&CATALOGID=1110&TABKEY=tab1&PAGENO=16,"{""agdm"": ""000828"", ""agjc"": ""<a href='http://www.szse.cn/certificate/individual/index.html?code=000828' target='_blank'><u>东莞控股</u></a>"", ""agltgb"": ""10.39"", ""agssrq"": ""1997-06-17"", ""agzgb"": ""10.39"", ""bk"": ""主板"", ""gskzjglx"": ""-"", ""sfjybjqcy"": ""-"", ""sshymc"": ""G 运输仓储"", ""ylbz"": ""-""}",OFFICIAL_SZSE_BOARD_FIELD
SZSE,MAIN,A_SHARE,000829,天音控股,1997-12-02,https://www.szse.cn/api/report/ShowReport/data?SHOWTYPE=JSON&CATALOGID=1110&TABKEY=tab1&PAGENO=16,"{""agdm"": ""000829"", ""agjc"": ""<a href='http://www.szse.cn/certificate/individual/index.html?code=000829' target='_blank'><u>天音控股</u></a>"", ""agltgb"": ""10.24"", ""agssrq"": ""1997-12-02"", ""agzgb"": ""10.25"", ""bk"": ""主板"", ""gskzjglx"": ""-"", ""sfjybjqcy"": ""-"", ""sshymc"": ""F 批发零售"", ""ylbz"": ""-""}",OFFICIAL_SZSE_BOARD_FIELD
SZSE,MAIN,A_SHARE,000830,鲁西化工,1998-08-07,https://www.szse.cn/api/report/ShowReport/data?SHOWTYPE=JSON&CATALOGID=1110&TABKEY=tab1&PAGENO=16,"{""agdm"": ""000830"", ""agjc"": ""<a href='http://www.szse.cn/certificate/individual/index.html?code=000830' target='_blank'><u>鲁西化工</u></a>"", ""agltgb"": ""19.04"", ""agssrq"": ""1998-08-07"", ""agzgb"": ""19.04"", ""bk"": ""主板"", ""gskzjglx"": ""-"", ""sfjybjqcy"": ""-"", ""sshymc"": ""C 制造业"", ""ylbz"": ""-""}",OFFICIAL_SZSE_BOARD_FIELD
SZSE,MAIN,A_SHARE,000831,中国稀土,1998-09-11,https://www.szse.cn/api/report/ShowReport/data?SHOWTYPE=JSON&CATALOGID=1110&TABKEY=tab1&PAGENO=16,"{""agdm"": ""000831"", ""agjc"": ""<a href='http://www.szse.cn/certificate/individual/index.html?code=000831' target='_blank'><u>中国稀土</u></a>"", ""agltgb"": ""10.61"", ""agssrq"": ""1998-09-11"", ""agzgb"": ""10.61"", ""bk"": ""主板"", ""gskzjglx"": ""-"", ""sfjybjqcy"": ""-"", ""sshymc"": ""C 制造业"", ""ylbz"": ""-""}",OFFICIAL_SZSE_BOARD_FIELD
SZSE,MAIN,A_SHARE,000833,粤桂股份,1998-11-11,https://www.szse.cn/api/report/ShowReport/data?SHOWTYPE=JSON&CATALOGID=1110&TABKEY=tab1&PAGENO=16,"{""agdm"": ""000833"", ""agjc"": ""<a href='http://www.szse.cn/certificate/individual/index.html?code=000833' target='_blank'><u>粤桂股份</u></a>"", ""agltgb"": ""4.53"", ""agssrq"": ""1998-11-11"", ""agzgb"": ""8.02"", ""bk"": ""主板"", ""gskzjglx"": ""-"", ""sfjybjqcy"": ""-"", ""sshymc"": ""S 综合"", ""ylbz"": ""-""}",OFFICIAL_SZSE_BOARD_FIELD
SZSE,MAIN,A_SHARE,000837,秦川机床,1998-09-28,https://www.szse.cn/api/report/ShowReport/data?SHOWTYPE=JSON&CATALOGID=1110&TABKEY=tab1&PAGENO=16,"{""agdm"": ""000837"", ""agjc"": ""<a href='http://www.szse.cn/certificate/individual/index.html?code=000837' target='_blank'><u>秦川机床</u></a>"", ""agltgb"": ""10.07"", ""agssrq"": ""1998-09-28"", ""agzgb"": ""10.23"", ""bk"": ""主板"", ""gskzjglx"": ""-"", ""sfjybjqcy"": ""-"", ""sshymc"": ""C 制造业"", ""ylbz"": ""-""}",OFFICIAL_SZSE_BOARD_FIELD
SZSE,MAIN,A_SHARE,000838,*ST发展,1997-06-26,https://www.szse.cn/api/report/ShowReport/data?SHOWTYPE=JSON&CATALOGID=1110&TABKEY=tab1&PAGENO=16,"{""agdm"": ""000838"", ""agjc"": ""<a href='http://www.szse.cn/certificate/individual/index.html?code=000838' target='_blank'><u>*ST发展</u></a>"", ""agltgb"": ""10.53"", ""agssrq"": ""1997-06-26"", ""agzgb"": ""11.00"", ""bk"": ""主板"", ""gskzjglx"": ""-"", ""sfjybjqcy"": ""-"", ""sshymc"": ""K 房地产"", ""ylbz"": ""-""}",OFFICIAL_SZSE_BOARD_FIELD
SZSE,MAIN,A_SHARE,000839,国安股份,1997-10-31,https://www.szse.cn/api/report/ShowReport/data?SHOWTYPE=JSON&CATALOGID=1110&TABKEY=tab1&PAGENO=16,"{""agdm"": ""000839"", ""agjc"": ""<a href='http://www.szse.cn/certificate/individual/index.html?code=000839' target='_blank'><u>国安股份</u></a>"", ""agltgb"": ""39.19"", ""agssrq"": ""1997-10-31"", ""agzgb"": ""39.19"", ""bk"": ""主板"", ""gskzjglx"": ""-"", ""sfjybjqcy"": ""-"", ""sshymc"": ""I 信息技术"", ""ylbz"": ""-""}",OFFICIAL_SZSE_BOARD_FIELD
SZSE,MAIN,A_SHARE,000848,承德露露,1997-11-13,https://www.szse.cn/api/report/ShowReport/data?SHOWTYPE=JSON&CATALOGID=1110&TABKEY=tab1&PAGENO=16,"{""agdm"": ""000848"", ""agjc"": ""<a href='http://www.szse.cn/certificate/individual/index.html?code=000848' target='_blank'><u>承德露露</u></a>"", ""agltgb"": ""10.10"", ""agssrq"": ""1997-11-13"", ""agzgb"": ""10.20"", ""bk"": ""主板"", ""gskzjglx"": ""-"", ""sfjybjqcy"": ""-"", ""sshymc"": ""C 制造业"", ""ylbz"": ""-""}",OFFICIAL_SZSE_BOARD_FIELD
SZSE,MAIN,A_SHARE,000850,华茂股份,1998-10-07,https://www.szse.cn/api/report/ShowReport/data?SHOWTYPE=JSON&CATALOGID=1110&TABKEY=tab1&PAGENO=16,"{""agdm"": ""000850"", ""agjc"": ""<a href='http://www.szse.cn/certificate/individual/index.html?code=000850' target='_blank'><u>华茂股份</u></a>"", ""agltgb"": ""9.43"", ""agssrq"": ""1998-10-07"", ""agzgb"": ""9.43"", ""bk"": ""主板"", ""gskzjglx"": ""-"", ""sfjybjqcy"": ""-"", ""sshymc"": ""C 制造业"", ""ylbz"": ""-""}",OFFICIAL_SZSE_BOARD_FIELD
SZSE,MAIN,A_SHARE,000852,石化机械,1998-11-26,https://www.szse.cn/api/report/ShowReport/data?SHOWTYPE=JSON&CATALOGID=1110&TABKEY=tab1&PAGENO=16,"{""agdm"": ""000852"", ""agjc"": ""<a href='http://www.szse.cn/certificate/individual/index.html?code=000852' target='_blank'><u>石化机械</u></a>"", ""agltgb"": ""9.50"", ""agssrq"": ""1998-11-26"", ""agzgb"": ""9.55"", ""bk"": ""主板"", ""gskzjglx"": ""-"", ""sfjybjqcy"": ""-"", ""sshymc"": ""C 制造业"", ""ylbz"": ""-""}",OFFICIAL_SZSE_BOARD_FIELD
SZSE,MAIN,A_SHARE,000856,冀东装备,1998-08-13,https://www.szse.cn/api/report/ShowReport/data?SHOWTYPE=JSON&CATALOGID=1110&TABKEY=tab1&PAGENO=16,"{""agdm"": ""000856"", ""agjc"": ""<a href='http://www.szse.cn/certificate/individual/index.html?code=000856' target='_blank'><u>冀东装备</u></a>"", ""agltgb"": ""2.27"", ""agssrq"": ""1998-08-13"", ""agzgb"": ""2.27"", ""bk"": ""主板"", ""gskzjglx"": ""-"", ""sfjybjqcy"": ""-"", ""sshymc"": ""C 制造业"", ""ylbz"": ""-""}",OFFICIAL_SZSE_BOARD_FIELD
SZSE,MAIN,A_SHARE,000858,五 粮 液,1998-04-27,https://www.szse.cn/api/report/ShowReport/data?SHOWTYPE=JSON&CATALOGID=1110&TABKEY=tab1&PAGENO=16,"{""agdm"": ""000858"", ""agjc"": ""<a href='http://www.szse.cn/certificate/individual/index.html?code=000858' target='_blank'><u>五 粮 液</u></a>"", ""agltgb"": ""38.81"", ""agssrq"": ""1998-04-27"", ""agzgb"": ""38.81"", ""bk"": ""主板"", ""gskzjglx"": ""-"", ""sfjybjqcy"": ""-"", ""sshymc"": ""C 制造业"", ""ylbz"": ""-""}",OFFICIAL_SZSE_BOARD_FIELD
SZSE,MAIN,A_SHARE,000859,国风新材,1998-11-19,https://www.szse.cn/api/report/ShowReport/data?SHOWTYPE=JSON&CATALOGID=1110&TABKEY=tab1&PAGENO=16,"{""agdm"": ""000859"", ""agjc"": ""<a href='http://www.szse.cn/certificate/individual/index.html?code=000859' target='_blank'><u>国风新材</u></a>"", ""agltgb"": ""8.95"", ""agssrq"": ""1998-11-19"", ""agzgb"": ""8.95"", ""bk"": ""主板"", ""gskzjglx"": ""-"", ""sfjybjqcy"": ""-"", ""sshymc"": ""C 制造业"", ""ylbz"": ""-""}",OFFICIAL_SZSE_BOARD_FIELD
SZSE,MAIN,A_SHARE,000860,顺鑫农业,1998-11-04,https://www.szse.cn/api/report/ShowReport/data?SHOWTYPE=JSON&CATALOGID=1110&TABKEY=tab1&PAGENO=16,"{""agdm"": ""000860"", ""agjc"": ""<a href='http://www.szse.cn/certificate/individual/index.html?code=000860' target='_blank'><u>顺鑫农业</u></a>"", ""agltgb"": ""7.41"", ""agssrq"": ""1998-11-04"", ""agzgb"": ""7.41"", ""bk"": ""主板"", ""gskzjglx"": ""-"", ""sfjybjqcy"": ""-"", ""sshymc"": ""C 制造业"", ""ylbz"": ""-""}",OFFICIAL_SZSE_BOARD_FIELD
SZSE,MAIN,A_SHARE,000862,银星能源,1998-09-15,https://www.szse.cn/api/report/ShowReport/data?SHOWTYPE=JSON&CATALOGID=1110&TABKEY=tab1&PAGENO=16,"{""agdm"": ""000862"", ""agjc"": ""<a href='http://www.szse.cn/certificate/individual/index.html?code=000862' target='_blank'><u>银星能源</u></a>"", ""agltgb"": ""6.27"", ""agssrq"": ""1998-09-15"", ""agzgb"": ""9.17"", ""bk"": ""主板"", ""gskzjglx"": ""-"", ""sfjybjqcy"": ""-"", ""sshymc"": ""D 水电煤气"", ""ylbz"": ""-""}",OFFICIAL_SZSE_BOARD_FIELD
SZSE,MAIN,A_SHARE,000863,三湘印象,1997-09-25,https://www.szse.cn/api/report/ShowReport/data?SHOWTYPE=JSON&CATALOGID=1110&TABKEY=tab1&PAGENO=17,"{""agdm"": ""000863"", ""agjc"": ""<a href='http://www.szse.cn/certificate/individual/index.html?code=000863' target='_blank'><u>三湘印象</u></a>"", ""agltgb"": ""11.64"", ""agssrq"": ""1997-09-25"", ""agzgb"": ""11.80"", ""bk"": ""主板"", ""gskzjglx"": ""-"", ""sfjybjqcy"": ""-"", ""sshymc"": ""K 房地产"", ""ylbz"": ""-""}",OFFICIAL_SZSE_BOARD_FIELD
SZSE,MAIN,A_SHARE,000868,安凯客车,1997-07-25,https://www.szse.cn/api/report/ShowReport/data?SHOWTYPE=JSON&CATALOGID=1110&TABKEY=tab1&PAGENO=17,"{""agdm"": ""000868"", ""agjc"": ""<a href='http://www.szse.cn/certificate/individual/index.html?code=000868' target='_blank'><u>安凯客车</u></a>"", ""agltgb"": ""9.39"", ""agssrq"": ""1997-07-25"", ""agzgb"": ""9.39"", ""bk"": ""主板"", ""gskzjglx"": ""-"", ""sfjybjqcy"": ""-"", ""sshymc"": ""C 制造业"", ""ylbz"": ""-""}",OFFICIAL_SZSE_BOARD_FIELD
SZSE,MAIN,A_SHARE,000869,张 裕Ａ,2000-10-26,https://www.szse.cn/api/report/ShowReport/data?SHOWTYPE=JSON&CATALOGID=1110&TABKEY=tab1&PAGENO=17,"{""agdm"": ""000869"", ""agjc"": ""<a href='http://www.szse.cn/certificate/individual/index.html?code=000869' target='_blank'><u>张  裕Ａ</u></a>"", ""agltgb"": ""4.55"", ""agssrq"": ""2000-10-26"", ""agzgb"": ""4.57"", ""bk"": ""主板"", ""gskzjglx"": ""-"", ""sfjybjqcy"": ""-"", ""sshymc"": ""C 制造业"", ""ylbz"": ""-""}",OFFICIAL_SZSE_BOARD_FIELD
SZSE,MAIN,A_SHARE,000875,电投绿能,2002-09-26,https://www.szse.cn/api/report/ShowReport/data?SHOWTYPE=JSON&CATALOGID=1110&TABKEY=tab1&PAGENO=17,"{""agdm"": ""000875"", ""agjc"": ""<a href='http://www.szse.cn/certificate/individual/index.html?code=000875' target='_blank'><u>电投绿能</u></a>"", ""agltgb"": ""33.42"", ""agssrq"": ""2002-09-26"", ""agzgb"": ""36.27"", ""bk"": ""主板"", ""gskzjglx"": ""-"", ""sfjybjqcy"": ""-"", ""sshymc"": ""D 水电煤气"", ""ylbz"": ""-""}",OFFICIAL_SZSE_BOARD_FIELD
SZSE,MAIN,A_SHARE,000876,新 希 望,1998-03-11,https://www.szse.cn/api/report/ShowReport/data?SHOWTYPE=JSON&CATALOGID=1110&TABKEY=tab1&PAGENO=17,"{""agdm"": ""000876"", ""agjc"": ""<a href='http://www.szse.cn/certificate/individual/index.html?code=000876' target='_blank'><u>新 希 望</u></a>"", ""agltgb"": ""45.00"", ""agssrq"": ""1998-03-11"", ""agzgb"": ""45.02"", ""bk"": ""主板"", ""gskzjglx"": ""-"", ""sfjybjqcy"": ""-"", ""sshymc"": ""C 制造业"", ""ylbz"": ""-""}",OFFICIAL_SZSE_BOARD_FIELD
SZSE,MAIN,A_SHARE,000877,天山股份,1999-01-07,https://www.szse.cn/api/report/ShowReport/data?SHOWTYPE=JSON&CATALOGID=1110&TABKEY=tab1&PAGENO=17,"{""agdm"": ""000877"", ""agjc"": ""<a href='http://www.szse.cn/certificate/individual/index.html?code=000877' target='_blank'><u>天山股份</u></a>"", ""agltgb"": ""71.10"", ""agssrq"": ""1999-01-07"", ""agzgb"": ""71.10"", ""bk"": ""主板"", ""gskzjglx"": ""-"", ""sfjybjqcy"": ""-"", ""sshymc"": ""C 制造业"", ""ylbz"": ""-""}",OFFICIAL_SZSE_BOARD_FIELD
SZSE,MAIN,A_SHARE,000878,云南铜业,1998-06-02,https://www.szse.cn/api/report/ShowReport/data?SHOWTYPE=JSON&CATALOGID=1110&TABKEY=tab1&PAGENO=17,"{""agdm"": ""000878"", ""agjc"": ""<a href='http://www.szse.cn/certificate/individual/index.html?code=000878' target='_blank'><u>云南铜业</u></a>"", ""agltgb"": ""20.03"", ""agssrq"": ""1998-06-02"", ""agzgb"": ""24.25"", ""bk"": ""主板"", ""gskzjglx"": ""-"", ""sfjybjqcy"": ""-"", ""sshymc"": ""C 制造业"", ""ylbz"": ""-""}",OFFICIAL_SZSE_BOARD_FIELD
SZSE,MAIN,A_SHARE,000880,潍柴重机,1998-04-02,https://www.szse.cn/api/report/ShowReport/data?SHOWTYPE=JSON&CATALOGID=1110&TABKEY=tab1&PAGENO=17,"{""agdm"": ""000880"", ""agjc"": ""<a href='http://www.szse.cn/certificate/individual/index.html?code=000880' target='_blank'><u>潍柴重机</u></a>"", ""agltgb"": ""2.27"", ""agssrq"": ""1998-04-02"", ""agzgb"": ""4.63"", ""bk"": ""主板"", ""gskzjglx"": ""-"", ""sfjybjqcy"": ""-"", ""sshymc"": ""C 制造业"", ""ylbz"": ""-""}",OFFICIAL_SZSE_BOARD_FIELD
SZSE,MAIN,A_SHARE,000881,中广核技,1998-09-02,https://www.szse.cn/api/report/ShowReport/data?SHOWTYPE=JSON&CATALOGID=1110&TABKEY=tab1&PAGENO=17,"{""agdm"": ""000881"", ""agjc"": ""<a href='http://www.szse.cn/certificate/individual/index.html?code=000881' target='_blank'><u>中广核技</u></a>"", ""agltgb"": ""9.03"", ""agssrq"": ""1998-09-02"", ""agzgb"": ""9.45"", ""bk"": ""主板"", ""gskzjglx"": ""-"", ""sfjybjqcy"": ""-"", ""sshymc"": ""C 制造业"", ""ylbz"": ""-""}",OFFICIAL_SZSE_BOARD_FIELD
SZSE,MAIN,A_SHARE,000882,华联股份,1998-06-16,https://www.szse.cn/api/report/ShowReport/data?SHOWTYPE=JSON&CATALOGID=1110&TABKEY=tab1&PAGENO=17,"{""agdm"": ""000882"", ""agjc"": ""<a href='http://www.szse.cn/certificate/individual/index.html?code=000882' target='_blank'><u>华联股份</u></a>"", ""agltgb"": ""27.35"", ""agssrq"": ""1998-06-16"", ""agzgb"": ""27.37"", ""bk"": ""主板"", ""gskzjglx"": ""-"", ""sfjybjqcy"": ""-"", ""sshymc"": ""L 商务服务"", ""ylbz"": ""-""}",OFFICIAL_SZSE_BOARD_FIELD
SZSE,MAIN,A_SHARE,000883,湖北能源,1998-05-19,https://www.szse.cn/api/report/ShowReport/data?SHOWTYPE=JSON&CATALOGID=1110&TABKEY=tab1&PAGENO=17,"{""agdm"": ""000883"", ""agjc"": ""<a href='http://www.szse.cn/certificate/individual/index.html?code=000883' target='_blank'><u>湖北能源</u></a>"", ""agltgb"": ""64.79"", ""agssrq"": ""1998-05-19"", ""agzgb"": ""70.79"", ""bk"": ""主板"", ""gskzjglx"": ""-"", ""sfjybjqcy"": ""-"", ""sshymc"": ""D 水电煤气"", ""ylbz"": ""-""}",OFFICIAL_SZSE_BOARD_FIELD
SZSE,MAIN,A_SHARE,000885,城发环境,1999-03-19,https://www.szse.cn/api/report/ShowReport/data?SHOWTYPE=JSON&CATALOGID=1110&TABKEY=tab1&PAGENO=17,"{""agdm"": ""000885"", ""agjc"": ""<a href='http://www.szse.cn/certificate/individual/index.html?code=000885' target='_blank'><u>城发环境</u></a>"", ""agltgb"": ""6.42"", ""agssrq"": ""1999-03-19"", ""agzgb"": ""6.42"", ""bk"": ""主板"", ""gskzjglx"": ""-"", ""sfjybjqcy"": ""-"", ""sshymc"": ""N 公共环保"", ""ylbz"": ""-""}",OFFICIAL_SZSE_BOARD_FIELD
SZSE,MAIN,A_SHARE,000886,海南高速,1998-01-23,https://www.szse.cn/api/report/ShowReport/data?SHOWTYPE=JSON&CATALOGID=1110&TABKEY=tab1&PAGENO=17,"{""agdm"": ""000886"", ""agjc"": ""<a href='http://www.szse.cn/certificate/individual/index.html?code=000886' target='_blank'><u>海南高速</u></a>"", ""agltgb"": ""9.77"", ""agssrq"": ""1998-01-23"", ""agzgb"": ""9.88"", ""bk"": ""主板"", ""gskzjglx"": ""-"", ""sfjybjqcy"": ""-"", ""sshymc"": ""G 运输仓储"", ""ylbz"": ""-""}",OFFICIAL_SZSE_BOARD_FIELD
SZSE,MAIN,A_SHARE,000887,中鼎股份,1998-12-03,https://www.szse.cn/api/report/ShowReport/data?SHOWTYPE=JSON&CATALOGID=1110&TABKEY=tab1&PAGENO=17,"{""agdm"": ""000887"", ""agjc"": ""<a href='http://www.szse.cn/certificate/individual/index.html?code=000887' target='_blank'><u>中鼎股份</u></a>"", ""agltgb"": ""13.14"", ""agssrq"": ""1998-12-03"", ""agzgb"": ""13.16"", ""bk"": ""主板"", ""gskzjglx"": ""-"", ""sfjybjqcy"": ""-"", ""sshymc"": ""C 制造业"", ""ylbz"": ""-""}",OFFICIAL_SZSE_BOARD_FIELD
SZSE,MAIN,A_SHARE,000888,峨眉山Ａ,1997-10-21,https://www.szse.cn/api/report/ShowReport/data?SHOWTYPE=JSON&CATALOGID=1110&TABKEY=tab1&PAGENO=17,"{""agdm"": ""000888"", ""agjc"": ""<a href='http://www.szse.cn/certificate/individual/index.html?code=000888' target='_blank'><u>峨眉山Ａ</u></a>"", ""agltgb"": ""5.26"", ""agssrq"": ""1997-10-21"", ""agzgb"": ""5.26"", ""bk"": ""主板"", ""gskzjglx"": ""-"", ""sfjybjqcy"": ""-"", ""sshymc"": ""N 公共环保"", ""ylbz"": ""-""}",OFFICIAL_SZSE_BOARD_FIELD
SZSE,MAIN,A_SHARE,000889,中嘉博创,1997-12-18,https://www.szse.cn/api/report/ShowReport/data?SHOWTYPE=JSON&CATALOGID=1110&TABKEY=tab1&PAGENO=17,"{""agdm"": ""000889"", ""agjc"": ""<a href='http://www.szse.cn/certificate/individual/index.html?code=000889' target='_blank'><u>中嘉博创</u></a>"", ""agltgb"": ""8.69"", ""agssrq"": ""1997-12-18"", ""agzgb"": ""9.36"", ""bk"": ""主板"", ""gskzjglx"": ""-"", ""sfjybjqcy"": ""-"", ""sshymc"": ""I 信息技术"", ""ylbz"": ""-""}",OFFICIAL_SZSE_BOARD_FIELD
SZSE,MAIN,A_SHARE,000890,法尔胜,1999-01-19,https://www.szse.cn/api/report/ShowReport/data?SHOWTYPE=JSON&CATALOGID=1110&TABKEY=tab1&PAGENO=17,"{""agdm"": ""000890"", ""agjc"": ""<a href='http://www.szse.cn/certificate/individual/index.html?code=000890' target='_blank'><u>法尔胜</u></a>"", ""agltgb"": ""4.19"", ""agssrq"": ""1999-01-19"", ""agzgb"": ""4.19"", ""bk"": ""主板"", ""gskzjglx"": ""-"", ""sfjybjqcy"": ""-"", ""sshymc"": ""C 制造业"", ""ylbz"": ""-""}",OFFICIAL_SZSE_BOARD_FIELD
SZSE,MAIN,A_SHARE,000892,欢瑞世纪,1999-01-15,https://www.szse.cn/api/report/ShowReport/data?SHOWTYPE=JSON&CATALOGID=1110&TABKEY=tab1&PAGENO=17,"{""agdm"": ""000892"", ""agjc"": ""<a href='http://www.szse.cn/certificate/individual/index.html?code=000892' target='_blank'><u>欢瑞世纪</u></a>"", ""agltgb"": ""7.10"", ""agssrq"": ""1999-01-15"", ""agzgb"": ""9.80"", ""bk"": ""主板"", ""gskzjglx"": ""-"", ""sfjybjqcy"": ""-"", ""sshymc"": ""R 文化传播"", ""ylbz"": ""-""}",OFFICIAL_SZSE_BOARD_FIELD
SZSE,MAIN,A_SHARE,000893,亚钾国际,1998-12-24,https://www.szse.cn/api/report/ShowReport/data?SHOWTYPE=JSON&CATALOGID=1110&TABKEY=tab1&PAGENO=17,"{""agdm"": ""000893"", ""agjc"": ""<a href='http://www.szse.cn/certificate/individual/index.html?code=000893' target='_blank'><u>亚钾国际</u></a>"", ""agltgb"": ""8.11"", ""agssrq"": ""1998-12-24"", ""agzgb"": ""9.24"", ""bk"": ""主板"", ""gskzjglx"": ""-"", ""sfjybjqcy"": ""-"", ""sshymc"": ""C 制造业"", ""ylbz"": ""-""}",OFFICIAL_SZSE_BOARD_FIELD
SZSE,MAIN,A_SHARE,000895,双汇发展,1998-12-10,https://www.szse.cn/api/report/ShowReport/data?SHOWTYPE=JSON&CATALOGID=1110&TABKEY=tab1&PAGENO=17,"{""agdm"": ""000895"", ""agjc"": ""<a href='http://www.szse.cn/certificate/individual/index.html?code=000895' target='_blank'><u>双汇发展</u></a>"", ""agltgb"": ""34.64"", ""agssrq"": ""1998-12-10"", ""agzgb"": ""34.64"", ""bk"": ""主板"", ""gskzjglx"": ""-"", ""sfjybjqcy"": ""-"", ""sshymc"": ""C 制造业"", ""ylbz"": ""-""}",OFFICIAL_SZSE_BOARD_FIELD
SZSE,MAIN,A_SHARE,000897,津滨发展,1999-04-22,https://www.szse.cn/api/report/ShowReport/data?SHOWTYPE=JSON&CATALOGID=1110&TABKEY=tab1&PAGENO=18,"{""agdm"": ""000897"", ""agjc"": ""<a href='http://www.szse.cn/certificate/individual/index.html?code=000897' target='_blank'><u>津滨发展</u></a>"", ""agltgb"": ""16.17"", ""agssrq"": ""1999-04-22"", ""agzgb"": ""16.17"", ""bk"": ""主板"", ""gskzjglx"": ""-"", ""sfjybjqcy"": ""-"", ""sshymc"": ""K 房地产"", ""ylbz"": ""-""}",OFFICIAL_SZSE_BOARD_FIELD
SZSE,MAIN,A_SHARE,000898,鞍钢股份,1997-12-25,https://www.szse.cn/api/report/ShowReport/data?SHOWTYPE=JSON&CATALOGID=1110&TABKEY=tab1&PAGENO=18,"{""agdm"": ""000898"", ""agjc"": ""<a href='http://www.szse.cn/certificate/individual/index.html?code=000898' target='_blank'><u>鞍钢股份</u></a>"", ""agltgb"": ""79.57"", ""agssrq"": ""1997-12-25"", ""agzgb"": ""79.57"", ""bk"": ""主板"", ""gskzjglx"": ""-"", ""sfjybjqcy"": ""-"", ""sshymc"": ""C 制造业"", ""ylbz"": ""-""}",OFFICIAL_SZSE_BOARD_FIELD
SZSE,MAIN,A_SHARE,000899,赣能股份,1997-11-26,https://www.szse.cn/api/report/ShowReport/data?SHOWTYPE=JSON&CATALOGID=1110&TABKEY=tab1&PAGENO=18,"{""agdm"": ""000899"", ""agjc"": ""<a href='http://www.szse.cn/certificate/individual/index.html?code=000899' target='_blank'><u>赣能股份</u></a>"", ""agltgb"": ""9.75"", ""agssrq"": ""1997-11-26"", ""agzgb"": ""9.75"", ""bk"": ""主板"", ""gskzjglx"": ""-"", ""sfjybjqcy"": ""-"", ""sshymc"": ""D 水电煤气"", ""ylbz"": ""-""}",OFFICIAL_SZSE_BOARD_FIELD
SZSE,MAIN,A_SHARE,000900,现代投资,1999-01-28,https://www.szse.cn/api/report/ShowReport/data?SHOWTYPE=JSON&CATALOGID=1110&TABKEY=tab1&PAGENO=18,"{""agdm"": ""000900"", ""agjc"": ""<a href='http://www.szse.cn/certificate/individual/index.html?code=000900' target='_blank'><u>现代投资</u></a>"", ""agltgb"": ""15.17"", ""agssrq"": ""1999-01-28"", ""agzgb"": ""15.17"", ""bk"": ""主板"", ""gskzjglx"": ""-"", ""sfjybjqcy"": ""-"", ""sshymc"": ""G 运输仓储"", ""ylbz"": ""-""}",OFFICIAL_SZSE_BOARD_FIELD
SZSE,MAIN,A_SHARE,000901,航天科技,1999-04-01,https://www.szse.cn/api/report/ShowReport/data?SHOWTYPE=JSON&CATALOGID=1110&TABKEY=tab1&PAGENO=18,"{""agdm"": ""000901"", ""agjc"": ""<a href='http://www.szse.cn/certificate/individual/index.html?code=000901' target='_blank'><u>航天科技</u></a>"", ""agltgb"": ""7.98"", ""agssrq"": ""1999-04-01"", ""agzgb"": ""7.98"", ""bk"": ""主板"", ""gskzjglx"": ""-"", ""sfjybjqcy"": ""-"", ""sshymc"": ""C 制造业"", ""ylbz"": ""-""}",OFFICIAL_SZSE_BOARD_FIELD
SZSE,MAIN,A_SHARE,000902,新洋丰,1999-04-08,https://www.szse.cn/api/report/ShowReport/data?SHOWTYPE=JSON&CATALOGID=1110&TABKEY=tab1&PAGENO=18,"{""agdm"": ""000902"", ""agjc"": ""<a href='http://www.szse.cn/certificate/individual/index.html?code=000902' target='_blank'><u>新洋丰</u></a>"", ""agltgb"": ""11.42"", ""agssrq"": ""1999-04-08"", ""agzgb"": ""12.54"", ""bk"": ""主板"", ""gskzjglx"": ""-"", ""sfjybjqcy"": ""-"", ""sshymc"": ""C 制造业"", ""ylbz"": ""-""}",OFFICIAL_SZSE_BOARD_FIELD
SZSE,MAIN,A_SHARE,000903,ST云动,1999-04-15,https://www.szse.cn/api/report/ShowReport/data?SHOWTYPE=JSON&CATALOGID=1110&TABKEY=tab1&PAGENO=18,"{""agdm"": ""000903"", ""agjc"": ""<a href='http://www.szse.cn/certificate/individual/index.html?code=000903' target='_blank'><u>ST云动</u></a>"", ""agltgb"": ""19.20"", ""agssrq"": ""1999-04-15"", ""agzgb"": ""19.34"", ""bk"": ""主板"", ""gskzjglx"": ""-"", ""sfjybjqcy"": ""-"", ""sshymc"": ""C 制造业"", ""ylbz"": ""-""}",OFFICIAL_SZSE_BOARD_FIELD
SZSE,MAIN,A_SHARE,000905,厦门港务,1999-04-29,https://www.szse.cn/api/report/ShowReport/data?SHOWTYPE=JSON&CATALOGID=1110&TABKEY=tab1&PAGENO=18,"{""agdm"": ""000905"", ""agjc"": ""<a href='http://www.szse.cn/certificate/individual/index.html?code=000905' target='_blank'><u>厦门港务</u></a>"", ""agltgb"": ""7.41"", ""agssrq"": ""1999-04-29"", ""agzgb"": ""15.42"", ""bk"": ""主板"", ""gskzjglx"": ""-"", ""sfjybjqcy"": ""-"", ""sshymc"": ""F 批发零售"", ""ylbz"": ""-""}",OFFICIAL_SZSE_BOARD_FIELD
SZSE,MAIN,A_SHARE,000906,浙商中拓,1999-07-07,https://www.szse.cn/api/report/ShowReport/data?SHOWTYPE=JSON&CATALOGID=1110&TABKEY=tab1&PAGENO=18,"{""agdm"": ""000906"", ""agjc"": ""<a href='http://www.szse.cn/certificate/individual/index.html?code=000906' target='_blank'><u>浙商中拓</u></a>"", ""agltgb"": ""7.03"", ""agssrq"": ""1999-07-07"", ""agzgb"": ""7.09"", ""bk"": ""主板"", ""gskzjglx"": ""-"", ""sfjybjqcy"": ""-"", ""sshymc"": ""L 商务服务"", ""ylbz"": ""-""}",OFFICIAL_SZSE_BOARD_FIELD
SZSE,MAIN,A_SHARE,000908,石药景峰,1999-02-03,https://www.szse.cn/api/report/ShowReport/data?SHOWTYPE=JSON&CATALOGID=1110&TABKEY=tab1&PAGENO=18,"{""agdm"": ""000908"", ""agjc"": ""<a href='http://www.szse.cn/certificate/individual/index.html?code=000908' target='_blank'><u>石药景峰</u></a>"", ""agltgb"": ""8.79"", ""agssrq"": ""1999-02-03"", ""agzgb"": ""17.59"", ""bk"": ""主板"", ""gskzjglx"": ""-"", ""sfjybjqcy"": ""-"", ""sshymc"": ""C 制造业"", ""ylbz"": ""-""}",OFFICIAL_SZSE_BOARD_FIELD
SZSE,MAIN,A_SHARE,000909,*ST数源,1999-05-07,https://www.szse.cn/api/report/ShowReport/data?SHOWTYPE=JSON&CATALOGID=1110&TABKEY=tab1&PAGENO=18,"{""agdm"": ""000909"", ""agjc"": ""<a href='http://www.szse.cn/certificate/individual/index.html?code=000909' target='_blank'><u>*ST数源</u></a>"", ""agltgb"": ""4.37"", ""agssrq"": ""1999-05-07"", ""agzgb"": ""4.37"", ""bk"": ""主板"", ""gskzjglx"": ""-"", ""sfjybjqcy"": ""-"", ""sshymc"": ""K 房地产"", ""ylbz"": ""-""}",OFFICIAL_SZSE_BOARD_FIELD
SZSE,MAIN,A_SHARE,000910,大亚圣象,1999-06-30,https://www.szse.cn/api/report/ShowReport/data?SHOWTYPE=JSON&CATALOGID=1110&TABKEY=tab1&PAGENO=18,"{""agdm"": ""000910"", ""agjc"": ""<a href='http://www.szse.cn/certificate/individual/index.html?code=000910' target='_blank'><u>大亚圣象</u></a>"", ""agltgb"": ""5.47"", ""agssrq"": ""1999-06-30"", ""agzgb"": ""5.47"", ""bk"": ""主板"", ""gskzjglx"": ""-"", ""sfjybjqcy"": ""-"", ""sshymc"": ""C 制造业"", ""ylbz"": ""-""}",OFFICIAL_SZSE_BOARD_FIELD
SZSE,MAIN,A_SHARE,000911,*ST广糖,1999-05-27,https://www.szse.cn/api/report/ShowReport/data?SHOWTYPE=JSON&CATALOGID=1110&TABKEY=tab1&PAGENO=18,"{""agdm"": ""000911"", ""agjc"": ""<a href='http://www.szse.cn/certificate/individual/index.html?code=000911' target='_blank'><u>*ST广糖</u></a>"", ""agltgb"": ""4.00"", ""agssrq"": ""1999-05-27"", ""agzgb"": ""4.00"", ""bk"": ""主板"", ""gskzjglx"": ""-"", ""sfjybjqcy"": ""-"", ""sshymc"": ""C 制造业"", ""ylbz"": ""-""}",OFFICIAL_SZSE_BOARD_FIELD
SZSE,MAIN,A_SHARE,000912,泸天化,1999-06-03,https://www.szse.cn/api/report/ShowReport/data?SHOWTYPE=JSON&CATALOGID=1110&TABKEY=tab1&PAGENO=18,"{""agdm"": ""000912"", ""agjc"": ""<a href='http://www.szse.cn/certificate/individual/index.html?code=000912' target='_blank'><u>泸天化</u></a>"", ""agltgb"": ""15.67"", ""agssrq"": ""1999-06-03"", ""agzgb"": ""15.68"", ""bk"": ""主板"", ""gskzjglx"": ""-"", ""sfjybjqcy"": ""-"", ""sshymc"": ""C 制造业"", ""ylbz"": ""-""}",OFFICIAL_SZSE_BOARD_FIELD
SZSE,MAIN,A_SHARE,000913,钱江摩托,1999-05-14,https://www.szse.cn/api/report/ShowReport/data?SHOWTYPE=JSON&CATALOGID=1110&TABKEY=tab1&PAGENO=18,"{""agdm"": ""000913"", ""agjc"": ""<a href='http://www.szse.cn/certificate/individual/index.html?code=000913' target='_blank'><u>钱江摩托</u></a>"", ""agltgb"": ""5.20"", ""agssrq"": ""1999-05-14"", ""agzgb"": ""5.26"", ""bk"": ""主板"", ""gskzjglx"": ""-"", ""sfjybjqcy"": ""-"", ""sshymc"": ""C 制造业"", ""ylbz"": ""-""}",OFFICIAL_SZSE_BOARD_FIELD
SZSE,MAIN,A_SHARE,000915,华特达因,1999-06-09,https://www.szse.cn/api/report/ShowReport/data?SHOWTYPE=JSON&CATALOGID=1110&TABKEY=tab1&PAGENO=18,"{""agdm"": ""000915"", ""agjc"": ""<a href='http://www.szse.cn/certificate/individual/index.html?code=000915' target='_blank'><u>华特达因</u></a>"", ""agltgb"": ""2.34"", ""agssrq"": ""1999-06-09"", ""agzgb"": ""2.34"", ""bk"": ""主板"", ""gskzjglx"": ""-"", ""sfjybjqcy"": ""-"", ""sshymc"": ""C 制造业"", ""ylbz"": ""-""}",OFFICIAL_SZSE_BOARD_FIELD
SZSE,MAIN,A_SHARE,000917,电广传媒,1999-03-25,https://www.szse.cn/api/report/ShowReport/data?SHOWTYPE=JSON&CATALOGID=1110&TABKEY=tab1&PAGENO=18,"{""agdm"": ""000917"", ""agjc"": ""<a href='http://www.szse.cn/certificate/individual/index.html?code=000917' target='_blank'><u>电广传媒</u></a>"", ""agltgb"": ""14.17"", ""agssrq"": ""1999-03-25"", ""agzgb"": ""14.17"", ""bk"": ""主板"", ""gskzjglx"": ""-"", ""sfjybjqcy"": ""-"", ""sshymc"": ""I 信息技术"", ""ylbz"": ""-""}",OFFICIAL_SZSE_BOARD_FIELD
SZSE,MAIN,A_SHARE,000919,金陵药业,1999-11-18,https://www.szse.cn/api/report/ShowReport/data?SHOWTYPE=JSON&CATALOGID=1110&TABKEY=tab1&PAGENO=18,"{""agdm"": ""000919"", ""agjc"": ""<a href='http://www.szse.cn/certificate/individual/index.html?code=000919' target='_blank'><u>金陵药业</u></a>"", ""agltgb"": ""6.21"", ""agssrq"": ""1999-11-18"", ""agzgb"": ""6.21"", ""bk"": ""主板"", ""gskzjglx"": ""-"", ""sfjybjqcy"": ""-"", ""sshymc"": ""C 制造业"", ""ylbz"": ""-""}",OFFICIAL_SZSE_BOARD_FIELD
SZSE,MAIN,A_SHARE,000920,沃顿科技,1999-06-16,https://www.szse.cn/api/report/ShowReport/data?SHOWTYPE=JSON&CATALOGID=1110&TABKEY=tab1&PAGENO=18,"{""agdm"": ""000920"", ""agjc"": ""<a href='http://www.szse.cn/certificate/individual/index.html?code=000920' target='_blank'><u>沃顿科技</u></a>"", ""agltgb"": ""4.72"", ""agssrq"": ""1999-06-16"", ""agzgb"": ""4.72"", ""bk"": ""主板"", ""gskzjglx"": ""-"", ""sfjybjqcy"": ""-"", ""sshymc"": ""C 制造业"", ""ylbz"": ""-""}",OFFICIAL_SZSE_BOARD_FIELD
SZSE,MAIN,A_SHARE,000921,海信家电,1999-07-13,https://www.szse.cn/api/report/ShowReport/data?SHOWTYPE=JSON&CATALOGID=1110&TABKEY=tab1&PAGENO=18,"{""agdm"": ""000921"", ""agjc"": ""<a href='http://www.szse.cn/certificate/individual/index.html?code=000921' target='_blank'><u>海信家电</u></a>"", ""agltgb"": ""9.23"", ""agssrq"": ""1999-07-13"", ""agzgb"": ""9.25"", ""bk"": ""主板"", ""gskzjglx"": ""-"", ""sfjybjqcy"": ""-"", ""sshymc"": ""C 制造业"", ""ylbz"": ""-""}",OFFICIAL_SZSE_BOARD_FIELD
SZSE,MAIN,A_SHARE,000922,佳电股份,1999-06-18,https://www.szse.cn/api/report/ShowReport/data?SHOWTYPE=JSON&CATALOGID=1110&TABKEY=tab1&PAGENO=19,"{""agdm"": ""000922"", ""agjc"": ""<a href='http://www.szse.cn/certificate/individual/index.html?code=000922' target='_blank'><u>佳电股份</u></a>"", ""agltgb"": ""7.04"", ""agssrq"": ""1999-06-18"", ""agzgb"": ""8.33"", ""bk"": ""主板"", ""gskzjglx"": ""-"", ""sfjybjqcy"": ""-"", ""sshymc"": ""C 制造业"", ""ylbz"": ""-""}",OFFICIAL_SZSE_BOARD_FIELD
SZSE,MAIN,A_SHARE,000923,河钢资源,1999-07-14,https://www.szse.cn/api/report/ShowReport/data?SHOWTYPE=JSON&CATALOGID=1110&TABKEY=tab1&PAGENO=19,"{""agdm"": ""000923"", ""agjc"": ""<a href='http://www.szse.cn/certificate/individual/index.html?code=000923' target='_blank'><u>河钢资源</u></a>"", ""agltgb"": ""6.27"", ""agssrq"": ""1999-07-14"", ""agzgb"": ""6.52"", ""bk"": ""主板"", ""gskzjglx"": ""-"", ""sfjybjqcy"": ""-"", ""sshymc"": ""B 采矿业"", ""ylbz"": ""-""}",OFFICIAL_SZSE_BOARD_FIELD
SZSE,MAIN,A_SHARE,000925,众合科技,1999-06-11,https://www.szse.cn/api/report/ShowReport/data?SHOWTYPE=JSON&CATALOGID=1110&TABKEY=tab1&PAGENO=19,"{""agdm"": ""000925"", ""agjc"": ""<a href='http://www.szse.cn/certificate/individual/index.html?code=000925' target='_blank'><u>众合科技</u></a>"", ""agltgb"": ""6.71"", ""agssrq"": ""1999-06-11"", ""agzgb"": ""6.76"", ""bk"": ""主板"", ""gskzjglx"": ""-"", ""sfjybjqcy"": ""-"", ""sshymc"": ""C 制造业"", ""ylbz"": ""-""}",OFFICIAL_SZSE_BOARD_FIELD
SZSE,MAIN,A_SHARE,000926,福星股份,1999-06-18,https://www.szse.cn/api/report/ShowReport/data?SHOWTYPE=JSON&CATALOGID=1110&TABKEY=tab1&PAGENO=19,"{""agdm"": ""000926"", ""agjc"": ""<a href='http://www.szse.cn/certificate/individual/index.html?code=000926' target='_blank'><u>福星股份</u></a>"", ""agltgb"": ""15.73"", ""agssrq"": ""1999-06-18"", ""agzgb"": ""15.92"", ""bk"": ""主板"", ""gskzjglx"": ""-"", ""sfjybjqcy"": ""-"", ""sshymc"": ""K 房地产"", ""ylbz"": ""-""}",OFFICIAL_SZSE_BOARD_FIELD
SZSE,MAIN,A_SHARE,000927,中国铁物,1999-07-27,https://www.szse.cn/api/report/ShowReport/data?SHOWTYPE=JSON&CATALOGID=1110&TABKEY=tab1&PAGENO=19,"{""agdm"": ""000927"", ""agjc"": ""<a href='http://www.szse.cn/certificate/individual/index.html?code=000927' target='_blank'><u>中国铁物</u></a>"", ""agltgb"": ""60.50"", ""agssrq"": ""1999-07-27"", ""agzgb"": ""60.50"", ""bk"": ""主板"", ""gskzjglx"": ""-"", ""sfjybjqcy"": ""-"", ""sshymc"": ""L 商务服务"", ""ylbz"": ""-""}",OFFICIAL_SZSE_BOARD_FIELD
SZSE,MAIN,A_SHARE,000928,中钢国际,1999-03-12,https://www.szse.cn/api/report/ShowReport/data?SHOWTYPE=JSON&CATALOGID=1110&TABKEY=tab1&PAGENO=19,"{""agdm"": ""000928"", ""agjc"": ""<a href='http://www.szse.cn/certificate/individual/index.html?code=000928' target='_blank'><u>中钢国际</u></a>"", ""agltgb"": ""14.34"", ""agssrq"": ""1999-03-12"", ""agzgb"": ""14.34"", ""bk"": ""主板"", ""gskzjglx"": ""-"", ""sfjybjqcy"": ""-"", ""sshymc"": ""E 建筑业"", ""ylbz"": ""-""}",OFFICIAL_SZSE_BOARD_FIELD
SZSE,MAIN,A_SHARE,000929,兰州黄河,1999-06-23,https://www.szse.cn/api/report/ShowReport/data?SHOWTYPE=JSON&CATALOGID=1110&TABKEY=tab1&PAGENO=19,"{""agdm"": ""000929"", ""agjc"": ""<a href='http://www.szse.cn/certificate/individual/index.html?code=000929' target='_blank'><u>兰州黄河</u></a>"", ""agltgb"": ""1.85"", ""agssrq"": ""1999-06-23"", ""agzgb"": ""1.85"", ""bk"": ""主板"", ""gskzjglx"": ""-"", ""sfjybjqcy"": ""-"", ""sshymc"": ""C 制造业"", ""ylbz"": ""-""}",OFFICIAL_SZSE_BOARD_FIELD
SZSE,MAIN,A_SHARE,000930,中粮科技,1999-07-12,https://www.szse.cn/api/report/ShowReport/data?SHOWTYPE=JSON&CATALOGID=1110&TABKEY=tab1&PAGENO=19,"{""agdm"": ""000930"", ""agjc"": ""<a href='http://www.szse.cn/certificate/individual/index.html?code=000930' target='_blank'><u>中粮科技</u></a>"", ""agltgb"": ""18.56"", ""agssrq"": ""1999-07-12"", ""agzgb"": ""18.56"", ""bk"": ""主板"", ""gskzjglx"": ""-"", ""sfjybjqcy"": ""-"", ""sshymc"": ""C 制造业"", ""ylbz"": ""-""}",OFFICIAL_SZSE_BOARD_FIELD
SZSE,MAIN,A_SHARE,000931,中 关 村,1999-07-12,https://www.szse.cn/api/report/ShowReport/data?SHOWTYPE=JSON&CATALOGID=1110&TABKEY=tab1&PAGENO=19,"{""agdm"": ""000931"", ""agjc"": ""<a href='http://www.szse.cn/certificate/individual/index.html?code=000931' target='_blank'><u>中 关 村</u></a>"", ""agltgb"": ""7.51"", ""agssrq"": ""1999-07-12"", ""agzgb"": ""7.53"", ""bk"": ""主板"", ""gskzjglx"": ""-"", ""sfjybjqcy"": ""-"", ""sshymc"": ""C 制造业"", ""ylbz"": ""-""}",OFFICIAL_SZSE_BOARD_FIELD
SZSE,MAIN,A_SHARE,000932,华菱钢铁,1999-08-03,https://www.szse.cn/api/report/ShowReport/data?SHOWTYPE=JSON&CATALOGID=1110&TABKEY=tab1&PAGENO=19,"{""agdm"": ""000932"", ""agjc"": ""<a href='http://www.szse.cn/certificate/individual/index.html?code=000932' target='_blank'><u>华菱钢铁</u></a>"", ""agltgb"": ""68.52"", ""agssrq"": ""1999-08-03"", ""agzgb"": ""68.52"", ""bk"": ""主板"", ""gskzjglx"": ""-"", ""sfjybjqcy"": ""-"", ""sshymc"": ""C 制造业"", ""ylbz"": ""-""}",OFFICIAL_SZSE_BOARD_FIELD
SZSE,MAIN,A_SHARE,000933,神火股份,1999-08-31,https://www.szse.cn/api/report/ShowReport/data?SHOWTYPE=JSON&CATALOGID=1110&TABKEY=tab1&PAGENO=19,"{""agdm"": ""000933"", ""agjc"": ""<a href='http://www.szse.cn/certificate/individual/index.html?code=000933' target='_blank'><u>神火股份</u></a>"", ""agltgb"": ""22.47"", ""agssrq"": ""1999-08-31"", ""agzgb"": ""22.49"", ""bk"": ""主板"", ""gskzjglx"": ""-"", ""sfjybjqcy"": ""-"", ""sshymc"": ""C 制造业"", ""ylbz"": ""-""}",OFFICIAL_SZSE_BOARD_FIELD
SZSE,MAIN,A_SHARE,000935,四川双马,1999-08-24,https://www.szse.cn/api/report/ShowReport/data?SHOWTYPE=JSON&CATALOGID=1110&TABKEY=tab1&PAGENO=19,"{""agdm"": ""000935"", ""agjc"": ""<a href='http://www.szse.cn/certificate/individual/index.html?code=000935' target='_blank'><u>四川双马</u></a>"", ""agltgb"": ""7.63"", ""agssrq"": ""1999-08-24"", ""agzgb"": ""7.63"", ""bk"": ""主板"", ""gskzjglx"": ""-"", ""sfjybjqcy"": ""-"", ""sshymc"": ""C 制造业"", ""ylbz"": ""-""}",OFFICIAL_SZSE_BOARD_FIELD
SZSE,MAIN,A_SHARE,000936,华西股份,1999-08-10,https://www.szse.cn/api/report/ShowReport/data?SHOWTYPE=JSON&CATALOGID=1110&TABKEY=tab1&PAGENO=19,"{""agdm"": ""000936"", ""agjc"": ""<a href='http://www.szse.cn/certificate/individual/index.html?code=000936' target='_blank'><u>华西股份</u></a>"", ""agltgb"": ""8.85"", ""agssrq"": ""1999-08-10"", ""agzgb"": ""8.86"", ""bk"": ""主板"", ""gskzjglx"": ""-"", ""sfjybjqcy"": ""-"", ""sshymc"": ""C 制造业"", ""ylbz"": ""-""}",OFFICIAL_SZSE_BOARD_FIELD
SZSE,MAIN,A_SHARE,000937,冀中能源,1999-09-09,https://www.szse.cn/api/report/ShowReport/data?SHOWTYPE=JSON&CATALOGID=1110&TABKEY=tab1&PAGENO=19,"{""agdm"": ""000937"", ""agjc"": ""<a href='http://www.szse.cn/certificate/individual/index.html?code=000937' target='_blank'><u>冀中能源</u></a>"", ""agltgb"": ""37.76"", ""agssrq"": ""1999-09-09"", ""agzgb"": ""38.86"", ""bk"": ""主板"", ""gskzjglx"": ""-"", ""sfjybjqcy"": ""-"", ""sshymc"": ""B 采矿业"", ""ylbz"": ""-""}",OFFICIAL_SZSE_BOARD_FIELD
SZSE,MAIN,A_SHARE,000938,紫光股份,1999-11-04,https://www.szse.cn/api/report/ShowReport/data?SHOWTYPE=JSON&CATALOGID=1110&TABKEY=tab1&PAGENO=19,"{""agdm"": ""000938"", ""agjc"": ""<a href='http://www.szse.cn/certificate/individual/index.html?code=000938' target='_blank'><u>紫光股份</u></a>"", ""agltgb"": ""28.60"", ""agssrq"": ""1999-11-04"", ""agzgb"": ""28.60"", ""bk"": ""主板"", ""gskzjglx"": ""-"", ""sfjybjqcy"": ""-"", ""sshymc"": ""C 制造业"", ""ylbz"": ""-""}",OFFICIAL_SZSE_BOARD_FIELD
SZSE,MAIN,A_SHARE,000948,南天信息,1999-10-14,https://www.szse.cn/api/report/ShowReport/data?SHOWTYPE=JSON&CATALOGID=1110&TABKEY=tab1&PAGENO=19,"{""agdm"": ""000948"", ""agjc"": ""<a href='http://www.szse.cn/certificate/individual/index.html?code=000948' target='_blank'><u>南天信息</u></a>"", ""agltgb"": ""3.89"", ""agssrq"": ""1999-10-14"", ""agzgb"": ""3.89"", ""bk"": ""主板"", ""gskzjglx"": ""-"", ""sfjybjqcy"": ""-"", ""sshymc"": ""I 信息技术"", ""ylbz"": ""-""}",OFFICIAL_SZSE_BOARD_FIELD
SZSE,MAIN,A_SHARE,000949,新乡化纤,1999-10-21,https://www.szse.cn/api/report/ShowReport/data?SHOWTYPE=JSON&CATALOGID=1110&TABKEY=tab1&PAGENO=19,"{""agdm"": ""000949"", ""agjc"": ""<a href='http://www.szse.cn/certificate/individual/index.html?code=000949' target='_blank'><u>新乡化纤</u></a>"", ""agltgb"": ""16.56"", ""agssrq"": ""1999-10-21"", ""agzgb"": ""16.56"", ""bk"": ""主板"", ""gskzjglx"": ""-"", ""sfjybjqcy"": ""-"", ""sshymc"": ""C 制造业"", ""ylbz"": ""-""}",OFFICIAL_SZSE_BOARD_FIELD
SZSE,MAIN,A_SHARE,000950,重药控股,1999-09-16,https://www.szse.cn/api/report/ShowReport/data?SHOWTYPE=JSON&CATALOGID=1110&TABKEY=tab1&PAGENO=19,"{""agdm"": ""000950"", ""agjc"": ""<a href='http://www.szse.cn/certificate/individual/index.html?code=000950' target='_blank'><u>重药控股</u></a>"", ""agltgb"": ""17.12"", ""agssrq"": ""1999-09-16"", ""agzgb"": ""17.12"", ""bk"": ""主板"", ""gskzjglx"": ""-"", ""sfjybjqcy"": ""-"", ""sshymc"": ""F 批发零售"", ""ylbz"": ""-""}",OFFICIAL_SZSE_BOARD_FIELD
SZSE,MAIN,A_SHARE,000951,中国重汽,1999-11-25,https://www.szse.cn/api/report/ShowReport/data?SHOWTYPE=JSON&CATALOGID=1110&TABKEY=tab1&PAGENO=19,"{""agdm"": ""000951"", ""agjc"": ""<a href='http://www.szse.cn/certificate/individual/index.html?code=000951' target='_blank'><u>中国重汽</u></a>"", ""agltgb"": ""11.68"", ""agssrq"": ""1999-11-25"", ""agzgb"": ""11.68"", ""bk"": ""主板"", ""gskzjglx"": ""-"", ""sfjybjqcy"": ""-"", ""sshymc"": ""C 制造业"", ""ylbz"": ""-""}",OFFICIAL_SZSE_BOARD_FIELD
SZSE,MAIN,A_SHARE,000952,广济药业,1999-11-12,https://www.szse.cn/api/report/ShowReport/data?SHOWTYPE=JSON&CATALOGID=1110&TABKEY=tab1&PAGENO=19,"{""agdm"": ""000952"", ""agjc"": ""<a href='http://www.szse.cn/certificate/individual/index.html?code=000952' target='_blank'><u>广济药业</u></a>"", ""agltgb"": ""3.43"", ""agssrq"": ""1999-11-12"", ""agzgb"": ""3.43"", ""bk"": ""主板"", ""gskzjglx"": ""-"", ""sfjybjqcy"": ""-"", ""sshymc"": ""C 制造业"", ""ylbz"": ""-""}",OFFICIAL_SZSE_BOARD_FIELD
SZSE,MAIN,A_SHARE,000953,中哲精化,1999-12-02,https://www.szse.cn/api/report/ShowReport/data?SHOWTYPE=JSON&CATALOGID=1110&TABKEY=tab1&PAGENO=20,"{""agdm"": ""000953"", ""agjc"": ""<a href='http://www.szse.cn/certificate/individual/index.html?code=000953' target='_blank'><u>中哲精化</u></a>"", ""agltgb"": ""3.66"", ""agssrq"": ""1999-12-02"", ""agzgb"": ""3.66"", ""bk"": ""主板"", ""gskzjglx"": ""-"", ""sfjybjqcy"": ""-"", ""sshymc"": ""C 制造业"", ""ylbz"": ""-""}",OFFICIAL_SZSE_BOARD_FIELD
SZSE,MAIN,A_SHARE,000955,欣龙控股,1999-12-09,https://www.szse.cn/api/report/ShowReport/data?SHOWTYPE=JSON&CATALOGID=1110&TABKEY=tab1&PAGENO=20,"{""agdm"": ""000955"", ""agjc"": ""<a href='http://www.szse.cn/certificate/individual/index.html?code=000955' target='_blank'><u>欣龙控股</u></a>"", ""agltgb"": ""5.38"", ""agssrq"": ""1999-12-09"", ""agzgb"": ""5.38"", ""bk"": ""主板"", ""gskzjglx"": ""-"", ""sfjybjqcy"": ""-"", ""sshymc"": ""C 制造业"", ""ylbz"": ""-""}",OFFICIAL_SZSE_BOARD_FIELD
SZSE,MAIN,A_SHARE,000957,中通客车,2000-01-13,https://www.szse.cn/api/report/ShowReport/data?SHOWTYPE=JSON&CATALOGID=1110&TABKEY=tab1&PAGENO=20,"{""agdm"": ""000957"", ""agjc"": ""<a href='http://www.szse.cn/certificate/individual/index.html?code=000957' target='_blank'><u>中通客车</u></a>"", ""agltgb"": ""5.92"", ""agssrq"": ""2000-01-13"", ""agzgb"": ""5.92"", ""bk"": ""主板"", ""gskzjglx"": ""-"", ""sfjybjqcy"": ""-"", ""sshymc"": ""C 制造业"", ""ylbz"": ""-""}",OFFICIAL_SZSE_BOARD_FIELD
SZSE,MAIN,A_SHARE,000958,电投产融,1999-12-23,https://www.szse.cn/api/report/ShowReport/data?SHOWTYPE=JSON&CATALOGID=1110&TABKEY=tab1&PAGENO=20,"{""agdm"": ""000958"", ""agjc"": ""<a href='http://www.szse.cn/certificate/individual/index.html?code=000958' target='_blank'><u>电投产融</u></a>"", ""agltgb"": ""53.83"", ""agssrq"": ""1999-12-23"", ""agzgb"": ""183.16"", ""bk"": ""主板"", ""gskzjglx"": ""-"", ""sfjybjqcy"": ""-"", ""sshymc"": ""D 水电煤气"", ""ylbz"": ""-""}",OFFICIAL_SZSE_BOARD_FIELD
SZSE,MAIN,A_SHARE,000959,首钢股份,1999-12-16,https://www.szse.cn/api/report/ShowReport/data?SHOWTYPE=JSON&CATALOGID=1110&TABKEY=tab1&PAGENO=20,"{""agdm"": ""000959"", ""agjc"": ""<a href='http://www.szse.cn/certificate/individual/index.html?code=000959' target='_blank'><u>首钢股份</u></a>"", ""agltgb"": ""74.51"", ""agssrq"": ""1999-12-16"", ""agzgb"": ""77.54"", ""bk"": ""主板"", ""gskzjglx"": ""-"", ""sfjybjqcy"": ""-"", ""sshymc"": ""C 制造业"", ""ylbz"": ""-""}",OFFICIAL_SZSE_BOARD_FIELD
SZSE,MAIN,A_SHARE,000960,锡业股份,2000-02-21,https://www.szse.cn/api/report/ShowReport/data?SHOWTYPE=JSON&CATALOGID=1110&TABKEY=tab1&PAGENO=20,"{""agdm"": ""000960"", ""agjc"": ""<a href='http://www.szse.cn/certificate/individual/index.html?code=000960' target='_blank'><u>锡业股份</u></a>"", ""agltgb"": ""16.45"", ""agssrq"": ""2000-02-21"", ""agzgb"": ""16.45"", ""bk"": ""主板"", ""gskzjglx"": ""-"", ""sfjybjqcy"": ""-"", ""sshymc"": ""C 制造业"", ""ylbz"": ""-""}",OFFICIAL_SZSE_BOARD_FIELD
SZSE,MAIN,A_SHARE,000962,东方钽业,2000-01-20,https://www.szse.cn/api/report/ShowReport/data?SHOWTYPE=JSON&CATALOGID=1110&TABKEY=tab1&PAGENO=20,"{""agdm"": ""000962"", ""agjc"": ""<a href='http://www.szse.cn/certificate/individual/index.html?code=000962' target='_blank'><u>东方钽业</u></a>"", ""agltgb"": ""5.03"", ""agssrq"": ""2000-01-20"", ""agzgb"": ""5.27"", ""bk"": ""主板"", ""gskzjglx"": ""-"", ""sfjybjqcy"": ""-"", ""sshymc"": ""C 制造业"", ""ylbz"": ""-""}",OFFICIAL_SZSE_BOARD_FIELD
SZSE,MAIN,A_SHARE,000963,华东医药,2000-01-27,https://www.szse.cn/api/report/ShowReport/data?SHOWTYPE=JSON&CATALOGID=1110&TABKEY=tab1&PAGENO=20,"{""agdm"": ""000963"", ""agjc"": ""<a href='http://www.szse.cn/certificate/individual/index.html?code=000963' target='_blank'><u>华东医药</u></a>"", ""agltgb"": ""17.53"", ""agssrq"": ""2000-01-27"", ""agzgb"": ""17.53"", ""bk"": ""主板"", ""gskzjglx"": ""-"", ""sfjybjqcy"": ""-"", ""sshymc"": ""F 批发零售"", ""ylbz"": ""-""}",OFFICIAL_SZSE_BOARD_FIELD
SZSE,MAIN,A_SHARE,000965,天保基建,2000-04-06,https://www.szse.cn/api/report/ShowReport/data?SHOWTYPE=JSON&CATALOGID=1110&TABKEY=tab1&PAGENO=20,"{""agdm"": ""000965"", ""agjc"": ""<a href='http://www.szse.cn/certificate/individual/index.html?code=000965' target='_blank'><u>天保基建</u></a>"", ""agltgb"": ""11.09"", ""agssrq"": ""2000-04-06"", ""agzgb"": ""11.09"", ""bk"": ""主板"", ""gskzjglx"": ""-"", ""sfjybjqcy"": ""-"", ""sshymc"": ""K 房地产"", ""ylbz"": ""-""}",OFFICIAL_SZSE_BOARD_FIELD
SZSE,MAIN,A_SHARE,000966,长源电力,2000-03-16,https://www.szse.cn/api/report/ShowReport/data?SHOWTYPE=JSON&CATALOGID=1110&TABKEY=tab1&PAGENO=20,"{""agdm"": ""000966"", ""agjc"": ""<a href='http://www.szse.cn/certificate/individual/index.html?code=000966' target='_blank'><u>长源电力</u></a>"", ""agltgb"": ""34.81"", ""agssrq"": ""2000-03-16"", ""agzgb"": ""34.81"", ""bk"": ""主板"", ""gskzjglx"": ""-"", ""sfjybjqcy"": ""-"", ""sshymc"": ""D 水电煤气"", ""ylbz"": ""-""}",OFFICIAL_SZSE_BOARD_FIELD
SZSE,MAIN,A_SHARE,000967,盈峰环境,2000-03-30,https://www.szse.cn/api/report/ShowReport/data?SHOWTYPE=JSON&CATALOGID=1110&TABKEY=tab1&PAGENO=20,"{""agdm"": ""000967"", ""agjc"": ""<a href='http://www.szse.cn/certificate/individual/index.html?code=000967' target='_blank'><u>盈峰环境</u></a>"", ""agltgb"": ""33.57"", ""agssrq"": ""2000-03-30"", ""agzgb"": ""33.59"", ""bk"": ""主板"", ""gskzjglx"": ""-"", ""sfjybjqcy"": ""-"", ""sshymc"": ""C 制造业"", ""ylbz"": ""-""}",OFFICIAL_SZSE_BOARD_FIELD
SZSE,MAIN,A_SHARE,000968,蓝焰控股,2000-06-22,https://www.szse.cn/api/report/ShowReport/data?SHOWTYPE=JSON&CATALOGID=1110&TABKEY=tab1&PAGENO=20,"{""agdm"": ""000968"", ""agjc"": ""<a href='http://www.szse.cn/certificate/individual/index.html?code=000968' target='_blank'><u>蓝焰控股</u></a>"", ""agltgb"": ""9.67"", ""agssrq"": ""2000-06-22"", ""agzgb"": ""9.67"", ""bk"": ""主板"", ""gskzjglx"": ""-"", ""sfjybjqcy"": ""-"", ""sshymc"": ""B 采矿业"", ""ylbz"": ""-""}",OFFICIAL_SZSE_BOARD_FIELD
SZSE,MAIN,A_SHARE,000969,安泰科技,2000-05-29,https://www.szse.cn/api/report/ShowReport/data?SHOWTYPE=JSON&CATALOGID=1110&TABKEY=tab1&PAGENO=20,"{""agdm"": ""000969"", ""agjc"": ""<a href='http://www.szse.cn/certificate/individual/index.html?code=000969' target='_blank'><u>安泰科技</u></a>"", ""agltgb"": ""10.40"", ""agssrq"": ""2000-05-29"", ""agzgb"": ""10.50"", ""bk"": ""主板"", ""gskzjglx"": ""-"", ""sfjybjqcy"": ""-"", ""sshymc"": ""C 制造业"", ""ylbz"": ""-""}",OFFICIAL_SZSE_BOARD_FIELD
SZSE,MAIN,A_SHARE,000970,中科三环,2000-04-20,https://www.szse.cn/api/report/ShowReport/data?SHOWTYPE=JSON&CATALOGID=1110&TABKEY=tab1&PAGENO=20,"{""agdm"": ""000970"", ""agjc"": ""<a href='http://www.szse.cn/certificate/individual/index.html?code=000970' target='_blank'><u>中科三环</u></a>"", ""agltgb"": ""12.14"", ""agssrq"": ""2000-04-20"", ""agzgb"": ""12.15"", ""bk"": ""主板"", ""gskzjglx"": ""-"", ""sfjybjqcy"": ""-"", ""sshymc"": ""C 制造业"", ""ylbz"": ""-""}",OFFICIAL_SZSE_BOARD_FIELD
SZSE,MAIN,A_SHARE,000972,中基健康,2000-09-26,https://www.szse.cn/api/report/ShowReport/data?SHOWTYPE=JSON&CATALOGID=1110&TABKEY=tab1&PAGENO=20,"{""agdm"": ""000972"", ""agjc"": ""<a href='http://www.szse.cn/certificate/individual/index.html?code=000972' target='_blank'><u>中基健康</u></a>"", ""agltgb"": ""7.71"", ""agssrq"": ""2000-09-26"", ""agzgb"": ""7.71"", ""bk"": ""主板"", ""gskzjglx"": ""-"", ""sfjybjqcy"": ""-"", ""sshymc"": ""C 制造业"", ""ylbz"": ""-""}",OFFICIAL_SZSE_BOARD_FIELD
SZSE,MAIN,A_SHARE,000973,佛塑科技,2000-05-25,https://www.szse.cn/api/report/ShowReport/data?SHOWTYPE=JSON&CATALOGID=1110&TABKEY=tab1&PAGENO=20,"{""agdm"": ""000973"", ""agjc"": ""<a href='http://www.szse.cn/certificate/individual/index.html?code=000973' target='_blank'><u>佛塑科技</u></a>"", ""agltgb"": ""9.67"", ""agssrq"": ""2000-05-25"", ""agzgb"": ""24.58"", ""bk"": ""主板"", ""gskzjglx"": ""-"", ""sfjybjqcy"": ""-"", ""sshymc"": ""C 制造业"", ""ylbz"": ""-""}",OFFICIAL_SZSE_BOARD_FIELD
SZSE,MAIN,A_SHARE,000975,山金国际,2000-06-08,https://www.szse.cn/api/report/ShowReport/data?SHOWTYPE=JSON&CATALOGID=1110&TABKEY=tab1&PAGENO=20,"{""agdm"": ""000975"", ""agjc"": ""<a href='http://www.szse.cn/certificate/individual/index.html?code=000975' target='_blank'><u>山金国际</u></a>"", ""agltgb"": ""25.23"", ""agssrq"": ""2000-06-08"", ""agzgb"": ""27.72"", ""bk"": ""主板"", ""gskzjglx"": ""-"", ""sfjybjqcy"": ""-"", ""sshymc"": ""B 采矿业"", ""ylbz"": ""-""}",OFFICIAL_SZSE_BOARD_FIELD
SZSE,MAIN,A_SHARE,000977,浪潮信息,2000-06-08,https://www.szse.cn/api/report/ShowReport/data?SHOWTYPE=JSON&CATALOGID=1110&TABKEY=tab1&PAGENO=20,"{""agdm"": ""000977"", ""agjc"": ""<a href='http://www.szse.cn/certificate/individual/index.html?code=000977' target='_blank'><u>浪潮信息</u></a>"", ""agltgb"": ""14.66"", ""agssrq"": ""2000-06-08"", ""agzgb"": ""14.68"", ""bk"": ""主板"", ""gskzjglx"": ""-"", ""sfjybjqcy"": ""-"", ""sshymc"": ""C 制造业"", ""ylbz"": ""-""}",OFFICIAL_SZSE_BOARD_FIELD
SZSE,MAIN,A_SHARE,000978,桂林旅游,2000-05-18,https://www.szse.cn/api/report/ShowReport/data?SHOWTYPE=JSON&CATALOGID=1110&TABKEY=tab1&PAGENO=20,"{""agdm"": ""000978"", ""agjc"": ""<a href='http://www.szse.cn/certificate/individual/index.html?code=000978' target='_blank'><u>桂林旅游</u></a>"", ""agltgb"": ""4.68"", ""agssrq"": ""2000-05-18"", ""agzgb"": ""4.68"", ""bk"": ""主板"", ""gskzjglx"": ""-"", ""sfjybjqcy"": ""-"", ""sshymc"": ""N 公共环保"", ""ylbz"": ""-""}",OFFICIAL_SZSE_BOARD_FIELD
SZSE,MAIN,A_SHARE,000980,众泰汽车,2000-06-16,https://www.szse.cn/api/report/ShowReport/data?SHOWTYPE=JSON&CATALOGID=1110&TABKEY=tab1&PAGENO=20,"{""agdm"": ""000980"", ""agjc"": ""<a href='http://www.szse.cn/certificate/individual/index.html?code=000980' target='_blank'><u>众泰汽车</u></a>"", ""agltgb"": ""50.42"", ""agssrq"": ""2000-06-16"", ""agzgb"": ""50.42"", ""bk"": ""主板"", ""gskzjglx"": ""-"", ""sfjybjqcy"": ""-"", ""sshymc"": ""C 制造业"", ""ylbz"": ""-""}",OFFICIAL_SZSE_BOARD_FIELD
SZSE,MAIN,A_SHARE,000981,山子高科,2000-06-22,https://www.szse.cn/api/report/ShowReport/data?SHOWTYPE=JSON&CATALOGID=1110&TABKEY=tab1&PAGENO=21,"{""agdm"": ""000981"", ""agjc"": ""<a href='http://www.szse.cn/certificate/individual/index.html?code=000981' target='_blank'><u>山子高科</u></a>"", ""agltgb"": ""95.13"", ""agssrq"": ""2000-06-22"", ""agzgb"": ""99.97"", ""bk"": ""主板"", ""gskzjglx"": ""-"", ""sfjybjqcy"": ""-"", ""sshymc"": ""C 制造业"", ""ylbz"": ""-""}",OFFICIAL_SZSE_BOARD_FIELD
SZSE,MAIN,A_SHARE,000983,山西焦煤,2000-07-26,https://www.szse.cn/api/report/ShowReport/data?SHOWTYPE=JSON&CATALOGID=1110&TABKEY=tab1&PAGENO=21,"{""agdm"": ""000983"", ""agjc"": ""<a href='http://www.szse.cn/certificate/individual/index.html?code=000983' target='_blank'><u>山西焦煤</u></a>"", ""agltgb"": ""56.77"", ""agssrq"": ""2000-07-26"", ""agzgb"": ""56.77"", ""bk"": ""主板"", ""gskzjglx"": ""-"", ""sfjybjqcy"": ""-"", ""sshymc"": ""B 采矿业"", ""ylbz"": ""-""}",OFFICIAL_SZSE_BOARD_FIELD
SZSE,MAIN,A_SHARE,000985,大庆华科,2000-07-26,https://www.szse.cn/api/report/ShowReport/data?SHOWTYPE=JSON&CATALOGID=1110&TABKEY=tab1&PAGENO=21,"{""agdm"": ""000985"", ""agjc"": ""<a href='http://www.szse.cn/certificate/individual/index.html?code=000985' target='_blank'><u>大庆华科</u></a>"", ""agltgb"": ""1.29"", ""agssrq"": ""2000-07-26"", ""agzgb"": ""1.29"", ""bk"": ""主板"", ""gskzjglx"": ""-"", ""sfjybjqcy"": ""-"", ""sshymc"": ""C 制造业"", ""ylbz"": ""-""}",OFFICIAL_SZSE_BOARD_FIELD
SZSE,MAIN,A_SHARE,000987,越秀资本,2000-07-18,https://www.szse.cn/api/report/ShowReport/data?SHOWTYPE=JSON&CATALOGID=1110&TABKEY=tab1&PAGENO=21,"{""agdm"": ""000987"", ""agjc"": ""<a href='http://www.szse.cn/certificate/individual/index.html?code=000987' target='_blank'><u>越秀资本</u></a>"", ""agltgb"": ""50.12"", ""agssrq"": ""2000-07-18"", ""agzgb"": ""50.17"", ""bk"": ""主板"", ""gskzjglx"": ""-"", ""sfjybjqcy"": ""-"", ""sshymc"": ""J 金融业"", ""ylbz"": ""-""}",OFFICIAL_SZSE_BOARD_FIELD
SZSE,MAIN,A_SHARE,000988,华工科技,2000-06-08,https://www.szse.cn/api/report/ShowReport/data?SHOWTYPE=JSON&CATALOGID=1110&TABKEY=tab1&PAGENO=21,"{""agdm"": ""000988"", ""agjc"": ""<a href='http://www.szse.cn/certificate/individual/index.html?code=000988' target='_blank'><u>华工科技</u></a>"", ""agltgb"": ""10.04"", ""agssrq"": ""2000-06-08"", ""agzgb"": ""10.05"", ""bk"": ""主板"", ""gskzjglx"": ""-"", ""sfjybjqcy"": ""-"", ""sshymc"": ""C 制造业"", ""ylbz"": ""-""}",OFFICIAL_SZSE_BOARD_FIELD
SZSE,MAIN,A_SHARE,000989,九芝堂,2000-06-28,https://www.szse.cn/api/report/ShowReport/data?SHOWTYPE=JSON&CATALOGID=1110&TABKEY=tab1&PAGENO=21,"{""agdm"": ""000989"", ""agjc"": ""<a href='http://www.szse.cn/certificate/individual/index.html?code=000989' target='_blank'><u>九芝堂</u></a>"", ""agltgb"": ""7.34"", ""agssrq"": ""2000-06-28"", ""agzgb"": ""8.55"", ""bk"": ""主板"", ""gskzjglx"": ""-"", ""sfjybjqcy"": ""-"", ""sshymc"": ""C 制造业"", ""ylbz"": ""-""}",OFFICIAL_SZSE_BOARD_FIELD
SZSE,MAIN,A_SHARE,000990,诚志股份,2000-07-06,https://www.szse.cn/api/report/ShowReport/data?SHOWTYPE=JSON&CATALOGID=1110&TABKEY=tab1&PAGENO=21,"{""agdm"": ""000990"", ""agjc"": ""<a href='http://www.szse.cn/certificate/individual/index.html?code=000990' target='_blank'><u>诚志股份</u></a>"", ""agltgb"": ""12.15"", ""agssrq"": ""2000-07-06"", ""agzgb"": ""12.15"", ""bk"": ""主板"", ""gskzjglx"": ""-"", ""sfjybjqcy"": ""-"", ""sshymc"": ""C 制造业"", ""ylbz"": ""-""}",OFFICIAL_SZSE_BOARD_FIELD
SZSE,MAIN,A_SHARE,000993,闽东电力,2000-07-31,https://www.szse.cn/api/report/ShowReport/data?SHOWTYPE=JSON&CATALOGID=1110&TABKEY=tab1&PAGENO=21,"{""agdm"": ""000993"", ""agjc"": ""<a href='http://www.szse.cn/certificate/individual/index.html?code=000993' target='_blank'><u>闽东电力</u></a>"", ""agltgb"": ""4.57"", ""agssrq"": ""2000-07-31"", ""agzgb"": ""4.57"", ""bk"": ""主板"", ""gskzjglx"": ""-"", ""sfjybjqcy"": ""-"", ""sshymc"": ""D 水电煤气"", ""ylbz"": ""-""}",OFFICIAL_SZSE_BOARD_FIELD
SZSE,MAIN,A_SHARE,000995,皇台酒业,2000-08-07,https://www.szse.cn/api/report/ShowReport/data?SHOWTYPE=JSON&CATALOGID=1110&TABKEY=tab1&PAGENO=21,"{""agdm"": ""000995"", ""agjc"": ""<a href='http://www.szse.cn/certificate/individual/index.html?code=000995' target='_blank'><u>皇台酒业</u></a>"", ""agltgb"": ""1.77"", ""agssrq"": ""2000-08-07"", ""agzgb"": ""1.77"", ""bk"": ""主板"", ""gskzjglx"": ""-"", ""sfjybjqcy"": ""-"", ""sshymc"": ""C 制造业"", ""ylbz"": ""-""}",OFFICIAL_SZSE_BOARD_FIELD
SZSE,MAIN,A_SHARE,000997,新 大 陆,2000-08-07,https://www.szse.cn/api/report/ShowReport/data?SHOWTYPE=JSON&CATALOGID=1110&TABKEY=tab1&PAGENO=21,"{""agdm"": ""000997"", ""agjc"": ""<a href='http://www.szse.cn/certificate/individual/index.html?code=000997' target='_blank'><u>新 大 陆</u></a>"", ""agltgb"": ""10.07"", ""agssrq"": ""2000-08-07"", ""agzgb"": ""10.13"", ""bk"": ""主板"", ""gskzjglx"": ""-"", ""sfjybjqcy"": ""-"", ""sshymc"": ""I 信息技术"", ""ylbz"": ""-""}",OFFICIAL_SZSE_BOARD_FIELD
SZSE,MAIN,A_SHARE,000998,隆平高科,2000-12-11,https://www.szse.cn/api/report/ShowReport/data?SHOWTYPE=JSON&CATALOGID=1110&TABKEY=tab1&PAGENO=21,"{""agdm"": ""000998"", ""agjc"": ""<a href='http://www.szse.cn/certificate/individual/index.html?code=000998' target='_blank'><u>隆平高科</u></a>"", ""agltgb"": ""13.15"", ""agssrq"": ""2000-12-11"", ""agzgb"": ""14.69"", ""bk"": ""主板"", ""gskzjglx"": ""-"", ""sfjybjqcy"": ""-"", ""sshymc"": ""A 农林牧渔"", ""ylbz"": ""-""}",OFFICIAL_SZSE_BOARD_FIELD
SZSE,MAIN,A_SHARE,000999,华润三九,2000-03-09,https://www.szse.cn/api/report/ShowReport/data?SHOWTYPE=JSON&CATALOGID=1110&TABKEY=tab1&PAGENO=21,"{""agdm"": ""000999"", ""agjc"": ""<a href='http://www.szse.cn/certificate/individual/index.html?code=000999' target='_blank'><u>华润三九</u></a>"", ""agltgb"": ""16.62"", ""agssrq"": ""2000-03-09"", ""agzgb"": ""16.64"", ""bk"": ""主板"", ""gskzjglx"": ""-"", ""sfjybjqcy"": ""-"", ""sshymc"": ""C 制造业"", ""ylbz"": ""-""}",OFFICIAL_SZSE_BOARD_FIELD
SZSE,MAIN,A_SHARE,001201,东瑞股份,2021-04-28,https://www.szse.cn/api/report/ShowReport/data?SHOWTYPE=JSON&CATALOGID=1110&TABKEY=tab1&PAGENO=21,"{""agdm"": ""001201"", ""agjc"": ""<a href='http://www.szse.cn/certificate/individual/index.html?code=001201' target='_blank'><u>东瑞股份</u></a>"", ""agltgb"": ""2.12"", ""agssrq"": ""2021-04-28"", ""agzgb"": ""2.57"", ""bk"": ""主板"", ""gskzjglx"": ""-"", ""sfjybjqcy"": ""-"", ""sshymc"": ""A 农林牧渔"", ""ylbz"": ""-""}",OFFICIAL_SZSE_BOARD_FIELD
SZSE,MAIN,A_SHARE,001202,炬申股份,2021-04-29,https://www.szse.cn/api/report/ShowReport/data?SHOWTYPE=JSON&CATALOGID=1110&TABKEY=tab1&PAGENO=21,"{""agdm"": ""001202"", ""agjc"": ""<a href='http://www.szse.cn/certificate/individual/index.html?code=001202' target='_blank'><u>炬申股份</u></a>"", ""agltgb"": ""1.16"", ""agssrq"": ""2021-04-29"", ""agzgb"": ""1.66"", ""bk"": ""主板"", ""gskzjglx"": ""-"", ""sfjybjqcy"": ""-"", ""sshymc"": ""G 运输仓储"", ""ylbz"": ""-""}",OFFICIAL_SZSE_BOARD_FIELD
SZSE,MAIN,A_SHARE,001203,大中矿业,2021-05-10,https://www.szse.cn/api/report/ShowReport/data?SHOWTYPE=JSON&CATALOGID=1110&TABKEY=tab1&PAGENO=21,"{""agdm"": ""001203"", ""agjc"": ""<a href='http://www.szse.cn/certificate/individual/index.html?code=001203' target='_blank'><u>大中矿业</u></a>"", ""agltgb"": ""13.05"", ""agssrq"": ""2021-05-10"", ""agzgb"": ""15.33"", ""bk"": ""主板"", ""gskzjglx"": ""-"", ""sfjybjqcy"": ""-"", ""sshymc"": ""B 采矿业"", ""ylbz"": ""-""}",OFFICIAL_SZSE_BOARD_FIELD
SZSE,MAIN,A_SHARE,001205,盛航股份,2021-05-13,https://www.szse.cn/api/report/ShowReport/data?SHOWTYPE=JSON&CATALOGID=1110&TABKEY=tab1&PAGENO=21,"{""agdm"": ""001205"", ""agjc"": ""<a href='http://www.szse.cn/certificate/individual/index.html?code=001205' target='_blank'><u>盛航股份</u></a>"", ""agltgb"": ""1.66"", ""agssrq"": ""2021-05-13"", ""agzgb"": ""1.88"", ""bk"": ""主板"", ""gskzjglx"": ""-"", ""sfjybjqcy"": ""-"", ""sshymc"": ""G 运输仓储"", ""ylbz"": ""-""}",OFFICIAL_SZSE_BOARD_FIELD
SZSE,MAIN,A_SHARE,001206,依依股份,2021-05-18,https://www.szse.cn/api/report/ShowReport/data?SHOWTYPE=JSON&CATALOGID=1110&TABKEY=tab1&PAGENO=21,"{""agdm"": ""001206"", ""agjc"": ""<a href='http://www.szse.cn/certificate/individual/index.html?code=001206' target='_blank'><u>依依股份</u></a>"", ""agltgb"": ""1.06"", ""agssrq"": ""2021-05-18"", ""agzgb"": ""1.84"", ""bk"": ""主板"", ""gskzjglx"": ""-"", ""sfjybjqcy"": ""-"", ""sshymc"": ""C 制造业"", ""ylbz"": ""-""}",OFFICIAL_SZSE_BOARD_FIELD
SZSE,MAIN,A_SHARE,001207,联科科技,2021-06-23,https://www.szse.cn/api/report/ShowReport/data?SHOWTYPE=JSON&CATALOGID=1110&TABKEY=tab1&PAGENO=21,"{""agdm"": ""001207"", ""agjc"": ""<a href='http://www.szse.cn/certificate/individual/index.html?code=001207' target='_blank'><u>联科科技</u></a>"", ""agltgb"": ""2.92"", ""agssrq"": ""2021-06-23"", ""agzgb"": ""3.03"", ""bk"": ""主板"", ""gskzjglx"": ""-"", ""sfjybjqcy"": ""-"", ""sshymc"": ""C 制造业"", ""ylbz"": ""-""}",OFFICIAL_SZSE_BOARD_FIELD
SZSE,MAIN,A_SHARE,001208,华菱线缆,2021-06-24,https://www.szse.cn/api/report/ShowReport/data?SHOWTYPE=JSON&CATALOGID=1110&TABKEY=tab1&PAGENO=21,"{""agdm"": ""001208"", ""agjc"": ""<a href='http://www.szse.cn/certificate/individual/index.html?code=001208' target='_blank'><u>华菱线缆</u></a>"", ""agltgb"": ""3.18"", ""agssrq"": ""2021-06-24"", ""agzgb"": ""6.38"", ""bk"": ""主板"", ""gskzjglx"": ""-"", ""sfjybjqcy"": ""-"", ""sshymc"": ""C 制造业"", ""ylbz"": ""-""}",OFFICIAL_SZSE_BOARD_FIELD
SZSE,MAIN,A_SHARE,001209,洪兴股份,2021-07-23,https://www.szse.cn/api/report/ShowReport/data?SHOWTYPE=JSON&CATALOGID=1110&TABKEY=tab1&PAGENO=21,"{""agdm"": ""001209"", ""agjc"": ""<a href='http://www.szse.cn/certificate/individual/index.html?code=001209' target='_blank'><u>洪兴股份</u></a>"", ""agltgb"": ""0.96"", ""agssrq"": ""2021-07-23"", ""agzgb"": ""1.31"", ""bk"": ""主板"", ""gskzjglx"": ""-"", ""sfjybjqcy"": ""-"", ""sshymc"": ""C 制造业"", ""ylbz"": ""-""}",OFFICIAL_SZSE_BOARD_FIELD
SZSE,MAIN,A_SHARE,001210,金房能源,2021-07-29,https://www.szse.cn/api/report/ShowReport/data?SHOWTYPE=JSON&CATALOGID=1110&TABKEY=tab1&PAGENO=22,"{""agdm"": ""001210"", ""agjc"": ""<a href='http://www.szse.cn/certificate/individual/index.html?code=001210' target='_blank'><u>金房能源</u></a>"", ""agltgb"": ""1.33"", ""agssrq"": ""2021-07-29"", ""agzgb"": ""2.19"", ""bk"": ""主板"", ""gskzjglx"": ""-"", ""sfjybjqcy"": ""-"", ""sshymc"": ""D 水电煤气"", ""ylbz"": ""-""}",OFFICIAL_SZSE_BOARD_FIELD
SZSE,MAIN,A_SHARE,001211,双枪科技,2021-08-05,https://www.szse.cn/api/report/ShowReport/data?SHOWTYPE=JSON&CATALOGID=1110&TABKEY=tab1&PAGENO=22,"{""agdm"": ""001211"", ""agjc"": ""<a href='http://www.szse.cn/certificate/individual/index.html?code=001211' target='_blank'><u>双枪科技</u></a>"", ""agltgb"": ""0.93"", ""agssrq"": ""2021-08-05"", ""agzgb"": ""1.00"", ""bk"": ""主板"", ""gskzjglx"": ""-"", ""sfjybjqcy"": ""-"", ""sshymc"": ""C 制造业"", ""ylbz"": ""-""}",OFFICIAL_SZSE_BOARD_FIELD
SZSE,MAIN,A_SHARE,001212,中旗新材,2021-08-23,https://www.szse.cn/api/report/ShowReport/data?SHOWTYPE=JSON&CATALOGID=1110&TABKEY=tab1&PAGENO=22,"{""agdm"": ""001212"", ""agjc"": ""<a href='http://www.szse.cn/certificate/individual/index.html?code=001212' target='_blank'><u>中旗新材</u></a>"", ""agltgb"": ""1.80"", ""agssrq"": ""2021-08-23"", ""agzgb"": ""2.00"", ""bk"": ""主板"", ""gskzjglx"": ""-"", ""sfjybjqcy"": ""-"", ""sshymc"": ""C 制造业"", ""ylbz"": ""-""}",OFFICIAL_SZSE_BOARD_FIELD
SZSE,MAIN,A_SHARE,001213,中铁特货,2021-09-08,https://www.szse.cn/api/report/ShowReport/data?SHOWTYPE=JSON&CATALOGID=1110&TABKEY=tab1&PAGENO=22,"{""agdm"": ""001213"", ""agjc"": ""<a href='http://www.szse.cn/certificate/individual/index.html?code=001213' target='_blank'><u>中铁特货</u></a>"", ""agltgb"": ""44.44"", ""agssrq"": ""2021-09-08"", ""agzgb"": ""44.44"", ""bk"": ""主板"", ""gskzjglx"": ""-"", ""sfjybjqcy"": ""-"", ""sshymc"": ""G 运输仓储"", ""ylbz"": ""-""}",OFFICIAL_SZSE_BOARD_FIELD
SZSE,MAIN,A_SHARE,001215,千味央厨,2021-09-06,https://www.szse.cn/api/report/ShowReport/data?SHOWTYPE=JSON&CATALOGID=1110&TABKEY=tab1&PAGENO=22,"{""agdm"": ""001215"", ""agjc"": ""<a href='http://www.szse.cn/certificate/individual/index.html?code=001215' target='_blank'><u>千味央厨</u></a>"", ""agltgb"": ""0.96"", ""agssrq"": ""2021-09-06"", ""agzgb"": ""0.97"", ""bk"": ""主板"", ""gskzjglx"": ""-"", ""sfjybjqcy"": ""-"", ""sshymc"": ""C 制造业"", ""ylbz"": ""-""}",OFFICIAL_SZSE_BOARD_FIELD
SZSE,MAIN,A_SHARE,001216,华瓷股份,2021-10-19,https://www.szse.cn/api/report/ShowReport/data?SHOWTYPE=JSON&CATALOGID=1110&TABKEY=tab1&PAGENO=22,"{""agdm"": ""001216"", ""agjc"": ""<a href='http://www.szse.cn/certificate/individual/index.html?code=001216' target='_blank'><u>华瓷股份</u></a>"", ""agltgb"": ""2.46"", ""agssrq"": ""2021-10-19"", ""agzgb"": ""2.91"", ""bk"": ""主板"", ""gskzjglx"": ""-"", ""sfjybjqcy"": ""-"", ""sshymc"": ""C 制造业"", ""ylbz"": ""-""}",OFFICIAL_SZSE_BOARD_FIELD
SZSE,MAIN,A_SHARE,001217,华尔泰,2021-09-29,https://www.szse.cn/api/report/ShowReport/data?SHOWTYPE=JSON&CATALOGID=1110&TABKEY=tab1&PAGENO=22,"{""agdm"": ""001217"", ""agjc"": ""<a href='http://www.szse.cn/certificate/individual/index.html?code=001217' target='_blank'><u>华尔泰</u></a>"", ""agltgb"": ""3.28"", ""agssrq"": ""2021-09-29"", ""agzgb"": ""3.31"", ""bk"": ""主板"", ""gskzjglx"": ""-"", ""sfjybjqcy"": ""-"", ""sshymc"": ""C 制造业"", ""ylbz"": ""-""}",OFFICIAL_SZSE_BOARD_FIELD
SZSE,MAIN,A_SHARE,001218,丽臣实业,2021-10-15,https://www.szse.cn/api/report/ShowReport/data?SHOWTYPE=JSON&CATALOGID=1110&TABKEY=tab1&PAGENO=22,"{""agdm"": ""001218"", ""agjc"": ""<a href='http://www.szse.cn/certificate/individual/index.html?code=001218' target='_blank'><u>丽臣实业</u></a>"", ""agltgb"": ""1.18"", ""agssrq"": ""2021-10-15"", ""agzgb"": ""1.30"", ""bk"": ""主板"", ""gskzjglx"": ""-"", ""sfjybjqcy"": ""-"", ""sshymc"": ""C 制造业"", ""ylbz"": ""-""}",OFFICIAL_SZSE_BOARD_FIELD
SZSE,MAIN,A_SHARE,001219,青岛食品,2021-10-21,https://www.szse.cn/api/report/ShowReport/data?SHOWTYPE=JSON&CATALOGID=1110&TABKEY=tab1&PAGENO=22,"{""agdm"": ""001219"", ""agjc"": ""<a href='http://www.szse.cn/certificate/individual/index.html?code=001219' target='_blank'><u>青岛食品</u></a>"", ""agltgb"": ""1.90"", ""agssrq"": ""2021-10-21"", ""agzgb"": ""1.94"", ""bk"": ""主板"", ""gskzjglx"": ""-"", ""sfjybjqcy"": ""-"", ""sshymc"": ""C 制造业"", ""ylbz"": ""-""}",OFFICIAL_SZSE_BOARD_FIELD
SZSE,MAIN,A_SHARE,001220,世盟股份,2026-02-03,https://www.szse.cn/api/report/ShowReport/data?SHOWTYPE=JSON&CATALOGID=1110&TABKEY=tab1&PAGENO=22,"{""agdm"": ""001220"", ""agjc"": ""<a href='http://www.szse.cn/certificate/individual/index.html?code=001220' target='_blank'><u>世盟股份</u></a>"", ""agltgb"": ""0.22"", ""agssrq"": ""2026-02-03"", ""agzgb"": ""0.92"", ""bk"": ""主板"", ""gskzjglx"": ""否"", ""sfjybjqcy"": ""否"", ""sshymc"": ""G 运输仓储"", ""ylbz"": ""否""}",OFFICIAL_SZSE_BOARD_FIELD
SZSE,MAIN,A_SHARE,001221,悍高集团,2025-07-30,https://www.szse.cn/api/report/ShowReport/data?SHOWTYPE=JSON&CATALOGID=1110&TABKEY=tab1&PAGENO=22,"{""agdm"": ""001221"", ""agjc"": ""<a href='http://www.szse.cn/certificate/individual/index.html?code=001221' target='_blank'><u>悍高集团</u></a>"", ""agltgb"": ""0.36"", ""agssrq"": ""2025-07-30"", ""agzgb"": ""4.00"", ""bk"": ""主板"", ""gskzjglx"": ""否"", ""sfjybjqcy"": ""否"", ""sshymc"": ""C 制造业"", ""ylbz"": ""否""}",OFFICIAL_SZSE_BOARD_FIELD
SZSE,MAIN,A_SHARE,001222,源飞宠物,2022-08-18,https://www.szse.cn/api/report/ShowReport/data?SHOWTYPE=JSON&CATALOGID=1110&TABKEY=tab1&PAGENO=22,"{""agdm"": ""001222"", ""agjc"": ""<a href='http://www.szse.cn/certificate/individual/index.html?code=001222' target='_blank'><u>源飞宠物</u></a>"", ""agltgb"": ""1.12"", ""agssrq"": ""2022-08-18"", ""agzgb"": ""1.90"", ""bk"": ""主板"", ""gskzjglx"": ""-"", ""sfjybjqcy"": ""-"", ""sshymc"": ""C 制造业"", ""ylbz"": ""-""}",OFFICIAL_SZSE_BOARD_FIELD
SZSE,MAIN,A_SHARE,001223,欧克科技,2022-12-12,https://www.szse.cn/api/report/ShowReport/data?SHOWTYPE=JSON&CATALOGID=1110&TABKEY=tab1&PAGENO=22,"{""agdm"": ""001223"", ""agjc"": ""<a href='http://www.szse.cn/certificate/individual/index.html?code=001223' target='_blank'><u>欧克科技</u></a>"", ""agltgb"": ""0.69"", ""agssrq"": ""2022-12-12"", ""agzgb"": ""1.30"", ""bk"": ""主板"", ""gskzjglx"": ""-"", ""sfjybjqcy"": ""-"", ""sshymc"": ""C 制造业"", ""ylbz"": ""-""}",OFFICIAL_SZSE_BOARD_FIELD
SZSE,MAIN,A_SHARE,001225,和泰机电,2023-02-22,https://www.szse.cn/api/report/ShowReport/data?SHOWTYPE=JSON&CATALOGID=1110&TABKEY=tab1&PAGENO=22,"{""agdm"": ""001225"", ""agjc"": ""<a href='http://www.szse.cn/certificate/individual/index.html?code=001225' target='_blank'><u>和泰机电</u></a>"", ""agltgb"": ""0.21"", ""agssrq"": ""2023-02-22"", ""agzgb"": ""0.65"", ""bk"": ""主板"", ""gskzjglx"": ""-"", ""sfjybjqcy"": ""-"", ""sshymc"": ""C 制造业"", ""ylbz"": ""-""}",OFFICIAL_SZSE_BOARD_FIELD
SZSE,MAIN,A_SHARE,001226,拓山重工,2022-06-22,https://www.szse.cn/api/report/ShowReport/data?SHOWTYPE=JSON&CATALOGID=1110&TABKEY=tab1&PAGENO=22,"{""agdm"": ""001226"", ""agjc"": ""<a href='http://www.szse.cn/certificate/individual/index.html?code=001226' target='_blank'><u>拓山重工</u></a>"", ""agltgb"": ""0.35"", ""agssrq"": ""2022-06-22"", ""agzgb"": ""0.74"", ""bk"": ""主板"", ""gskzjglx"": ""-"", ""sfjybjqcy"": ""-"", ""sshymc"": ""C 制造业"", ""ylbz"": ""-""}",OFFICIAL_SZSE_BOARD_FIELD
SZSE,MAIN,A_SHARE,001227,兰州银行,2022-01-17,https://www.szse.cn/api/report/ShowReport/data?SHOWTYPE=JSON&CATALOGID=1110&TABKEY=tab1&PAGENO=22,"{""agdm"": ""001227"", ""agjc"": ""<a href='http://www.szse.cn/certificate/individual/index.html?code=001227' target='_blank'><u>兰州银行</u></a>"", ""agltgb"": ""42.16"", ""agssrq"": ""2022-01-17"", ""agzgb"": ""56.95"", ""bk"": ""主板"", ""gskzjglx"": ""-"", ""sfjybjqcy"": ""-"", ""sshymc"": ""J 金融业"", ""ylbz"": ""-""}",OFFICIAL_SZSE_BOARD_FIELD
SZSE,MAIN,A_SHARE,001228,永泰运,2022-04-29,https://www.szse.cn/api/report/ShowReport/data?SHOWTYPE=JSON&CATALOGID=1110&TABKEY=tab1&PAGENO=22,"{""agdm"": ""001228"", ""agjc"": ""<a href='http://www.szse.cn/certificate/individual/index.html?code=001228' target='_blank'><u>永泰运</u></a>"", ""agltgb"": ""0.79"", ""agssrq"": ""2022-04-29"", ""agzgb"": ""1.03"", ""bk"": ""主板"", ""gskzjglx"": ""-"", ""sfjybjqcy"": ""-"", ""sshymc"": ""L 商务服务"", ""ylbz"": ""-""}",OFFICIAL_SZSE_BOARD_FIELD
SZSE,MAIN,A_SHARE,001229,魅视科技,2022-08-08,https://www.szse.cn/api/report/ShowReport/data?SHOWTYPE=JSON&CATALOGID=1110&TABKEY=tab1&PAGENO=22,"{""agdm"": ""001229"", ""agjc"": ""<a href='http://www.szse.cn/certificate/individual/index.html?code=001229' target='_blank'><u>魅视科技</u></a>"", ""agltgb"": ""0.73"", ""agssrq"": ""2022-08-08"", ""agzgb"": ""1.43"", ""bk"": ""主板"", ""gskzjglx"": ""-"", ""sfjybjqcy"": ""-"", ""sshymc"": ""C 制造业"", ""ylbz"": ""-""}",OFFICIAL_SZSE_BOARD_FIELD
SZSE,MAIN,A_SHARE,001230,劲旅环境,2022-07-15,https://www.szse.cn/api/report/ShowReport/data?SHOWTYPE=JSON&CATALOGID=1110&TABKEY=tab1&PAGENO=22,"{""agdm"": ""001230"", ""agjc"": ""<a href='http://www.szse.cn/certificate/individual/index.html?code=001230' target='_blank'><u>劲旅环境</u></a>"", ""agltgb"": ""1.09"", ""agssrq"": ""2022-07-15"", ""agzgb"": ""1.87"", ""bk"": ""主板"", ""gskzjglx"": ""-"", ""sfjybjqcy"": ""-"", ""sshymc"": ""N 公共环保"", ""ylbz"": ""-""}",OFFICIAL_SZSE_BOARD_FIELD
SZSE,MAIN,A_SHARE,001231,农心科技,2022-08-19,https://www.szse.cn/api/report/ShowReport/data?SHOWTYPE=JSON&CATALOGID=1110&TABKEY=tab1&PAGENO=22,"{""agdm"": ""001231"", ""agjc"": ""<a href='http://www.szse.cn/certificate/individual/index.html?code=001231' target='_blank'><u>农心科技</u></a>"", ""agltgb"": ""0.50"", ""agssrq"": ""2022-08-19"", ""agzgb"": ""0.99"", ""bk"": ""主板"", ""gskzjglx"": ""-"", ""sfjybjqcy"": ""-"", ""sshymc"": ""C 制造业"", ""ylbz"": ""-""}",OFFICIAL_SZSE_BOARD_FIELD
SZSE,MAIN,A_SHARE,001233,海安集团,2025-11-25,https://www.szse.cn/api/report/ShowReport/data?SHOWTYPE=JSON&CATALOGID=1110&TABKEY=tab1&PAGENO=23,"{""agdm"": ""001233"", ""agjc"": ""<a href='http://www.szse.cn/certificate/individual/index.html?code=001233' target='_blank'><u>海安集团</u></a>"", ""agltgb"": ""0.37"", ""agssrq"": ""2025-11-25"", ""agzgb"": ""1.85"", ""bk"": ""主板"", ""gskzjglx"": ""否"", ""sfjybjqcy"": ""否"", ""sshymc"": ""C 制造业"", ""ylbz"": ""否""}",OFFICIAL_SZSE_BOARD_FIELD
SZSE,MAIN,A_SHARE,001234,泰慕士,2022-01-11,https://www.szse.cn/api/report/ShowReport/data?SHOWTYPE=JSON&CATALOGID=1110&TABKEY=tab1&PAGENO=23,"{""agdm"": ""001234"", ""agjc"": ""<a href='http://www.szse.cn/certificate/individual/index.html?code=001234' target='_blank'><u>泰慕士</u></a>"", ""agltgb"": ""0.91"", ""agssrq"": ""2022-01-11"", ""agzgb"": ""1.08"", ""bk"": ""主板"", ""gskzjglx"": ""-"", ""sfjybjqcy"": ""-"", ""sshymc"": ""C 制造业"", ""ylbz"": ""-""}",OFFICIAL_SZSE_BOARD_FIELD
SZSE,MAIN,A_SHARE,001236,弘业期货,2022-08-05,https://www.szse.cn/api/report/ShowReport/data?SHOWTYPE=JSON&CATALOGID=1110&TABKEY=tab1&PAGENO=23,"{""agdm"": ""001236"", ""agjc"": ""<a href='http://www.szse.cn/certificate/individual/index.html?code=001236' target='_blank'><u>弘业期货</u></a>"", ""agltgb"": ""7.58"", ""agssrq"": ""2022-08-05"", ""agzgb"": ""7.58"", ""bk"": ""主板"", ""gskzjglx"": ""-"", ""sfjybjqcy"": ""-"", ""sshymc"": ""J 金融业"", ""ylbz"": ""-""}",OFFICIAL_SZSE_BOARD_FIELD
SZSE,MAIN,A_SHARE,001237,惠康科技,2026-05-22,https://www.szse.cn/api/report/ShowReport/data?SHOWTYPE=JSON&CATALOGID=1110&TABKEY=tab1&PAGENO=23,"{""agdm"": ""001237"", ""agjc"": ""<a href='http://www.szse.cn/certificate/individual/index.html?code=001237' target='_blank'><u>惠康科技</u></a>"", ""agltgb"": ""0.34"", ""agssrq"": ""2026-05-22"", ""agzgb"": ""1.48"", ""bk"": ""主板"", ""gskzjglx"": ""否"", ""sfjybjqcy"": ""否"", ""sshymc"": ""C 制造业"", ""ylbz"": ""否""}",OFFICIAL_SZSE_BOARD_FIELD
SZSE,MAIN,A_SHARE,001238,浙江正特,2022-09-19,https://www.szse.cn/api/report/ShowReport/data?SHOWTYPE=JSON&CATALOGID=1110&TABKEY=tab1&PAGENO=23,"{""agdm"": ""001238"", ""agjc"": ""<a href='http://www.szse.cn/certificate/individual/index.html?code=001238' target='_blank'><u>浙江正特</u></a>"", ""agltgb"": ""1.45"", ""agssrq"": ""2022-09-19"", ""agzgb"": ""1.55"", ""bk"": ""主板"", ""gskzjglx"": ""-"", ""sfjybjqcy"": ""-"", ""sshymc"": ""C 制造业"", ""ylbz"": ""-""}",OFFICIAL_SZSE_BOARD_FIELD
SZSE,MAIN,A_SHARE,001239,永达股份,2023-12-12,https://www.szse.cn/api/report/ShowReport/data?SHOWTYPE=JSON&CATALOGID=1110&TABKEY=tab1&PAGENO=23,"{""agdm"": ""001239"", ""agjc"": ""<a href='http://www.szse.cn/certificate/individual/index.html?code=001239' target='_blank'><u>永达股份</u></a>"", ""agltgb"": ""1.14"", ""agssrq"": ""2023-12-12"", ""agzgb"": ""2.40"", ""bk"": ""主板"", ""gskzjglx"": ""否"", ""sfjybjqcy"": ""否"", ""sshymc"": ""C 制造业"", ""ylbz"": ""否""}",OFFICIAL_SZSE_BOARD_FIELD
SZSE,MAIN,A_SHARE,001248,华润新能源,2026-07-02,https://www.szse.cn/api/report/ShowReport/data?SHOWTYPE=JSON&CATALOGID=1110&TABKEY=tab1&PAGENO=23,"{""agdm"": ""001248"", ""agjc"": ""<a href='http://www.szse.cn/certificate/individual/index.html?code=001248' target='_blank'><u>华润新能源</u></a>"", ""agltgb"": ""10.62"", ""agssrq"": ""2026-07-02"", ""agzgb"": ""130.05"", ""bk"": ""主板"", ""gskzjglx"": ""否"", ""sfjybjqcy"": ""否"", ""sshymc"": ""D 水电煤气"", ""ylbz"": ""否""}",OFFICIAL_SZSE_BOARD_FIELD
SZSE,MAIN,A_SHARE,001255,博菲电气,2022-09-30,https://www.szse.cn/api/report/ShowReport/data?SHOWTYPE=JSON&CATALOGID=1110&TABKEY=tab1&PAGENO=23,"{""agdm"": ""001255"", ""agjc"": ""<a href='http://www.szse.cn/certificate/individual/index.html?code=001255' target='_blank'><u>博菲电气</u></a>"", ""agltgb"": ""0.77"", ""agssrq"": ""2022-09-30"", ""agzgb"": ""0.87"", ""bk"": ""主板"", ""gskzjglx"": ""-"", ""sfjybjqcy"": ""-"", ""sshymc"": ""C 制造业"", ""ylbz"": ""-""}",OFFICIAL_SZSE_BOARD_FIELD
SZSE,MAIN,A_SHARE,001256,炜冈科技,2022-12-05,https://www.szse.cn/api/report/ShowReport/data?SHOWTYPE=JSON&CATALOGID=1110&TABKEY=tab1&PAGENO=23,"{""agdm"": ""001256"", ""agjc"": ""<a href='http://www.szse.cn/certificate/individual/index.html?code=001256' target='_blank'><u>炜冈科技</u></a>"", ""agltgb"": ""1.06"", ""agssrq"": ""2022-12-05"", ""agzgb"": ""1.42"", ""bk"": ""主板"", ""gskzjglx"": ""-"", ""sfjybjqcy"": ""-"", ""sshymc"": ""C 制造业"", ""ylbz"": ""-""}",OFFICIAL_SZSE_BOARD_FIELD
SZSE,MAIN,A_SHARE,001257,盛龙股份,2026-03-31,https://www.szse.cn/api/report/ShowReport/data?SHOWTYPE=JSON&CATALOGID=1110&TABKEY=tab1&PAGENO=23,"{""agdm"": ""001257"", ""agjc"": ""<a href='http://www.szse.cn/certificate/individual/index.html?code=001257' target='_blank'><u>盛龙股份</u></a>"", ""agltgb"": ""1.36"", ""agssrq"": ""2026-03-31"", ""agzgb"": ""18.35"", ""bk"": ""主板"", ""gskzjglx"": ""否"", ""sfjybjqcy"": ""否"", ""sshymc"": ""B 采矿业"", ""ylbz"": ""否""}",OFFICIAL_SZSE_BOARD_FIELD
SZSE,MAIN,A_SHARE,001258,立新能源,2022-07-27,https://www.szse.cn/api/report/ShowReport/data?SHOWTYPE=JSON&CATALOGID=1110&TABKEY=tab1&PAGENO=23,"{""agdm"": ""001258"", ""agjc"": ""<a href='http://www.szse.cn/certificate/individual/index.html?code=001258' target='_blank'><u>立新能源</u></a>"", ""agltgb"": ""9.33"", ""agssrq"": ""2022-07-27"", ""agzgb"": ""9.33"", ""bk"": ""主板"", ""gskzjglx"": ""-"", ""sfjybjqcy"": ""-"", ""sshymc"": ""D 水电煤气"", ""ylbz"": ""-""}",OFFICIAL_SZSE_BOARD_FIELD
SZSE,MAIN,A_SHARE,001259,利仁科技,2022-08-31,https://www.szse.cn/api/report/ShowReport/data?SHOWTYPE=JSON&CATALOGID=1110&TABKEY=tab1&PAGENO=23,"{""agdm"": ""001259"", ""agjc"": ""<a href='http://www.szse.cn/certificate/individual/index.html?code=001259' target='_blank'><u>利仁科技</u></a>"", ""agltgb"": ""0.47"", ""agssrq"": ""2022-08-31"", ""agzgb"": ""0.73"", ""bk"": ""主板"", ""gskzjglx"": ""-"", ""sfjybjqcy"": ""-"", ""sshymc"": ""C 制造业"", ""ylbz"": ""-""}",OFFICIAL_SZSE_BOARD_FIELD
SZSE,MAIN,A_SHARE,001260,坤泰股份,2023-02-16,https://www.szse.cn/api/report/ShowReport/data?SHOWTYPE=JSON&CATALOGID=1110&TABKEY=tab1&PAGENO=23,"{""agdm"": ""001260"", ""agjc"": ""<a href='http://www.szse.cn/certificate/individual/index.html?code=001260' target='_blank'><u>坤泰股份</u></a>"", ""agltgb"": ""0.57"", ""agssrq"": ""2023-02-16"", ""agzgb"": ""1.15"", ""bk"": ""主板"", ""gskzjglx"": ""-"", ""sfjybjqcy"": ""-"", ""sshymc"": ""C 制造业"", ""ylbz"": ""-""}",OFFICIAL_SZSE_BOARD_FIELD
SZSE,MAIN,A_SHARE,001266,宏英智能,2022-02-28,https://www.szse.cn/api/report/ShowReport/data?SHOWTYPE=JSON&CATALOGID=1110&TABKEY=tab1&PAGENO=23,"{""agdm"": ""001266"", ""agjc"": ""<a href='http://www.szse.cn/certificate/individual/index.html?code=001266' target='_blank'><u>宏英智能</u></a>"", ""agltgb"": ""0.58"", ""agssrq"": ""2022-02-28"", ""agzgb"": ""1.03"", ""bk"": ""主板"", ""gskzjglx"": ""-"", ""sfjybjqcy"": ""-"", ""sshymc"": ""C 制造业"", ""ylbz"": ""-""}",OFFICIAL_SZSE_BOARD_FIELD
SZSE,MAIN,A_SHARE,001267,汇绿生态,2021-11-17,https://www.szse.cn/api/report/ShowReport/data?SHOWTYPE=JSON&CATALOGID=1110&TABKEY=tab1&PAGENO=23,"{""agdm"": ""001267"", ""agjc"": ""<a href='http://www.szse.cn/certificate/individual/index.html?code=001267' target='_blank'><u>汇绿生态</u></a>"", ""agltgb"": ""6.08"", ""agssrq"": ""2021-11-17"", ""agzgb"": ""7.85"", ""bk"": ""主板"", ""gskzjglx"": ""-"", ""sfjybjqcy"": ""-"", ""sshymc"": ""C 制造业"", ""ylbz"": ""-""}",OFFICIAL_SZSE_BOARD_FIELD
SZSE,MAIN,A_SHARE,001268,联合精密,2022-06-30,https://www.szse.cn/api/report/ShowReport/data?SHOWTYPE=JSON&CATALOGID=1110&TABKEY=tab1&PAGENO=23,"{""agdm"": ""001268"", ""agjc"": ""<a href='http://www.szse.cn/certificate/individual/index.html?code=001268' target='_blank'><u>联合精密</u></a>"", ""agltgb"": ""0.94"", ""agssrq"": ""2022-06-30"", ""agzgb"": ""1.50"", ""bk"": ""主板"", ""gskzjglx"": ""-"", ""sfjybjqcy"": ""-"", ""sshymc"": ""C 制造业"", ""ylbz"": ""-""}",OFFICIAL_SZSE_BOARD_FIELD
SZSE,MAIN,A_SHARE,001269,欧晶科技,2022-09-30,https://www.szse.cn/api/report/ShowReport/data?SHOWTYPE=JSON&CATALOGID=1110&TABKEY=tab1&PAGENO=23,"{""agdm"": ""001269"", ""agjc"": ""<a href='http://www.szse.cn/certificate/individual/index.html?code=001269' target='_blank'><u>欧晶科技</u></a>"", ""agltgb"": ""1.92"", ""agssrq"": ""2022-09-30"", ""agzgb"": ""1.92"", ""bk"": ""主板"", ""gskzjglx"": ""-"", ""sfjybjqcy"": ""-"", ""sshymc"": ""C 制造业"", ""ylbz"": ""-""}",OFFICIAL_SZSE_BOARD_FIELD
SZSE,MAIN,A_SHARE,001270,铖昌科技,2022-06-06,https://www.szse.cn/api/report/ShowReport/data?SHOWTYPE=JSON&CATALOGID=1110&TABKEY=tab1&PAGENO=23,"{""agdm"": ""001270"", ""agjc"": ""<a href='http://www.szse.cn/certificate/individual/index.html?code=001270' target='_blank'><u>铖昌科技</u></a>"", ""agltgb"": ""2.04"", ""agssrq"": ""2022-06-06"", ""agzgb"": ""2.06"", ""bk"": ""主板"", ""gskzjglx"": ""-"", ""sfjybjqcy"": ""-"", ""sshymc"": ""C 制造业"", ""ylbz"": ""-""}",OFFICIAL_SZSE_BOARD_FIELD
SZSE,MAIN,A_SHARE,001277,速达股份,2024-09-03,https://www.szse.cn/api/report/ShowReport/data?SHOWTYPE=JSON&CATALOGID=1110&TABKEY=tab1&PAGENO=23,"{""agdm"": ""001277"", ""agjc"": ""<a href='http://www.szse.cn/certificate/individual/index.html?code=001277' target='_blank'><u>速达股份</u></a>"", ""agltgb"": ""0.45"", ""agssrq"": ""2024-09-03"", ""agzgb"": ""0.76"", ""bk"": ""主板"", ""gskzjglx"": ""否"", ""sfjybjqcy"": ""否"", ""sshymc"": ""C 制造业"", ""ylbz"": ""否""}",OFFICIAL_SZSE_BOARD_FIELD
SZSE,MAIN,A_SHARE,001278,一彬科技,2023-03-08,https://www.szse.cn/api/report/ShowReport/data?SHOWTYPE=JSON&CATALOGID=1110&TABKEY=tab1&PAGENO=23,"{""agdm"": ""001278"", ""agjc"": ""<a href='http://www.szse.cn/certificate/individual/index.html?code=001278' target='_blank'><u>一彬科技</u></a>"", ""agltgb"": ""0.85"", ""agssrq"": ""2023-03-08"", ""agzgb"": ""1.23"", ""bk"": ""主板"", ""gskzjglx"": ""-"", ""sfjybjqcy"": ""-"", ""sshymc"": ""C 制造业"", ""ylbz"": ""-""}",OFFICIAL_SZSE_BOARD_FIELD
SZSE,MAIN,A_SHARE,001279,强邦新材,2024-10-11,https://www.szse.cn/api/report/ShowReport/data?SHOWTYPE=JSON&CATALOGID=1110&TABKEY=tab1&PAGENO=24,"{""agdm"": ""001279"", ""agjc"": ""<a href='http://www.szse.cn/certificate/individual/index.html?code=001279' target='_blank'><u>强邦新材</u></a>"", ""agltgb"": ""0.40"", ""agssrq"": ""2024-10-11"", ""agzgb"": ""1.60"", ""bk"": ""主板"", ""gskzjglx"": ""否"", ""sfjybjqcy"": ""否"", ""sshymc"": ""C 制造业"", ""ylbz"": ""否""}",OFFICIAL_SZSE_BOARD_FIELD
SZSE,MAIN,A_SHARE,001280,中国铀业,2025-12-03,https://www.szse.cn/api/report/ShowReport/data?SHOWTYPE=JSON&CATALOGID=1110&TABKEY=tab1&PAGENO=24,"{""agdm"": ""001280"", ""agjc"": ""<a href='http://www.szse.cn/certificate/individual/index.html?code=001280' target='_blank'><u>中国铀业</u></a>"", ""agltgb"": ""1.73"", ""agssrq"": ""2025-12-03"", ""agzgb"": ""20.68"", ""bk"": ""主板"", ""gskzjglx"": ""否"", ""sfjybjqcy"": ""否"", ""sshymc"": ""B 采矿业"", ""ylbz"": ""否""}",OFFICIAL_SZSE_BOARD_FIELD
SZSE,MAIN,A_SHARE,001282,三联锻造,2023-05-24,https://www.szse.cn/api/report/ShowReport/data?SHOWTYPE=JSON&CATALOGID=1110&TABKEY=tab1&PAGENO=24,"{""agdm"": ""001282"", ""agjc"": ""<a href='http://www.szse.cn/certificate/individual/index.html?code=001282' target='_blank'><u>三联锻造</u></a>"", ""agltgb"": ""1.52"", ""agssrq"": ""2023-05-24"", ""agzgb"": ""2.22"", ""bk"": ""主板"", ""gskzjglx"": ""否"", ""sfjybjqcy"": ""否"", ""sshymc"": ""C 制造业"", ""ylbz"": ""否""}",OFFICIAL_SZSE_BOARD_FIELD
SZSE,MAIN,A_SHARE,001283,豪鹏科技,2022-09-05,https://www.szse.cn/api/report/ShowReport/data?SHOWTYPE=JSON&CATALOGID=1110&TABKEY=tab1&PAGENO=24,"{""agdm"": ""001283"", ""agjc"": ""<a href='http://www.szse.cn/certificate/individual/index.html?code=001283' target='_blank'><u>豪鹏科技</u></a>"", ""agltgb"": ""1.03"", ""agssrq"": ""2022-09-05"", ""agzgb"": ""1.29"", ""bk"": ""主板"", ""gskzjglx"": ""-"", ""sfjybjqcy"": ""-"", ""sshymc"": ""C 制造业"", ""ylbz"": ""-""}",OFFICIAL_SZSE_BOARD_FIELD
SZSE,MAIN,A_SHARE,001285,瑞立科密,2025-09-30,https://www.szse.cn/api/report/ShowReport/data?SHOWTYPE=JSON&CATALOGID=1110&TABKEY=tab1&PAGENO=24,"{""agdm"": ""001285"", ""agjc"": ""<a href='http://www.szse.cn/certificate/individual/index.html?code=001285' target='_blank'><u>瑞立科密</u></a>"", ""agltgb"": ""0.41"", ""agssrq"": ""2025-09-30"", ""agzgb"": ""1.80"", ""bk"": ""主板"", ""gskzjglx"": ""否"", ""sfjybjqcy"": ""否"", ""sshymc"": ""C 制造业"", ""ylbz"": ""否""}",OFFICIAL_SZSE_BOARD_FIELD
SZSE,MAIN,A_SHARE,001286,陕西能源,2023-04-10,https://www.szse.cn/api/report/ShowReport/data?SHOWTYPE=JSON&CATALOGID=1110&TABKEY=tab1&PAGENO=24,"{""agdm"": ""001286"", ""agjc"": ""<a href='http://www.szse.cn/certificate/individual/index.html?code=001286' target='_blank'><u>陕西能源</u></a>"", ""agltgb"": ""13.50"", ""agssrq"": ""2023-04-10"", ""agzgb"": ""37.50"", ""bk"": ""主板"", ""gskzjglx"": ""否"", ""sfjybjqcy"": ""否"", ""sshymc"": ""D 水电煤气"", ""ylbz"": ""否""}",OFFICIAL_SZSE_BOARD_FIELD
SZSE,MAIN,A_SHARE,001287,中电港,2023-04-10,https://www.szse.cn/api/report/ShowReport/data?SHOWTYPE=JSON&CATALOGID=1110&TABKEY=tab1&PAGENO=24,"{""agdm"": ""001287"", ""agjc"": ""<a href='http://www.szse.cn/certificate/individual/index.html?code=001287' target='_blank'><u>中电港</u></a>"", ""agltgb"": ""7.59"", ""agssrq"": ""2023-04-10"", ""agzgb"": ""7.59"", ""bk"": ""主板"", ""gskzjglx"": ""否"", ""sfjybjqcy"": ""否"", ""sshymc"": ""F 批发零售"", ""ylbz"": ""否""}",OFFICIAL_SZSE_BOARD_FIELD
SZSE,MAIN,A_SHARE,001288,运机集团,2021-11-01,https://www.szse.cn/api/report/ShowReport/data?SHOWTYPE=JSON&CATALOGID=1110&TABKEY=tab1&PAGENO=24,"{""agdm"": ""001288"", ""agjc"": ""<a href='http://www.szse.cn/certificate/individual/index.html?code=001288' target='_blank'><u>运机集团</u></a>"", ""agltgb"": ""1.51"", ""agssrq"": ""2021-11-01"", ""agzgb"": ""2.33"", ""bk"": ""主板"", ""gskzjglx"": ""-"", ""sfjybjqcy"": ""-"", ""sshymc"": ""C 制造业"", ""ylbz"": ""-""}",OFFICIAL_SZSE_BOARD_FIELD
SZSE,MAIN,A_SHARE,001289,龙源电力,2022-01-24,https://www.szse.cn/api/report/ShowReport/data?SHOWTYPE=JSON&CATALOGID=1110&TABKEY=tab1&PAGENO=24,"{""agdm"": ""001289"", ""agjc"": ""<a href='http://www.szse.cn/certificate/individual/index.html?code=001289' target='_blank'><u>龙源电力</u></a>"", ""agltgb"": ""50.41"", ""agssrq"": ""2022-01-24"", ""agzgb"": ""50.41"", ""bk"": ""主板"", ""gskzjglx"": ""-"", ""sfjybjqcy"": ""-"", ""sshymc"": ""D 水电煤气"", ""ylbz"": ""-""}",OFFICIAL_SZSE_BOARD_FIELD
SZSE,MAIN,A_SHARE,001296,长江材料,2021-12-24,https://www.szse.cn/api/report/ShowReport/data?SHOWTYPE=JSON&CATALOGID=1110&TABKEY=tab1&PAGENO=24,"{""agdm"": ""001296"", ""agjc"": ""<a href='http://www.szse.cn/certificate/individual/index.html?code=001296' target='_blank'><u>长江材料</u></a>"", ""agltgb"": ""0.80"", ""agssrq"": ""2021-12-24"", ""agzgb"": ""1.49"", ""bk"": ""主板"", ""gskzjglx"": ""-"", ""sfjybjqcy"": ""-"", ""sshymc"": ""C 制造业"", ""ylbz"": ""-""}",OFFICIAL_SZSE_BOARD_FIELD
SZSE,MAIN,A_SHARE,001298,好上好,2022-10-31,https://www.szse.cn/api/report/ShowReport/data?SHOWTYPE=JSON&CATALOGID=1110&TABKEY=tab1&PAGENO=24,"{""agdm"": ""001298"", ""agjc"": ""<a href='http://www.szse.cn/certificate/individual/index.html?code=001298' target='_blank'><u>好上好</u></a>"", ""agltgb"": ""4.07"", ""agssrq"": ""2022-10-31"", ""agzgb"": ""4.32"", ""bk"": ""主板"", ""gskzjglx"": ""-"", ""sfjybjqcy"": ""-"", ""sshymc"": ""F 批发零售"", ""ylbz"": ""-""}",OFFICIAL_SZSE_BOARD_FIELD
SZSE,MAIN,A_SHARE,001299,美能能源,2022-10-31,https://www.szse.cn/api/report/ShowReport/data?SHOWTYPE=JSON&CATALOGID=1110&TABKEY=tab1&PAGENO=24,"{""agdm"": ""001299"", ""agjc"": ""<a href='http://www.szse.cn/certificate/individual/index.html?code=001299' target='_blank'><u>美能能源</u></a>"", ""agltgb"": ""2.82"", ""agssrq"": ""2022-10-31"", ""agzgb"": ""3.14"", ""bk"": ""主板"", ""gskzjglx"": ""-"", ""sfjybjqcy"": ""-"", ""sshymc"": ""D 水电煤气"", ""ylbz"": ""-""}",OFFICIAL_SZSE_BOARD_FIELD
SZSE,MAIN,A_SHARE,001300,三柏硕,2022-10-19,https://www.szse.cn/api/report/ShowReport/data?SHOWTYPE=JSON&CATALOGID=1110&TABKEY=tab1&PAGENO=24,"{""agdm"": ""001300"", ""agjc"": ""<a href='http://www.szse.cn/certificate/individual/index.html?code=001300' target='_blank'><u>三柏硕</u></a>"", ""agltgb"": ""2.43"", ""agssrq"": ""2022-10-19"", ""agzgb"": ""2.43"", ""bk"": ""主板"", ""gskzjglx"": ""-"", ""sfjybjqcy"": ""-"", ""sshymc"": ""C 制造业"", ""ylbz"": ""-""}",OFFICIAL_SZSE_BOARD_FIELD
SZSE,MAIN,A_SHARE,001301,尚太科技,2022-12-28,https://www.szse.cn/api/report/ShowReport/data?SHOWTYPE=JSON&CATALOGID=1110&TABKEY=tab1&PAGENO=24,"{""agdm"": ""001301"", ""agjc"": ""<a href='http://www.szse.cn/certificate/individual/index.html?code=001301' target='_blank'><u>尚太科技</u></a>"", ""agltgb"": ""2.60"", ""agssrq"": ""2022-12-28"", ""agzgb"": ""3.64"", ""bk"": ""主板"", ""gskzjglx"": ""-"", ""sfjybjqcy"": ""-"", ""sshymc"": ""C 制造业"", ""ylbz"": ""-""}",OFFICIAL_SZSE_BOARD_FIELD
SZSE,MAIN,A_SHARE,001306,夏厦精密,2023-11-16,https://www.szse.cn/api/report/ShowReport/data?SHOWTYPE=JSON&CATALOGID=1110&TABKEY=tab1&PAGENO=24,"{""agdm"": ""001306"", ""agjc"": ""<a href='http://www.szse.cn/certificate/individual/index.html?code=001306' target='_blank'><u>夏厦精密</u></a>"", ""agltgb"": ""0.15"", ""agssrq"": ""2023-11-16"", ""agzgb"": ""0.62"", ""bk"": ""主板"", ""gskzjglx"": ""否"", ""sfjybjqcy"": ""否"", ""sshymc"": ""C 制造业"", ""ylbz"": ""否""}",OFFICIAL_SZSE_BOARD_FIELD
SZSE,MAIN,A_SHARE,001308,康冠科技,2022-03-18,https://www.szse.cn/api/report/ShowReport/data?SHOWTYPE=JSON&CATALOGID=1110&TABKEY=tab1&PAGENO=24,"{""agdm"": ""001308"", ""agjc"": ""<a href='http://www.szse.cn/certificate/individual/index.html?code=001308' target='_blank'><u>康冠科技</u></a>"", ""agltgb"": ""5.27"", ""agssrq"": ""2022-03-18"", ""agzgb"": ""7.04"", ""bk"": ""主板"", ""gskzjglx"": ""-"", ""sfjybjqcy"": ""-"", ""sshymc"": ""C 制造业"", ""ylbz"": ""-""}",OFFICIAL_SZSE_BOARD_FIELD
SZSE,MAIN,A_SHARE,001309,德明利,2022-07-01,https://www.szse.cn/api/report/ShowReport/data?SHOWTYPE=JSON&CATALOGID=1110&TABKEY=tab1&PAGENO=24,"{""agdm"": ""001309"", ""agjc"": ""<a href='http://www.szse.cn/certificate/individual/index.html?code=001309' target='_blank'><u>德明利</u></a>"", ""agltgb"": ""1.65"", ""agssrq"": ""2022-07-01"", ""agzgb"": ""2.26"", ""bk"": ""主板"", ""gskzjglx"": ""-"", ""sfjybjqcy"": ""-"", ""sshymc"": ""C 制造业"", ""ylbz"": ""-""}",OFFICIAL_SZSE_BOARD_FIELD
SZSE,MAIN,A_SHARE,001311,多利科技,2023-02-27,https://www.szse.cn/api/report/ShowReport/data?SHOWTYPE=JSON&CATALOGID=1110&TABKEY=tab1&PAGENO=24,"{""agdm"": ""001311"", ""agjc"": ""<a href='http://www.szse.cn/certificate/individual/index.html?code=001311' target='_blank'><u>多利科技</u></a>"", ""agltgb"": ""1.81"", ""agssrq"": ""2023-02-27"", ""agzgb"": ""4.03"", ""bk"": ""主板"", ""gskzjglx"": ""-"", ""sfjybjqcy"": ""-"", ""sshymc"": ""C 制造业"", ""ylbz"": ""-""}",OFFICIAL_SZSE_BOARD_FIELD
SZSE,MAIN,A_SHARE,001312,福恩股份,2026-04-21,https://www.szse.cn/api/report/ShowReport/data?SHOWTYPE=JSON&CATALOGID=1110&TABKEY=tab1&PAGENO=24,"{""agdm"": ""001312"", ""agjc"": ""<a href='http://www.szse.cn/certificate/individual/index.html?code=001312' target='_blank'><u>福恩股份</u></a>"", ""agltgb"": ""0.57"", ""agssrq"": ""2026-04-21"", ""agzgb"": ""2.33"", ""bk"": ""主板"", ""gskzjglx"": ""否"", ""sfjybjqcy"": ""否"", ""sshymc"": ""C 制造业"", ""ylbz"": ""否""}",OFFICIAL_SZSE_BOARD_FIELD
SZSE,MAIN,A_SHARE,001313,粤海饲料,2022-02-16,https://www.szse.cn/api/report/ShowReport/data?SHOWTYPE=JSON&CATALOGID=1110&TABKEY=tab1&PAGENO=24,"{""agdm"": ""001313"", ""agjc"": ""<a href='http://www.szse.cn/certificate/individual/index.html?code=001313' target='_blank'><u>粤海饲料</u></a>"", ""agltgb"": ""6.99"", ""agssrq"": ""2022-02-16"", ""agzgb"": ""7.00"", ""bk"": ""主板"", ""gskzjglx"": ""-"", ""sfjybjqcy"": ""-"", ""sshymc"": ""C 制造业"", ""ylbz"": ""-""}",OFFICIAL_SZSE_BOARD_FIELD
SZSE,MAIN,A_SHARE,001314,亿道信息,2023-02-14,https://www.szse.cn/api/report/ShowReport/data?SHOWTYPE=JSON&CATALOGID=1110&TABKEY=tab1&PAGENO=25,"{""agdm"": ""001314"", ""agjc"": ""<a href='http://www.szse.cn/certificate/individual/index.html?code=001314' target='_blank'><u>亿道信息</u></a>"", ""agltgb"": ""1.24"", ""agssrq"": ""2023-02-14"", ""agzgb"": ""1.42"", ""bk"": ""主板"", ""gskzjglx"": ""-"", ""sfjybjqcy"": ""-"", ""sshymc"": ""C 制造业"", ""ylbz"": ""-""}",OFFICIAL_SZSE_BOARD_FIELD
SZSE,MAIN,A_SHARE,001316,润贝航科,2022-06-24,https://www.szse.cn/api/report/ShowReport/data?SHOWTYPE=JSON&CATALOGID=1110&TABKEY=tab1&PAGENO=25,"{""agdm"": ""001316"", ""agjc"": ""<a href='http://www.szse.cn/certificate/individual/index.html?code=001316' target='_blank'><u>润贝航科</u></a>"", ""agltgb"": ""1.50"", ""agssrq"": ""2022-06-24"", ""agzgb"": ""1.61"", ""bk"": ""主板"", ""gskzjglx"": ""-"", ""sfjybjqcy"": ""-"", ""sshymc"": ""F 批发零售"", ""ylbz"": ""-""}",OFFICIAL_SZSE_BOARD_FIELD
SZSE,MAIN,A_SHARE,001317,三羊马,2021-11-30,https://www.szse.cn/api/report/ShowReport/data?SHOWTYPE=JSON&CATALOGID=1110&TABKEY=tab1&PAGENO=25,"{""agdm"": ""001317"", ""agjc"": ""<a href='http://www.szse.cn/certificate/individual/index.html?code=001317' target='_blank'><u>三羊马</u></a>"", ""agltgb"": ""0.85"", ""agssrq"": ""2021-11-30"", ""agzgb"": ""0.85"", ""bk"": ""主板"", ""gskzjglx"": ""-"", ""sfjybjqcy"": ""-"", ""sshymc"": ""G 运输仓储"", ""ylbz"": ""-""}",OFFICIAL_SZSE_BOARD_FIELD
SZSE,MAIN,A_SHARE,001318,阳光乳业,2022-05-20,https://www.szse.cn/api/report/ShowReport/data?SHOWTYPE=JSON&CATALOGID=1110&TABKEY=tab1&PAGENO=25,"{""agdm"": ""001318"", ""agjc"": ""<a href='http://www.szse.cn/certificate/individual/index.html?code=001318' target='_blank'><u>阳光乳业</u></a>"", ""agltgb"": ""2.82"", ""agssrq"": ""2022-05-20"", ""agzgb"": ""2.82"", ""bk"": ""主板"", ""gskzjglx"": ""-"", ""sfjybjqcy"": ""-"", ""sshymc"": ""C 制造业"", ""ylbz"": ""-""}",OFFICIAL_SZSE_BOARD_FIELD
SZSE,MAIN,A_SHARE,001319,铭科精技,2022-05-12,https://www.szse.cn/api/report/ShowReport/data?SHOWTYPE=JSON&CATALOGID=1110&TABKEY=tab1&PAGENO=25,"{""agdm"": ""001319"", ""agjc"": ""<a href='http://www.szse.cn/certificate/individual/index.html?code=001319' target='_blank'><u>铭科精技</u></a>"", ""agltgb"": ""0.82"", ""agssrq"": ""2022-05-12"", ""agzgb"": ""1.41"", ""bk"": ""主板"", ""gskzjglx"": ""-"", ""sfjybjqcy"": ""-"", ""sshymc"": ""C 制造业"", ""ylbz"": ""-""}",OFFICIAL_SZSE_BOARD_FIELD
SZSE,MAIN,A_SHARE,001322,箭牌家居,2022-10-26,https://www.szse.cn/api/report/ShowReport/data?SHOWTYPE=JSON&CATALOGID=1110&TABKEY=tab1&PAGENO=25,"{""agdm"": ""001322"", ""agjc"": ""<a href='http://www.szse.cn/certificate/individual/index.html?code=001322' target='_blank'><u>箭牌家居</u></a>"", ""agltgb"": ""7.85"", ""agssrq"": ""2022-10-26"", ""agzgb"": ""9.67"", ""bk"": ""主板"", ""gskzjglx"": ""-"", ""sfjybjqcy"": ""-"", ""sshymc"": ""C 制造业"", ""ylbz"": ""-""}",OFFICIAL_SZSE_BOARD_FIELD
SZSE,MAIN,A_SHARE,001323,慕思股份,2022-06-23,https://www.szse.cn/api/report/ShowReport/data?SHOWTYPE=JSON&CATALOGID=1110&TABKEY=tab1&PAGENO=25,"{""agdm"": ""001323"", ""agjc"": ""<a href='http://www.szse.cn/certificate/individual/index.html?code=001323' target='_blank'><u>慕思股份</u></a>"", ""agltgb"": ""3.11"", ""agssrq"": ""2022-06-23"", ""agzgb"": ""4.35"", ""bk"": ""主板"", ""gskzjglx"": ""-"", ""sfjybjqcy"": ""-"", ""sshymc"": ""C 制造业"", ""ylbz"": ""-""}",OFFICIAL_SZSE_BOARD_FIELD
SZSE,MAIN,A_SHARE,001324,长青科技,2023-05-22,https://www.szse.cn/api/report/ShowReport/data?SHOWTYPE=JSON&CATALOGID=1110&TABKEY=tab1&PAGENO=25,"{""agdm"": ""001324"", ""agjc"": ""<a href='http://www.szse.cn/certificate/individual/index.html?code=001324' target='_blank'><u>长青科技</u></a>"", ""agltgb"": ""1.38"", ""agssrq"": ""2023-05-22"", ""agzgb"": ""1.38"", ""bk"": ""主板"", ""gskzjglx"": ""否"", ""sfjybjqcy"": ""否"", ""sshymc"": ""C 制造业"", ""ylbz"": ""否""}",OFFICIAL_SZSE_BOARD_FIELD
SZSE,MAIN,A_SHARE,001325,元创股份,2025-12-18,https://www.szse.cn/api/report/ShowReport/data?SHOWTYPE=JSON&CATALOGID=1110&TABKEY=tab1&PAGENO=25,"{""agdm"": ""001325"", ""agjc"": ""<a href='http://www.szse.cn/certificate/individual/index.html?code=001325' target='_blank'><u>元创股份</u></a>"", ""agltgb"": ""0.19"", ""agssrq"": ""2025-12-18"", ""agzgb"": ""0.78"", ""bk"": ""主板"", ""gskzjglx"": ""否"", ""sfjybjqcy"": ""否"", ""sshymc"": ""C 制造业"", ""ylbz"": ""否""}",OFFICIAL_SZSE_BOARD_FIELD
SZSE,MAIN,A_SHARE,001326,联域股份,2023-11-09,https://www.szse.cn/api/report/ShowReport/data?SHOWTYPE=JSON&CATALOGID=1110&TABKEY=tab1&PAGENO=25,"{""agdm"": ""001326"", ""agjc"": ""<a href='http://www.szse.cn/certificate/individual/index.html?code=001326' target='_blank'><u>联域股份</u></a>"", ""agltgb"": ""0.24"", ""agssrq"": ""2023-11-09"", ""agzgb"": ""0.73"", ""bk"": ""主板"", ""gskzjglx"": ""否"", ""sfjybjqcy"": ""否"", ""sshymc"": ""C 制造业"", ""ylbz"": ""否""}",OFFICIAL_SZSE_BOARD_FIELD
SZSE,MAIN,A_SHARE,001328,登康口腔,2023-04-10,https://www.szse.cn/api/report/ShowReport/data?SHOWTYPE=JSON&CATALOGID=1110&TABKEY=tab1&PAGENO=25,"{""agdm"": ""001328"", ""agjc"": ""<a href='http://www.szse.cn/certificate/individual/index.html?code=001328' target='_blank'><u>登康口腔</u></a>"", ""agltgb"": ""1.61"", ""agssrq"": ""2023-04-10"", ""agzgb"": ""1.72"", ""bk"": ""主板"", ""gskzjglx"": ""否"", ""sfjybjqcy"": ""否"", ""sshymc"": ""C 制造业"", ""ylbz"": ""否""}",OFFICIAL_SZSE_BOARD_FIELD
SZSE,MAIN,A_SHARE,001330,博纳影业,2022-08-18,https://www.szse.cn/api/report/ShowReport/data?SHOWTYPE=JSON&CATALOGID=1110&TABKEY=tab1&PAGENO=25,"{""agdm"": ""001330"", ""agjc"": ""<a href='http://www.szse.cn/certificate/individual/index.html?code=001330' target='_blank'><u>博纳影业</u></a>"", ""agltgb"": ""11.62"", ""agssrq"": ""2022-08-18"", ""agzgb"": ""13.74"", ""bk"": ""主板"", ""gskzjglx"": ""-"", ""sfjybjqcy"": ""-"", ""sshymc"": ""R 文化传播"", ""ylbz"": ""-""}",OFFICIAL_SZSE_BOARD_FIELD
SZSE,MAIN,A_SHARE,001331,胜通能源,2022-09-08,https://www.szse.cn/api/report/ShowReport/data?SHOWTYPE=JSON&CATALOGID=1110&TABKEY=tab1&PAGENO=25,"{""agdm"": ""001331"", ""agjc"": ""<a href='http://www.szse.cn/certificate/individual/index.html?code=001331' target='_blank'><u>胜通能源</u></a>"", ""agltgb"": ""2.85"", ""agssrq"": ""2022-09-08"", ""agzgb"": ""4.09"", ""bk"": ""主板"", ""gskzjglx"": ""-"", ""sfjybjqcy"": ""-"", ""sshymc"": ""D 水电煤气"", ""ylbz"": ""-""}",OFFICIAL_SZSE_BOARD_FIELD
SZSE,MAIN,A_SHARE,001332,锡装股份,2022-09-20,https://www.szse.cn/api/report/ShowReport/data?SHOWTYPE=JSON&CATALOGID=1110&TABKEY=tab1&PAGENO=25,"{""agdm"": ""001332"", ""agjc"": ""<a href='http://www.szse.cn/certificate/individual/index.html?code=001332' target='_blank'><u>锡装股份</u></a>"", ""agltgb"": ""0.67"", ""agssrq"": ""2022-09-20"", ""agzgb"": ""1.54"", ""bk"": ""主板"", ""gskzjglx"": ""-"", ""sfjybjqcy"": ""-"", ""sshymc"": ""C 制造业"", ""ylbz"": ""-""}",OFFICIAL_SZSE_BOARD_FIELD
SZSE,MAIN,A_SHARE,001333,光华股份,2022-12-08,https://www.szse.cn/api/report/ShowReport/data?SHOWTYPE=JSON&CATALOGID=1110&TABKEY=tab1&PAGENO=25,"{""agdm"": ""001333"", ""agjc"": ""<a href='http://www.szse.cn/certificate/individual/index.html?code=001333' target='_blank'><u>光华股份</u></a>"", ""agltgb"": ""0.74"", ""agssrq"": ""2022-12-08"", ""agzgb"": ""1.28"", ""bk"": ""主板"", ""gskzjglx"": ""-"", ""sfjybjqcy"": ""-"", ""sshymc"": ""C 制造业"", ""ylbz"": ""-""}",OFFICIAL_SZSE_BOARD_FIELD
SZSE,MAIN,A_SHARE,001335,信凯科技,2025-04-15,https://www.szse.cn/api/report/ShowReport/data?SHOWTYPE=JSON&CATALOGID=1110&TABKEY=tab1&PAGENO=25,"{""agdm"": ""001335"", ""agjc"": ""<a href='http://www.szse.cn/certificate/individual/index.html?code=001335' target='_blank'><u>信凯科技</u></a>"", ""agltgb"": ""0.25"", ""agssrq"": ""2025-04-15"", ""agzgb"": ""0.93"", ""bk"": ""主板"", ""gskzjglx"": ""否"", ""sfjybjqcy"": ""否"", ""sshymc"": ""F 批发零售"", ""ylbz"": ""否""}",OFFICIAL_SZSE_BOARD_FIELD
SZSE,MAIN,A_SHARE,001336,楚环科技,2022-07-25,https://www.szse.cn/api/report/ShowReport/data?SHOWTYPE=JSON&CATALOGID=1110&TABKEY=tab1&PAGENO=25,"{""agdm"": ""001336"", ""agjc"": ""<a href='http://www.szse.cn/certificate/individual/index.html?code=001336' target='_blank'><u>楚环科技</u></a>"", ""agltgb"": ""0.49"", ""agssrq"": ""2022-07-25"", ""agzgb"": ""0.80"", ""bk"": ""主板"", ""gskzjglx"": ""-"", ""sfjybjqcy"": ""-"", ""sshymc"": ""C 制造业"", ""ylbz"": ""-""}",OFFICIAL_SZSE_BOARD_FIELD
SZSE,MAIN,A_SHARE,001337,四川黄金,2023-03-03,https://www.szse.cn/api/report/ShowReport/data?SHOWTYPE=JSON&CATALOGID=1110&TABKEY=tab1&PAGENO=25,"{""agdm"": ""001337"", ""agjc"": ""<a href='http://www.szse.cn/certificate/individual/index.html?code=001337' target='_blank'><u>四川黄金</u></a>"", ""agltgb"": ""4.20"", ""agssrq"": ""2023-03-03"", ""agzgb"": ""4.20"", ""bk"": ""主板"", ""gskzjglx"": ""-"", ""sfjybjqcy"": ""-"", ""sshymc"": ""B 采矿业"", ""ylbz"": ""-""}",OFFICIAL_SZSE_BOARD_FIELD
SZSE,MAIN,A_SHARE,001338,永顺泰,2022-11-16,https://www.szse.cn/api/report/ShowReport/data?SHOWTYPE=JSON&CATALOGID=1110&TABKEY=tab1&PAGENO=25,"{""agdm"": ""001338"", ""agjc"": ""<a href='http://www.szse.cn/certificate/individual/index.html?code=001338' target='_blank'><u>永顺泰</u></a>"", ""agltgb"": ""5.01"", ""agssrq"": ""2022-11-16"", ""agzgb"": ""5.01"", ""bk"": ""主板"", ""gskzjglx"": ""-"", ""sfjybjqcy"": ""-"", ""sshymc"": ""C 制造业"", ""ylbz"": ""-""}",OFFICIAL_SZSE_BOARD_FIELD
SZSE,MAIN,A_SHARE,001339,智微智能,2022-08-15,https://www.szse.cn/api/report/ShowReport/data?SHOWTYPE=JSON&CATALOGID=1110&TABKEY=tab1&PAGENO=25,"{""agdm"": ""001339"", ""agjc"": ""<a href='http://www.szse.cn/certificate/individual/index.html?code=001339' target='_blank'><u>智微智能</u></a>"", ""agltgb"": ""1.61"", ""agssrq"": ""2022-08-15"", ""agzgb"": ""3.27"", ""bk"": ""主板"", ""gskzjglx"": ""-"", ""sfjybjqcy"": ""-"", ""sshymc"": ""C 制造业"", ""ylbz"": ""-""}",OFFICIAL_SZSE_BOARD_FIELD
SZSE,MAIN,A_SHARE,001356,富岭股份,2025-01-23,https://www.szse.cn/api/report/ShowReport/data?SHOWTYPE=JSON&CATALOGID=1110&TABKEY=tab1&PAGENO=26,"{""agdm"": ""001356"", ""agjc"": ""<a href='http://www.szse.cn/certificate/individual/index.html?code=001356' target='_blank'><u>富岭股份</u></a>"", ""agltgb"": ""2.11"", ""agssrq"": ""2025-01-23"", ""agzgb"": ""5.89"", ""bk"": ""主板"", ""gskzjglx"": ""否"", ""sfjybjqcy"": ""否"", ""sshymc"": ""C 制造业"", ""ylbz"": ""否""}",OFFICIAL_SZSE_BOARD_FIELD
SZSE,MAIN,A_SHARE,001358,兴欣新材,2023-12-21,https://www.szse.cn/api/report/ShowReport/data?SHOWTYPE=JSON&CATALOGID=1110&TABKEY=tab1&PAGENO=26,"{""agdm"": ""001358"", ""agjc"": ""<a href='http://www.szse.cn/certificate/individual/index.html?code=001358' target='_blank'><u>兴欣新材</u></a>"", ""agltgb"": ""0.50"", ""agssrq"": ""2023-12-21"", ""agzgb"": ""1.23"", ""bk"": ""主板"", ""gskzjglx"": ""否"", ""sfjybjqcy"": ""否"", ""sshymc"": ""C 制造业"", ""ylbz"": ""否""}",OFFICIAL_SZSE_BOARD_FIELD
SZSE,MAIN,A_SHARE,001359,平安电工,2024-03-28,https://www.szse.cn/api/report/ShowReport/data?SHOWTYPE=JSON&CATALOGID=1110&TABKEY=tab1&PAGENO=26,"{""agdm"": ""001359"", ""agjc"": ""<a href='http://www.szse.cn/certificate/individual/index.html?code=001359' target='_blank'><u>平安电工</u></a>"", ""agltgb"": ""0.60"", ""agssrq"": ""2024-03-28"", ""agzgb"": ""2.41"", ""bk"": ""主板"", ""gskzjglx"": ""否"", ""sfjybjqcy"": ""否"", ""sshymc"": ""C 制造业"", ""ylbz"": ""否""}",OFFICIAL_SZSE_BOARD_FIELD
SZSE,MAIN,A_SHARE,001360,南矿集团,2023-04-10,https://www.szse.cn/api/report/ShowReport/data?SHOWTYPE=JSON&CATALOGID=1110&TABKEY=tab1&PAGENO=26,"{""agdm"": ""001360"", ""agjc"": ""<a href='http://www.szse.cn/certificate/individual/index.html?code=001360' target='_blank'><u>南矿集团</u></a>"", ""agltgb"": ""1.25"", ""agssrq"": ""2023-04-10"", ""agzgb"": ""2.04"", ""bk"": ""主板"", ""gskzjglx"": ""否"", ""sfjybjqcy"": ""否"", ""sshymc"": ""C 制造业"", ""ylbz"": ""否""}",OFFICIAL_SZSE_BOARD_FIELD
SZSE,MAIN,A_SHARE,001365,天海电子,2026-05-18,https://www.szse.cn/api/report/ShowReport/data?SHOWTYPE=JSON&CATALOGID=1110&TABKEY=tab1&PAGENO=26,"{""agdm"": ""001365"", ""agjc"": ""<a href='http://www.szse.cn/certificate/individual/index.html?code=001365' target='_blank'><u>天海电子</u></a>"", ""agltgb"": ""0.57"", ""agssrq"": ""2026-05-18"", ""agzgb"": ""5.25"", ""bk"": ""主板"", ""gskzjglx"": ""否"", ""sfjybjqcy"": ""否"", ""sshymc"": ""C 制造业"", ""ylbz"": ""否""}",OFFICIAL_SZSE_BOARD_FIELD
SZSE,MAIN,A_SHARE,001366,播恩集团,2023-03-07,https://www.szse.cn/api/report/ShowReport/data?SHOWTYPE=JSON&CATALOGID=1110&TABKEY=tab1&PAGENO=26,"{""agdm"": ""001366"", ""agjc"": ""<a href='http://www.szse.cn/certificate/individual/index.html?code=001366' target='_blank'><u>播恩集团</u></a>"", ""agltgb"": ""1.60"", ""agssrq"": ""2023-03-07"", ""agzgb"": ""1.60"", ""bk"": ""主板"", ""gskzjglx"": ""-"", ""sfjybjqcy"": ""-"", ""sshymc"": ""C 制造业"", ""ylbz"": ""-""}",OFFICIAL_SZSE_BOARD_FIELD
SZSE,MAIN,A_SHARE,001367,海森药业,2023-04-10,https://www.szse.cn/api/report/ShowReport/data?SHOWTYPE=JSON&CATALOGID=1110&TABKEY=tab1&PAGENO=26,"{""agdm"": ""001367"", ""agjc"": ""<a href='http://www.szse.cn/certificate/individual/index.html?code=001367' target='_blank'><u>海森药业</u></a>"", ""agltgb"": ""1.21"", ""agssrq"": ""2023-04-10"", ""agzgb"": ""1.52"", ""bk"": ""主板"", ""gskzjglx"": ""否"", ""sfjybjqcy"": ""否"", ""sshymc"": ""C 制造业"", ""ylbz"": ""否""}",OFFICIAL_SZSE_BOARD_FIELD
SZSE,MAIN,A_SHARE,001368,通达创智,2023-03-13,https://www.szse.cn/api/report/ShowReport/data?SHOWTYPE=JSON&CATALOGID=1110&TABKEY=tab1&PAGENO=26,"{""agdm"": ""001368"", ""agjc"": ""<a href='http://www.szse.cn/certificate/individual/index.html?code=001368' target='_blank'><u>通达创智</u></a>"", ""agltgb"": ""1.08"", ""agssrq"": ""2023-03-13"", ""agzgb"": ""1.13"", ""bk"": ""主板"", ""gskzjglx"": ""-"", ""sfjybjqcy"": ""-"", ""sshymc"": ""C 制造业"", ""ylbz"": ""-""}",OFFICIAL_SZSE_BOARD_FIELD
SZSE,MAIN,A_SHARE,001369,双欣材料,2025-12-30,https://www.szse.cn/api/report/ShowReport/data?SHOWTYPE=JSON&CATALOGID=1110&TABKEY=tab1&PAGENO=26,"{""agdm"": ""001369"", ""agjc"": ""<a href='http://www.szse.cn/certificate/individual/index.html?code=001369' target='_blank'><u>双欣材料</u></a>"", ""agltgb"": ""2.07"", ""agssrq"": ""2025-12-30"", ""agzgb"": ""11.47"", ""bk"": ""主板"", ""gskzjglx"": ""否"", ""sfjybjqcy"": ""否"", ""sshymc"": ""C 制造业"", ""ylbz"": ""否""}",OFFICIAL_SZSE_BOARD_FIELD
SZSE,MAIN,A_SHARE,001373,翔腾新材,2023-06-01,https://www.szse.cn/api/report/ShowReport/data?SHOWTYPE=JSON&CATALOGID=1110&TABKEY=tab1&PAGENO=26,"{""agdm"": ""001373"", ""agjc"": ""<a href='http://www.szse.cn/certificate/individual/index.html?code=001373' target='_blank'><u>翔腾新材</u></a>"", ""agltgb"": ""0.41"", ""agssrq"": ""2023-06-01"", ""agzgb"": ""0.68"", ""bk"": ""主板"", ""gskzjglx"": ""否"", ""sfjybjqcy"": ""否"", ""sshymc"": ""C 制造业"", ""ylbz"": ""否""}",OFFICIAL_SZSE_BOARD_FIELD
SZSE,MAIN,A_SHARE,001376,百通能源,2023-11-03,https://www.szse.cn/api/report/ShowReport/data?SHOWTYPE=JSON&CATALOGID=1110&TABKEY=tab1&PAGENO=26,"{""agdm"": ""001376"", ""agjc"": ""<a href='http://www.szse.cn/certificate/individual/index.html?code=001376' target='_blank'><u>百通能源</u></a>"", ""agltgb"": ""2.14"", ""agssrq"": ""2023-11-03"", ""agzgb"": ""4.60"", ""bk"": ""主板"", ""gskzjglx"": ""-"", ""sfjybjqcy"": ""-"", ""sshymc"": ""D 水电煤气"", ""ylbz"": ""-""}",OFFICIAL_SZSE_BOARD_FIELD
SZSE,MAIN,A_SHARE,001378,德冠新材,2023-10-30,https://www.szse.cn/api/report/ShowReport/data?SHOWTYPE=JSON&CATALOGID=1110&TABKEY=tab1&PAGENO=26,"{""agdm"": ""001378"", ""agjc"": ""<a href='http://www.szse.cn/certificate/individual/index.html?code=001378' target='_blank'><u>德冠新材</u></a>"", ""agltgb"": ""0.84"", ""agssrq"": ""2023-10-30"", ""agzgb"": ""1.73"", ""bk"": ""主板"", ""gskzjglx"": ""否"", ""sfjybjqcy"": ""否"", ""sshymc"": ""C 制造业"", ""ylbz"": ""否""}",OFFICIAL_SZSE_BOARD_FIELD
SZSE,MAIN,A_SHARE,001379,腾达科技,2024-01-19,https://www.szse.cn/api/report/ShowReport/data?SHOWTYPE=JSON&CATALOGID=1110&TABKEY=tab1&PAGENO=26,"{""agdm"": ""001379"", ""agjc"": ""<a href='http://www.szse.cn/certificate/individual/index.html?code=001379' target='_blank'><u>腾达科技</u></a>"", ""agltgb"": ""0.67"", ""agssrq"": ""2024-01-19"", ""agzgb"": ""2.00"", ""bk"": ""主板"", ""gskzjglx"": ""否"", ""sfjybjqcy"": ""否"", ""sshymc"": ""C 制造业"", ""ylbz"": ""否""}",OFFICIAL_SZSE_BOARD_FIELD
SZSE,MAIN,A_SHARE,001380,华纬科技,2023-05-16,https://www.szse.cn/api/report/ShowReport/data?SHOWTYPE=JSON&CATALOGID=1110&TABKEY=tab1&PAGENO=26,"{""agdm"": ""001380"", ""agjc"": ""<a href='http://www.szse.cn/certificate/individual/index.html?code=001380' target='_blank'><u>华纬科技</u></a>"", ""agltgb"": ""2.32"", ""agssrq"": ""2023-05-16"", ""agzgb"": ""2.70"", ""bk"": ""主板"", ""gskzjglx"": ""否"", ""sfjybjqcy"": ""否"", ""sshymc"": ""C 制造业"", ""ylbz"": ""否""}",OFFICIAL_SZSE_BOARD_FIELD
SZSE,MAIN,A_SHARE,001382,新亚电缆,2025-03-21,https://www.szse.cn/api/report/ShowReport/data?SHOWTYPE=JSON&CATALOGID=1110&TABKEY=tab1&PAGENO=26,"{""agdm"": ""001382"", ""agjc"": ""<a href='http://www.szse.cn/certificate/individual/index.html?code=001382' target='_blank'><u>新亚电缆</u></a>"", ""agltgb"": ""0.63"", ""agssrq"": ""2025-03-21"", ""agzgb"": ""4.12"", ""bk"": ""主板"", ""gskzjglx"": ""否"", ""sfjybjqcy"": ""否"", ""sshymc"": ""C 制造业"", ""ylbz"": ""否""}",OFFICIAL_SZSE_BOARD_FIELD
SZSE,MAIN,A_SHARE,001386,马可波罗,2025-10-22,https://www.szse.cn/api/report/ShowReport/data?SHOWTYPE=JSON&CATALOGID=1110&TABKEY=tab1&PAGENO=26,"{""agdm"": ""001386"", ""agjc"": ""<a href='http://www.szse.cn/certificate/individual/index.html?code=001386' target='_blank'><u>马可波罗</u></a>"", ""agltgb"": ""1.07"", ""agssrq"": ""2025-10-22"", ""agzgb"": ""11.94"", ""bk"": ""主板"", ""gskzjglx"": ""否"", ""sfjybjqcy"": ""否"", ""sshymc"": ""C 制造业"", ""ylbz"": ""否""}",OFFICIAL_SZSE_BOARD_FIELD
SZSE,MAIN,A_SHARE,001387,雪祺电气,2024-01-11,https://www.szse.cn/api/report/ShowReport/data?SHOWTYPE=JSON&CATALOGID=1110&TABKEY=tab1&PAGENO=26,"{""agdm"": ""001387"", ""agjc"": ""<a href='http://www.szse.cn/certificate/individual/index.html?code=001387' target='_blank'><u>雪祺电气</u></a>"", ""agltgb"": ""1.16"", ""agssrq"": ""2024-01-11"", ""agzgb"": ""1.83"", ""bk"": ""主板"", ""gskzjglx"": ""否"", ""sfjybjqcy"": ""否"", ""sshymc"": ""C 制造业"", ""ylbz"": ""否""}",OFFICIAL_SZSE_BOARD_FIELD
SZSE,MAIN,A_SHARE,001388,信通电子,2025-07-01,https://www.szse.cn/api/report/ShowReport/data?SHOWTYPE=JSON&CATALOGID=1110&TABKEY=tab1&PAGENO=26,"{""agdm"": ""001388"", ""agjc"": ""<a href='http://www.szse.cn/certificate/individual/index.html?code=001388' target='_blank'><u>信通电子</u></a>"", ""agltgb"": ""1.25"", ""agssrq"": ""2025-07-01"", ""agzgb"": ""2.33"", ""bk"": ""主板"", ""gskzjglx"": ""否"", ""sfjybjqcy"": ""否"", ""sshymc"": ""C 制造业"", ""ylbz"": ""否""}",OFFICIAL_SZSE_BOARD_FIELD
SZSE,MAIN,A_SHARE,001389,广合科技,2024-04-02,https://www.szse.cn/api/report/ShowReport/data?SHOWTYPE=JSON&CATALOGID=1110&TABKEY=tab1&PAGENO=26,"{""agdm"": ""001389"", ""agjc"": ""<a href='http://www.szse.cn/certificate/individual/index.html?code=001389' target='_blank'><u>广合科技</u></a>"", ""agltgb"": ""1.52"", ""agssrq"": ""2024-04-02"", ""agzgb"": ""4.26"", ""bk"": ""主板"", ""gskzjglx"": ""否"", ""sfjybjqcy"": ""否"", ""sshymc"": ""C 制造业"", ""ylbz"": ""否""}",OFFICIAL_SZSE_BOARD_FIELD
SZSE,MAIN,A_SHARE,001390,古麒绒材,2025-05-29,https://www.szse.cn/api/report/ShowReport/data?SHOWTYPE=JSON&CATALOGID=1110&TABKEY=tab1&PAGENO=26,"{""agdm"": ""001390"", ""agjc"": ""<a href='http://www.szse.cn/certificate/individual/index.html?code=001390' target='_blank'><u>古麒绒材</u></a>"", ""agltgb"": ""1.18"", ""agssrq"": ""2025-05-29"", ""agzgb"": ""2.00"", ""bk"": ""主板"", ""gskzjglx"": ""否"", ""sfjybjqcy"": ""否"", ""sshymc"": ""C 制造业"", ""ylbz"": ""否""}",OFFICIAL_SZSE_BOARD_FIELD
SZSE,MAIN,A_SHARE,001391,国货航,2024-12-30,https://www.szse.cn/api/report/ShowReport/data?SHOWTYPE=JSON&CATALOGID=1110&TABKEY=tab1&PAGENO=27,"{""agdm"": ""001391"", ""agjc"": ""<a href='http://www.szse.cn/certificate/individual/index.html?code=001391' target='_blank'><u>国货航</u></a>"", ""agltgb"": ""15.19"", ""agssrq"": ""2024-12-30"", ""agzgb"": ""122.08"", ""bk"": ""主板"", ""gskzjglx"": ""否"", ""sfjybjqcy"": ""否"", ""sshymc"": ""G 运输仓储"", ""ylbz"": ""否""}",OFFICIAL_SZSE_BOARD_FIELD
SZSE,MAIN,A_SHARE,001393,维通利,2026-05-15,https://www.szse.cn/api/report/ShowReport/data?SHOWTYPE=JSON&CATALOGID=1110&TABKEY=tab1&PAGENO=27,"{""agdm"": ""001393"", ""agjc"": ""<a href='http://www.szse.cn/certificate/individual/index.html?code=001393' target='_blank'><u>维通利</u></a>"", ""agltgb"": ""0.48"", ""agssrq"": ""2026-05-15"", ""agzgb"": ""2.49"", ""bk"": ""主板"", ""gskzjglx"": ""否"", ""sfjybjqcy"": ""否"", ""sshymc"": ""C 制造业"", ""ylbz"": ""否""}",OFFICIAL_SZSE_BOARD_FIELD
SZSE,MAIN,A_SHARE,001395,亚联机械,2025-01-27,https://www.szse.cn/api/report/ShowReport/data?SHOWTYPE=JSON&CATALOGID=1110&TABKEY=tab1&PAGENO=27,"{""agdm"": ""001395"", ""agjc"": ""<a href='http://www.szse.cn/certificate/individual/index.html?code=001395' target='_blank'><u>亚联机械</u></a>"", ""agltgb"": ""0.53"", ""agssrq"": ""2025-01-27"", ""agzgb"": ""1.13"", ""bk"": ""主板"", ""gskzjglx"": ""否"", ""sfjybjqcy"": ""否"", ""sshymc"": ""C 制造业"", ""ylbz"": ""否""}",OFFICIAL_SZSE_BOARD_FIELD
SZSE,MAIN,A_SHARE,001396,誉帆科技,2025-12-30,https://www.szse.cn/api/report/ShowReport/data?SHOWTYPE=JSON&CATALOGID=1110&TABKEY=tab1&PAGENO=27,"{""agdm"": ""001396"", ""agjc"": ""<a href='http://www.szse.cn/certificate/individual/index.html?code=001396' target='_blank'><u>誉帆科技</u></a>"", ""agltgb"": ""0.22"", ""agssrq"": ""2025-12-30"", ""agzgb"": ""1.06"", ""bk"": ""主板"", ""gskzjglx"": ""否"", ""sfjybjqcy"": ""否"", ""sshymc"": ""M 科研服务"", ""ylbz"": ""否""}",OFFICIAL_SZSE_BOARD_FIELD
SZSE,MAIN,A_SHARE,001399,惠科股份,2026-06-26,https://www.szse.cn/api/report/ShowReport/data?SHOWTYPE=JSON&CATALOGID=1110&TABKEY=tab1&PAGENO=27,"{""agdm"": ""001399"", ""agjc"": ""<a href='http://www.szse.cn/certificate/individual/index.html?code=001399' target='_blank'><u>惠科股份</u></a>"", ""agltgb"": ""4.30"", ""agssrq"": ""2026-06-26"", ""agzgb"": ""72.97"", ""bk"": ""主板"", ""gskzjglx"": ""否"", ""sfjybjqcy"": ""否"", ""sshymc"": ""C 制造业"", ""ylbz"": ""否""}",OFFICIAL_SZSE_BOARD_FIELD
SZSE,MAIN,A_SHARE,001400,江顺科技,2025-04-24,https://www.szse.cn/api/report/ShowReport/data?SHOWTYPE=JSON&CATALOGID=1110&TABKEY=tab1&PAGENO=27,"{""agdm"": ""001400"", ""agjc"": ""<a href='http://www.szse.cn/certificate/individual/index.html?code=001400' target='_blank'><u>江顺科技</u></a>"", ""agltgb"": ""0.32"", ""agssrq"": ""2025-04-24"", ""agzgb"": ""0.84"", ""bk"": ""主板"", ""gskzjglx"": ""否"", ""sfjybjqcy"": ""否"", ""sshymc"": ""C 制造业"", ""ylbz"": ""否""}",OFFICIAL_SZSE_BOARD_FIELD
SZSE,MAIN,A_SHARE,001696,宗申动力,1997-03-06,https://www.szse.cn/api/report/ShowReport/data?SHOWTYPE=JSON&CATALOGID=1110&TABKEY=tab1&PAGENO=27,"{""agdm"": ""001696"", ""agjc"": ""<a href='http://www.szse.cn/certificate/individual/index.html?code=001696' target='_blank'><u>宗申动力</u></a>"", ""agltgb"": ""8.91"", ""agssrq"": ""1997-03-06"", ""agzgb"": ""11.45"", ""bk"": ""主板"", ""gskzjglx"": ""-"", ""sfjybjqcy"": ""-"", ""sshymc"": ""C 制造业"", ""ylbz"": ""-""}",OFFICIAL_SZSE_BOARD_FIELD
SZSE,MAIN,A_SHARE,001872,招商港口,1993-05-05,https://www.szse.cn/api/report/ShowReport/data?SHOWTYPE=JSON&CATALOGID=1110&TABKEY=tab1&PAGENO=27,"{""agdm"": ""001872"", ""agjc"": ""<a href='http://www.szse.cn/certificate/individual/index.html?code=001872' target='_blank'><u>招商港口</u></a>"", ""agltgb"": ""23.02"", ""agssrq"": ""1993-05-05"", ""agzgb"": ""23.02"", ""bk"": ""主板"", ""gskzjglx"": ""-"", ""sfjybjqcy"": ""-"", ""sshymc"": ""G 运输仓储"", ""ylbz"": ""-""}",OFFICIAL_SZSE_BOARD_FIELD
SZSE,MAIN,A_SHARE,001896,豫能控股,1998-01-22,https://www.szse.cn/api/report/ShowReport/data?SHOWTYPE=JSON&CATALOGID=1110&TABKEY=tab1&PAGENO=27,"{""agdm"": ""001896"", ""agjc"": ""<a href='http://www.szse.cn/certificate/individual/index.html?code=001896' target='_blank'><u>豫能控股</u></a>"", ""agltgb"": ""15.25"", ""agssrq"": ""1998-01-22"", ""agzgb"": ""15.25"", ""bk"": ""主板"", ""gskzjglx"": ""-"", ""sfjybjqcy"": ""-"", ""sshymc"": ""D 水电煤气"", ""ylbz"": ""-""}",OFFICIAL_SZSE_BOARD_FIELD
SZSE,MAIN,A_SHARE,001914,招商积余,1994-09-28,https://www.szse.cn/api/report/ShowReport/data?SHOWTYPE=JSON&CATALOGID=1110&TABKEY=tab1&PAGENO=27,"{""agdm"": ""001914"", ""agjc"": ""<a href='http://www.szse.cn/certificate/individual/index.html?code=001914' target='_blank'><u>招商积余</u></a>"", ""agltgb"": ""10.53"", ""agssrq"": ""1994-09-28"", ""agzgb"": ""10.53"", ""bk"": ""主板"", ""gskzjglx"": ""-"", ""sfjybjqcy"": ""-"", ""sshymc"": ""K 房地产"", ""ylbz"": ""-""}",OFFICIAL_SZSE_BOARD_FIELD
SZSE,MAIN,A_SHARE,001965,招商公路,2017-12-25,https://www.szse.cn/api/report/ShowReport/data?SHOWTYPE=JSON&CATALOGID=1110&TABKEY=tab1&PAGENO=27,"{""agdm"": ""001965"", ""agjc"": ""<a href='http://www.szse.cn/certificate/individual/index.html?code=001965' target='_blank'><u>招商公路</u></a>"", ""agltgb"": ""67.95"", ""agssrq"": ""2017-12-25"", ""agzgb"": ""67.95"", ""bk"": ""主板"", ""gskzjglx"": ""-"", ""sfjybjqcy"": ""-"", ""sshymc"": ""G 运输仓储"", ""ylbz"": ""-""}",OFFICIAL_SZSE_BOARD_FIELD
SZSE,MAIN,A_SHARE,001979,招商蛇口,2015-12-30,https://www.szse.cn/api/report/ShowReport/data?SHOWTYPE=JSON&CATALOGID=1110&TABKEY=tab1&PAGENO=27,"{""agdm"": ""001979"", ""agjc"": ""<a href='http://www.szse.cn/certificate/individual/index.html?code=001979' target='_blank'><u>招商蛇口</u></a>"", ""agltgb"": ""88.69"", ""agssrq"": ""2015-12-30"", ""agzgb"": ""90.16"", ""bk"": ""主板"", ""gskzjglx"": ""-"", ""sfjybjqcy"": ""-"", ""sshymc"": ""K 房地产"", ""ylbz"": ""-""}",OFFICIAL_SZSE_BOARD_FIELD
SZSE,MAIN,A_SHARE,002001,新 和 成,2004-06-25,https://www.szse.cn/api/report/ShowReport/data?SHOWTYPE=JSON&CATALOGID=1110&TABKEY=tab1&PAGENO=27,"{""agdm"": ""002001"", ""agjc"": ""<a href='http://www.szse.cn/certificate/individual/index.html?code=002001' target='_blank'><u>新 和 成</u></a>"", ""agltgb"": ""30.36"", ""agssrq"": ""2004-06-25"", ""agzgb"": ""30.73"", ""bk"": ""主板"", ""gskzjglx"": ""-"", ""sfjybjqcy"": ""-"", ""sshymc"": ""C 制造业"", ""ylbz"": ""-""}",OFFICIAL_SZSE_BOARD_FIELD
SZSE,MAIN,A_SHARE,002003,伟星股份,2004-06-25,https://www.szse.cn/api/report/ShowReport/data?SHOWTYPE=JSON&CATALOGID=1110&TABKEY=tab1&PAGENO=27,"{""agdm"": ""002003"", ""agjc"": ""<a href='http://www.szse.cn/certificate/individual/index.html?code=002003' target='_blank'><u>伟星股份</u></a>"", ""agltgb"": ""10.35"", ""agssrq"": ""2004-06-25"", ""agzgb"": ""11.88"", ""bk"": ""主板"", ""gskzjglx"": ""-"", ""sfjybjqcy"": ""-"", ""sshymc"": ""C 制造业"", ""ylbz"": ""-""}",OFFICIAL_SZSE_BOARD_FIELD
SZSE,MAIN,A_SHARE,002004,华邦健康,2004-06-25,https://www.szse.cn/api/report/ShowReport/data?SHOWTYPE=JSON&CATALOGID=1110&TABKEY=tab1&PAGENO=27,"{""agdm"": ""002004"", ""agjc"": ""<a href='http://www.szse.cn/certificate/individual/index.html?code=002004' target='_blank'><u>华邦健康</u></a>"", ""agltgb"": ""18.85"", ""agssrq"": ""2004-06-25"", ""agzgb"": ""19.79"", ""bk"": ""主板"", ""gskzjglx"": ""-"", ""sfjybjqcy"": ""-"", ""sshymc"": ""C 制造业"", ""ylbz"": ""-""}",OFFICIAL_SZSE_BOARD_FIELD
SZSE,MAIN,A_SHARE,002005,德豪润达,2004-06-25,https://www.szse.cn/api/report/ShowReport/data?SHOWTYPE=JSON&CATALOGID=1110&TABKEY=tab1&PAGENO=27,"{""agdm"": ""002005"", ""agjc"": ""<a href='http://www.szse.cn/certificate/individual/index.html?code=002005' target='_blank'><u>德豪润达</u></a>"", ""agltgb"": ""17.51"", ""agssrq"": ""2004-06-25"", ""agzgb"": ""17.52"", ""bk"": ""主板"", ""gskzjglx"": ""-"", ""sfjybjqcy"": ""-"", ""sshymc"": ""C 制造业"", ""ylbz"": ""-""}",OFFICIAL_SZSE_BOARD_FIELD
SZSE,MAIN,A_SHARE,002006,精工科技,2004-06-25,https://www.szse.cn/api/report/ShowReport/data?SHOWTYPE=JSON&CATALOGID=1110&TABKEY=tab1&PAGENO=27,"{""agdm"": ""002006"", ""agjc"": ""<a href='http://www.szse.cn/certificate/individual/index.html?code=002006' target='_blank'><u>精工科技</u></a>"", ""agltgb"": ""5.19"", ""agssrq"": ""2004-06-25"", ""agzgb"": ""5.19"", ""bk"": ""主板"", ""gskzjglx"": ""-"", ""sfjybjqcy"": ""-"", ""sshymc"": ""C 制造业"", ""ylbz"": ""-""}",OFFICIAL_SZSE_BOARD_FIELD
SZSE,MAIN,A_SHARE,002007,华兰生物,2004-06-25,https://www.szse.cn/api/report/ShowReport/data?SHOWTYPE=JSON&CATALOGID=1110&TABKEY=tab1&PAGENO=27,"{""agdm"": ""002007"", ""agjc"": ""<a href='http://www.szse.cn/certificate/individual/index.html?code=002007' target='_blank'><u>华兰生物</u></a>"", ""agltgb"": ""15.73"", ""agssrq"": ""2004-06-25"", ""agzgb"": ""18.25"", ""bk"": ""主板"", ""gskzjglx"": ""-"", ""sfjybjqcy"": ""-"", ""sshymc"": ""C 制造业"", ""ylbz"": ""-""}",OFFICIAL_SZSE_BOARD_FIELD
SZSE,MAIN,A_SHARE,002008,大族激光,2004-06-25,https://www.szse.cn/api/report/ShowReport/data?SHOWTYPE=JSON&CATALOGID=1110&TABKEY=tab1&PAGENO=27,"{""agdm"": ""002008"", ""agjc"": ""<a href='http://www.szse.cn/certificate/individual/index.html?code=002008' target='_blank'><u>大族激光</u></a>"", ""agltgb"": ""9.56"", ""agssrq"": ""2004-06-25"", ""agzgb"": ""10.29"", ""bk"": ""主板"", ""gskzjglx"": ""-"", ""sfjybjqcy"": ""-"", ""sshymc"": ""C 制造业"", ""ylbz"": ""-""}",OFFICIAL_SZSE_BOARD_FIELD
SZSE,MAIN,A_SHARE,002009,天奇股份,2004-06-29,https://www.szse.cn/api/report/ShowReport/data?SHOWTYPE=JSON&CATALOGID=1110&TABKEY=tab1&PAGENO=27,"{""agdm"": ""002009"", ""agjc"": ""<a href='http://www.szse.cn/certificate/individual/index.html?code=002009' target='_blank'><u>天奇股份</u></a>"", ""agltgb"": ""3.54"", ""agssrq"": ""2004-06-29"", ""agzgb"": ""4.02"", ""bk"": ""主板"", ""gskzjglx"": ""-"", ""sfjybjqcy"": ""-"", ""sshymc"": ""C 制造业"", ""ylbz"": ""-""}",OFFICIAL_SZSE_BOARD_FIELD
SZSE,MAIN,A_SHARE,002010,传化智联,2004-06-29,https://www.szse.cn/api/report/ShowReport/data?SHOWTYPE=JSON&CATALOGID=1110&TABKEY=tab1&PAGENO=28,"{""agdm"": ""002010"", ""agjc"": ""<a href='http://www.szse.cn/certificate/individual/index.html?code=002010' target='_blank'><u>传化智联</u></a>"", ""agltgb"": ""27.57"", ""agssrq"": ""2004-06-29"", ""agzgb"": ""27.64"", ""bk"": ""主板"", ""gskzjglx"": ""-"", ""sfjybjqcy"": ""-"", ""sshymc"": ""L 商务服务"", ""ylbz"": ""-""}",OFFICIAL_SZSE_BOARD_FIELD
SZSE,MAIN,A_SHARE,002011,盾安环境,2004-07-05,https://www.szse.cn/api/report/ShowReport/data?SHOWTYPE=JSON&CATALOGID=1110&TABKEY=tab1&PAGENO=28,"{""agdm"": ""002011"", ""agjc"": ""<a href='http://www.szse.cn/certificate/individual/index.html?code=002011' target='_blank'><u>盾安环境</u></a>"", ""agltgb"": ""10.61"", ""agssrq"": ""2004-07-05"", ""agzgb"": ""10.74"", ""bk"": ""主板"", ""gskzjglx"": ""-"", ""sfjybjqcy"": ""-"", ""sshymc"": ""C 制造业"", ""ylbz"": ""-""}",OFFICIAL_SZSE_BOARD_FIELD
SZSE,MAIN,A_SHARE,002012,凯恩股份,2004-07-05,https://www.szse.cn/api/report/ShowReport/data?SHOWTYPE=JSON&CATALOGID=1110&TABKEY=tab1&PAGENO=28,"{""agdm"": ""002012"", ""agjc"": ""<a href='http://www.szse.cn/certificate/individual/index.html?code=002012' target='_blank'><u>凯恩股份</u></a>"", ""agltgb"": ""4.67"", ""agssrq"": ""2004-07-05"", ""agzgb"": ""4.67"", ""bk"": ""主板"", ""gskzjglx"": ""-"", ""sfjybjqcy"": ""-"", ""sshymc"": ""C 制造业"", ""ylbz"": ""-""}",OFFICIAL_SZSE_BOARD_FIELD
SZSE,MAIN,A_SHARE,002014,永新股份,2004-07-08,https://www.szse.cn/api/report/ShowReport/data?SHOWTYPE=JSON&CATALOGID=1110&TABKEY=tab1&PAGENO=28,"{""agdm"": ""002014"", ""agjc"": ""<a href='http://www.szse.cn/certificate/individual/index.html?code=002014' target='_blank'><u>永新股份</u></a>"", ""agltgb"": ""6.10"", ""agssrq"": ""2004-07-08"", ""agzgb"": ""6.12"", ""bk"": ""主板"", ""gskzjglx"": ""-"", ""sfjybjqcy"": ""-"", ""sshymc"": ""C 制造业"", ""ylbz"": ""-""}",OFFICIAL_SZSE_BOARD_FIELD
SZSE,MAIN,A_SHARE,002015,协鑫能科,2004-07-08,https://www.szse.cn/api/report/ShowReport/data?SHOWTYPE=JSON&CATALOGID=1110&TABKEY=tab1&PAGENO=28,"{""agdm"": ""002015"", ""agjc"": ""<a href='http://www.szse.cn/certificate/individual/index.html?code=002015' target='_blank'><u>协鑫能科</u></a>"", ""agltgb"": ""16.23"", ""agssrq"": ""2004-07-08"", ""agzgb"": ""16.23"", ""bk"": ""主板"", ""gskzjglx"": ""-"", ""sfjybjqcy"": ""-"", ""sshymc"": ""D 水电煤气"", ""ylbz"": ""-""}",OFFICIAL_SZSE_BOARD_FIELD
SZSE,MAIN,A_SHARE,002016,世荣兆业,2004-07-08,https://www.szse.cn/api/report/ShowReport/data?SHOWTYPE=JSON&CATALOGID=1110&TABKEY=tab1&PAGENO=28,"{""agdm"": ""002016"", ""agjc"": ""<a href='http://www.szse.cn/certificate/individual/index.html?code=002016' target='_blank'><u>世荣兆业</u></a>"", ""agltgb"": ""8.09"", ""agssrq"": ""2004-07-08"", ""agzgb"": ""8.09"", ""bk"": ""主板"", ""gskzjglx"": ""-"", ""sfjybjqcy"": ""-"", ""sshymc"": ""K 房地产"", ""ylbz"": ""-""}",OFFICIAL_SZSE_BOARD_FIELD
SZSE,MAIN,A_SHARE,002017,东信和平,2004-07-13,https://www.szse.cn/api/report/ShowReport/data?SHOWTYPE=JSON&CATALOGID=1110&TABKEY=tab1&PAGENO=28,"{""agdm"": ""002017"", ""agjc"": ""<a href='http://www.szse.cn/certificate/individual/index.html?code=002017' target='_blank'><u>东信和平</u></a>"", ""agltgb"": ""5.80"", ""agssrq"": ""2004-07-13"", ""agzgb"": ""5.80"", ""bk"": ""主板"", ""gskzjglx"": ""-"", ""sfjybjqcy"": ""-"", ""sshymc"": ""C 制造业"", ""ylbz"": ""-""}",OFFICIAL_SZSE_BOARD_FIELD
SZSE,MAIN,A_SHARE,002019,亿帆医药,2004-07-13,https://www.szse.cn/api/report/ShowReport/data?SHOWTYPE=JSON&CATALOGID=1110&TABKEY=tab1&PAGENO=28,"{""agdm"": ""002019"", ""agjc"": ""<a href='http://www.szse.cn/certificate/individual/index.html?code=002019' target='_blank'><u>亿帆医药</u></a>"", ""agltgb"": ""8.42"", ""agssrq"": ""2004-07-13"", ""agzgb"": ""12.16"", ""bk"": ""主板"", ""gskzjglx"": ""-"", ""sfjybjqcy"": ""-"", ""sshymc"": ""C 制造业"", ""ylbz"": ""-""}",OFFICIAL_SZSE_BOARD_FIELD
SZSE,MAIN,A_SHARE,002020,京新药业,2004-07-15,https://www.szse.cn/api/report/ShowReport/data?SHOWTYPE=JSON&CATALOGID=1110&TABKEY=tab1&PAGENO=28,"{""agdm"": ""002020"", ""agjc"": ""<a href='http://www.szse.cn/certificate/individual/index.html?code=002020' target='_blank'><u>京新药业</u></a>"", ""agltgb"": ""7.23"", ""agssrq"": ""2004-07-15"", ""agzgb"": ""8.61"", ""bk"": ""主板"", ""gskzjglx"": ""-"", ""sfjybjqcy"": ""-"", ""sshymc"": ""C 制造业"", ""ylbz"": ""-""}",OFFICIAL_SZSE_BOARD_FIELD
SZSE,MAIN,A_SHARE,002021,中捷资源,2004-07-15,https://www.szse.cn/api/report/ShowReport/data?SHOWTYPE=JSON&CATALOGID=1110&TABKEY=tab1&PAGENO=28,"{""agdm"": ""002021"", ""agjc"": ""<a href='http://www.szse.cn/certificate/individual/index.html?code=002021' target='_blank'><u>中捷资源</u></a>"", ""agltgb"": ""11.95"", ""agssrq"": ""2004-07-15"", ""agzgb"": ""11.95"", ""bk"": ""主板"", ""gskzjglx"": ""-"", ""sfjybjqcy"": ""-"", ""sshymc"": ""C 制造业"", ""ylbz"": ""-""}",OFFICIAL_SZSE_BOARD_FIELD
SZSE,MAIN,A_SHARE,002022,科华生物,2004-07-21,https://www.szse.cn/api/report/ShowReport/data?SHOWTYPE=JSON&CATALOGID=1110&TABKEY=tab1&PAGENO=28,"{""agdm"": ""002022"", ""agjc"": ""<a href='http://www.szse.cn/certificate/individual/index.html?code=002022' target='_blank'><u>科华生物</u></a>"", ""agltgb"": ""5.14"", ""agssrq"": ""2004-07-21"", ""agzgb"": ""5.14"", ""bk"": ""主板"", ""gskzjglx"": ""-"", ""sfjybjqcy"": ""-"", ""sshymc"": ""C 制造业"", ""ylbz"": ""-""}",OFFICIAL_SZSE_BOARD_FIELD
SZSE,MAIN,A_SHARE,002023,海特高新,2004-07-21,https://www.szse.cn/api/report/ShowReport/data?SHOWTYPE=JSON&CATALOGID=1110&TABKEY=tab1&PAGENO=28,"{""agdm"": ""002023"", ""agjc"": ""<a href='http://www.szse.cn/certificate/individual/index.html?code=002023' target='_blank'><u>海特高新</u></a>"", ""agltgb"": ""7.40"", ""agssrq"": ""2004-07-21"", ""agzgb"": ""7.40"", ""bk"": ""主板"", ""gskzjglx"": ""-"", ""sfjybjqcy"": ""-"", ""sshymc"": ""C 制造业"", ""ylbz"": ""-""}",OFFICIAL_SZSE_BOARD_FIELD
SZSE,MAIN,A_SHARE,002024,ST易购,2004-07-21,https://www.szse.cn/api/report/ShowReport/data?SHOWTYPE=JSON&CATALOGID=1110&TABKEY=tab1&PAGENO=28,"{""agdm"": ""002024"", ""agjc"": ""<a href='http://www.szse.cn/certificate/individual/index.html?code=002024' target='_blank'><u>ST易购</u></a>"", ""agltgb"": ""92.52"", ""agssrq"": ""2004-07-21"", ""agzgb"": ""92.64"", ""bk"": ""主板"", ""gskzjglx"": ""-"", ""sfjybjqcy"": ""-"", ""sshymc"": ""F 批发零售"", ""ylbz"": ""-""}",OFFICIAL_SZSE_BOARD_FIELD
SZSE,MAIN,A_SHARE,002025,航天电器,2004-07-26,https://www.szse.cn/api/report/ShowReport/data?SHOWTYPE=JSON&CATALOGID=1110&TABKEY=tab1&PAGENO=28,"{""agdm"": ""002025"", ""agjc"": ""<a href='http://www.szse.cn/certificate/individual/index.html?code=002025' target='_blank'><u>航天电器</u></a>"", ""agltgb"": ""4.53"", ""agssrq"": ""2004-07-26"", ""agzgb"": ""4.54"", ""bk"": ""主板"", ""gskzjglx"": ""-"", ""sfjybjqcy"": ""-"", ""sshymc"": ""C 制造业"", ""ylbz"": ""-""}",OFFICIAL_SZSE_BOARD_FIELD
SZSE,MAIN,A_SHARE,002026,山东威达,2004-07-27,https://www.szse.cn/api/report/ShowReport/data?SHOWTYPE=JSON&CATALOGID=1110&TABKEY=tab1&PAGENO=28,"{""agdm"": ""002026"", ""agjc"": ""<a href='http://www.szse.cn/certificate/individual/index.html?code=002026' target='_blank'><u>山东威达</u></a>"", ""agltgb"": ""4.40"", ""agssrq"": ""2004-07-27"", ""agzgb"": ""4.40"", ""bk"": ""主板"", ""gskzjglx"": ""-"", ""sfjybjqcy"": ""-"", ""sshymc"": ""C 制造业"", ""ylbz"": ""-""}",OFFICIAL_SZSE_BOARD_FIELD
SZSE,MAIN,A_SHARE,002027,分众传媒,2004-08-04,https://www.szse.cn/api/report/ShowReport/data?SHOWTYPE=JSON&CATALOGID=1110&TABKEY=tab1&PAGENO=28,"{""agdm"": ""002027"", ""agjc"": ""<a href='http://www.szse.cn/certificate/individual/index.html?code=002027' target='_blank'><u>分众传媒</u></a>"", ""agltgb"": ""144.42"", ""agssrq"": ""2004-08-04"", ""agzgb"": ""144.42"", ""bk"": ""主板"", ""gskzjglx"": ""-"", ""sfjybjqcy"": ""-"", ""sshymc"": ""L 商务服务"", ""ylbz"": ""-""}",OFFICIAL_SZSE_BOARD_FIELD
SZSE,MAIN,A_SHARE,002028,思源电气,2004-08-05,https://www.szse.cn/api/report/ShowReport/data?SHOWTYPE=JSON&CATALOGID=1110&TABKEY=tab1&PAGENO=28,"{""agdm"": ""002028"", ""agjc"": ""<a href='http://www.szse.cn/certificate/individual/index.html?code=002028' target='_blank'><u>思源电气</u></a>"", ""agltgb"": ""6.10"", ""agssrq"": ""2004-08-05"", ""agzgb"": ""7.82"", ""bk"": ""主板"", ""gskzjglx"": ""-"", ""sfjybjqcy"": ""-"", ""sshymc"": ""C 制造业"", ""ylbz"": ""-""}",OFFICIAL_SZSE_BOARD_FIELD
SZSE,MAIN,A_SHARE,002029,七 匹 狼,2004-08-06,https://www.szse.cn/api/report/ShowReport/data?SHOWTYPE=JSON&CATALOGID=1110&TABKEY=tab1&PAGENO=28,"{""agdm"": ""002029"", ""agjc"": ""<a href='http://www.szse.cn/certificate/individual/index.html?code=002029' target='_blank'><u>七 匹 狼</u></a>"", ""agltgb"": ""6.65"", ""agssrq"": ""2004-08-06"", ""agzgb"": ""7.05"", ""bk"": ""主板"", ""gskzjglx"": ""-"", ""sfjybjqcy"": ""-"", ""sshymc"": ""C 制造业"", ""ylbz"": ""-""}",OFFICIAL_SZSE_BOARD_FIELD
SZSE,MAIN,A_SHARE,002030,达安基因,2004-08-09,https://www.szse.cn/api/report/ShowReport/data?SHOWTYPE=JSON&CATALOGID=1110&TABKEY=tab1&PAGENO=28,"{""agdm"": ""002030"", ""agjc"": ""<a href='http://www.szse.cn/certificate/individual/index.html?code=002030' target='_blank'><u>达安基因</u></a>"", ""agltgb"": ""14.03"", ""agssrq"": ""2004-08-09"", ""agzgb"": ""14.03"", ""bk"": ""主板"", ""gskzjglx"": ""-"", ""sfjybjqcy"": ""-"", ""sshymc"": ""C 制造业"", ""ylbz"": ""-""}",OFFICIAL_SZSE_BOARD_FIELD
SZSE,MAIN,A_SHARE,002031,巨轮智能,2004-08-16,https://www.szse.cn/api/report/ShowReport/data?SHOWTYPE=JSON&CATALOGID=1110&TABKEY=tab1&PAGENO=28,"{""agdm"": ""002031"", ""agjc"": ""<a href='http://www.szse.cn/certificate/individual/index.html?code=002031' target='_blank'><u>巨轮智能</u></a>"", ""agltgb"": ""21.99"", ""agssrq"": ""2004-08-16"", ""agzgb"": ""21.99"", ""bk"": ""主板"", ""gskzjglx"": ""-"", ""sfjybjqcy"": ""-"", ""sshymc"": ""C 制造业"", ""ylbz"": ""-""}",OFFICIAL_SZSE_BOARD_FIELD
SZSE,MAIN,A_SHARE,002032,苏 泊 尔,2004-08-17,https://www.szse.cn/api/report/ShowReport/data?SHOWTYPE=JSON&CATALOGID=1110&TABKEY=tab1&PAGENO=29,"{""agdm"": ""002032"", ""agjc"": ""<a href='http://www.szse.cn/certificate/individual/index.html?code=002032' target='_blank'><u>苏 泊 尔</u></a>"", ""agltgb"": ""7.99"", ""agssrq"": ""2004-08-17"", ""agzgb"": ""7.99"", ""bk"": ""主板"", ""gskzjglx"": ""-"", ""sfjybjqcy"": ""-"", ""sshymc"": ""C 制造业"", ""ylbz"": ""-""}",OFFICIAL_SZSE_BOARD_FIELD
SZSE,MAIN,A_SHARE,002033,丽江股份,2004-08-25,https://www.szse.cn/api/report/ShowReport/data?SHOWTYPE=JSON&CATALOGID=1110&TABKEY=tab1&PAGENO=29,"{""agdm"": ""002033"", ""agjc"": ""<a href='http://www.szse.cn/certificate/individual/index.html?code=002033' target='_blank'><u>丽江股份</u></a>"", ""agltgb"": ""5.49"", ""agssrq"": ""2004-08-25"", ""agzgb"": ""5.49"", ""bk"": ""主板"", ""gskzjglx"": ""-"", ""sfjybjqcy"": ""-"", ""sshymc"": ""N 公共环保"", ""ylbz"": ""-""}",OFFICIAL_SZSE_BOARD_FIELD
SZSE,MAIN,A_SHARE,002034,旺能环境,2004-08-26,https://www.szse.cn/api/report/ShowReport/data?SHOWTYPE=JSON&CATALOGID=1110&TABKEY=tab1&PAGENO=29,"{""agdm"": ""002034"", ""agjc"": ""<a href='http://www.szse.cn/certificate/individual/index.html?code=002034' target='_blank'><u>旺能环境</u></a>"", ""agltgb"": ""5.14"", ""agssrq"": ""2004-08-26"", ""agzgb"": ""5.16"", ""bk"": ""主板"", ""gskzjglx"": ""-"", ""sfjybjqcy"": ""-"", ""sshymc"": ""D 水电煤气"", ""ylbz"": ""-""}",OFFICIAL_SZSE_BOARD_FIELD
SZSE,MAIN,A_SHARE,002035,华帝股份,2004-09-01,https://www.szse.cn/api/report/ShowReport/data?SHOWTYPE=JSON&CATALOGID=1110&TABKEY=tab1&PAGENO=29,"{""agdm"": ""002035"", ""agjc"": ""<a href='http://www.szse.cn/certificate/individual/index.html?code=002035' target='_blank'><u>华帝股份</u></a>"", ""agltgb"": ""7.82"", ""agssrq"": ""2004-09-01"", ""agzgb"": ""8.47"", ""bk"": ""主板"", ""gskzjglx"": ""-"", ""sfjybjqcy"": ""-"", ""sshymc"": ""C 制造业"", ""ylbz"": ""-""}",OFFICIAL_SZSE_BOARD_FIELD
SZSE,MAIN,A_SHARE,002036,联创电子,2004-09-03,https://www.szse.cn/api/report/ShowReport/data?SHOWTYPE=JSON&CATALOGID=1110&TABKEY=tab1&PAGENO=29,"{""agdm"": ""002036"", ""agjc"": ""<a href='http://www.szse.cn/certificate/individual/index.html?code=002036' target='_blank'><u>联创电子</u></a>"", ""agltgb"": ""10.55"", ""agssrq"": ""2004-09-03"", ""agzgb"": ""10.57"", ""bk"": ""主板"", ""gskzjglx"": ""-"", ""sfjybjqcy"": ""-"", ""sshymc"": ""C 制造业"", ""ylbz"": ""-""}",OFFICIAL_SZSE_BOARD_FIELD
SZSE,MAIN,A_SHARE,002037,保利联合,2004-09-08,https://www.szse.cn/api/report/ShowReport/data?SHOWTYPE=JSON&CATALOGID=1110&TABKEY=tab1&PAGENO=29,"{""agdm"": ""002037"", ""agjc"": ""<a href='http://www.szse.cn/certificate/individual/index.html?code=002037' target='_blank'><u>保利联合</u></a>"", ""agltgb"": ""4.83"", ""agssrq"": ""2004-09-08"", ""agzgb"": ""4.83"", ""bk"": ""主板"", ""gskzjglx"": ""-"", ""sfjybjqcy"": ""-"", ""sshymc"": ""C 制造业"", ""ylbz"": ""-""}",OFFICIAL_SZSE_BOARD_FIELD
SZSE,MAIN,A_SHARE,002038,双鹭药业,2004-09-09,https://www.szse.cn/api/report/ShowReport/data?SHOWTYPE=JSON&CATALOGID=1110&TABKEY=tab1&PAGENO=29,"{""agdm"": ""002038"", ""agjc"": ""<a href='http://www.szse.cn/certificate/individual/index.html?code=002038' target='_blank'><u>双鹭药业</u></a>"", ""agltgb"": ""8.52"", ""agssrq"": ""2004-09-09"", ""agzgb"": ""10.27"", ""bk"": ""主板"", ""gskzjglx"": ""-"", ""sfjybjqcy"": ""-"", ""sshymc"": ""C 制造业"", ""ylbz"": ""-""}",OFFICIAL_SZSE_BOARD_FIELD
SZSE,MAIN,A_SHARE,002039,黔源电力,2005-03-03,https://www.szse.cn/api/report/ShowReport/data?SHOWTYPE=JSON&CATALOGID=1110&TABKEY=tab1&PAGENO=29,"{""agdm"": ""002039"", ""agjc"": ""<a href='http://www.szse.cn/certificate/individual/index.html?code=002039' target='_blank'><u>黔源电力</u></a>"", ""agltgb"": ""4.27"", ""agssrq"": ""2005-03-03"", ""agzgb"": ""4.27"", ""bk"": ""主板"", ""gskzjglx"": ""-"", ""sfjybjqcy"": ""-"", ""sshymc"": ""D 水电煤气"", ""ylbz"": ""-""}",OFFICIAL_SZSE_BOARD_FIELD
SZSE,MAIN,A_SHARE,002040,南 京 港,2005-03-25,https://www.szse.cn/api/report/ShowReport/data?SHOWTYPE=JSON&CATALOGID=1110&TABKEY=tab1&PAGENO=29,"{""agdm"": ""002040"", ""agjc"": ""<a href='http://www.szse.cn/certificate/individual/index.html?code=002040' target='_blank'><u>南 京 港</u></a>"", ""agltgb"": ""4.85"", ""agssrq"": ""2005-03-25"", ""agzgb"": ""4.86"", ""bk"": ""主板"", ""gskzjglx"": ""-"", ""sfjybjqcy"": ""-"", ""sshymc"": ""G 运输仓储"", ""ylbz"": ""-""}",OFFICIAL_SZSE_BOARD_FIELD
SZSE,MAIN,A_SHARE,002041,登海种业,2005-04-18,https://www.szse.cn/api/report/ShowReport/data?SHOWTYPE=JSON&CATALOGID=1110&TABKEY=tab1&PAGENO=29,"{""agdm"": ""002041"", ""agjc"": ""<a href='http://www.szse.cn/certificate/individual/index.html?code=002041' target='_blank'><u>登海种业</u></a>"", ""agltgb"": ""8.80"", ""agssrq"": ""2005-04-18"", ""agzgb"": ""8.80"", ""bk"": ""主板"", ""gskzjglx"": ""-"", ""sfjybjqcy"": ""-"", ""sshymc"": ""A 农林牧渔"", ""ylbz"": ""-""}",OFFICIAL_SZSE_BOARD_FIELD
SZSE,MAIN,A_SHARE,002042,华孚时尚,2005-04-27,https://www.szse.cn/api/report/ShowReport/data?SHOWTYPE=JSON&CATALOGID=1110&TABKEY=tab1&PAGENO=29,"{""agdm"": ""002042"", ""agjc"": ""<a href='http://www.szse.cn/certificate/individual/index.html?code=002042' target='_blank'><u>华孚时尚</u></a>"", ""agltgb"": ""17.00"", ""agssrq"": ""2005-04-27"", ""agzgb"": ""17.00"", ""bk"": ""主板"", ""gskzjglx"": ""-"", ""sfjybjqcy"": ""-"", ""sshymc"": ""C 制造业"", ""ylbz"": ""-""}",OFFICIAL_SZSE_BOARD_FIELD
SZSE,MAIN,A_SHARE,002043,兔 宝 宝,2005-05-10,https://www.szse.cn/api/report/ShowReport/data?SHOWTYPE=JSON&CATALOGID=1110&TABKEY=tab1&PAGENO=29,"{""agdm"": ""002043"", ""agjc"": ""<a href='http://www.szse.cn/certificate/individual/index.html?code=002043' target='_blank'><u>兔 宝 宝</u></a>"", ""agltgb"": ""8.06"", ""agssrq"": ""2005-05-10"", ""agzgb"": ""8.29"", ""bk"": ""主板"", ""gskzjglx"": ""-"", ""sfjybjqcy"": ""-"", ""sshymc"": ""C 制造业"", ""ylbz"": ""-""}",OFFICIAL_SZSE_BOARD_FIELD
SZSE,MAIN,A_SHARE,002044,美年健康,2005-05-18,https://www.szse.cn/api/report/ShowReport/data?SHOWTYPE=JSON&CATALOGID=1110&TABKEY=tab1&PAGENO=29,"{""agdm"": ""002044"", ""agjc"": ""<a href='http://www.szse.cn/certificate/individual/index.html?code=002044' target='_blank'><u>美年健康</u></a>"", ""agltgb"": ""38.74"", ""agssrq"": ""2005-05-18"", ""agzgb"": ""39.14"", ""bk"": ""主板"", ""gskzjglx"": ""-"", ""sfjybjqcy"": ""-"", ""sshymc"": ""Q 卫生"", ""ylbz"": ""-""}",OFFICIAL_SZSE_BOARD_FIELD
SZSE,MAIN,A_SHARE,002045,国光电器,2005-05-23,https://www.szse.cn/api/report/ShowReport/data?SHOWTYPE=JSON&CATALOGID=1110&TABKEY=tab1&PAGENO=29,"{""agdm"": ""002045"", ""agjc"": ""<a href='http://www.szse.cn/certificate/individual/index.html?code=002045' target='_blank'><u>国光电器</u></a>"", ""agltgb"": ""5.61"", ""agssrq"": ""2005-05-23"", ""agzgb"": ""5.62"", ""bk"": ""主板"", ""gskzjglx"": ""-"", ""sfjybjqcy"": ""-"", ""sshymc"": ""C 制造业"", ""ylbz"": ""-""}",OFFICIAL_SZSE_BOARD_FIELD
SZSE,MAIN,A_SHARE,002046,国机精工,2005-05-26,https://www.szse.cn/api/report/ShowReport/data?SHOWTYPE=JSON&CATALOGID=1110&TABKEY=tab1&PAGENO=29,"{""agdm"": ""002046"", ""agjc"": ""<a href='http://www.szse.cn/certificate/individual/index.html?code=002046' target='_blank'><u>国机精工</u></a>"", ""agltgb"": ""5.30"", ""agssrq"": ""2005-05-26"", ""agzgb"": ""5.36"", ""bk"": ""主板"", ""gskzjglx"": ""-"", ""sfjybjqcy"": ""-"", ""sshymc"": ""C 制造业"", ""ylbz"": ""-""}",OFFICIAL_SZSE_BOARD_FIELD
SZSE,MAIN,A_SHARE,002047,宝鹰股份,2005-05-31,https://www.szse.cn/api/report/ShowReport/data?SHOWTYPE=JSON&CATALOGID=1110&TABKEY=tab1&PAGENO=29,"{""agdm"": ""002047"", ""agjc"": ""<a href='http://www.szse.cn/certificate/individual/index.html?code=002047' target='_blank'><u>宝鹰股份</u></a>"", ""agltgb"": ""15.16"", ""agssrq"": ""2005-05-31"", ""agzgb"": ""15.16"", ""bk"": ""主板"", ""gskzjglx"": ""-"", ""sfjybjqcy"": ""-"", ""sshymc"": ""E 建筑业"", ""ylbz"": ""-""}",OFFICIAL_SZSE_BOARD_FIELD
SZSE,MAIN,A_SHARE,002048,宁波华翔,2005-06-03,https://www.szse.cn/api/report/ShowReport/data?SHOWTYPE=JSON&CATALOGID=1110&TABKEY=tab1&PAGENO=29,"{""agdm"": ""002048"", ""agjc"": ""<a href='http://www.szse.cn/certificate/individual/index.html?code=002048' target='_blank'><u>宁波华翔</u></a>"", ""agltgb"": ""7.08"", ""agssrq"": ""2005-06-03"", ""agzgb"": ""8.12"", ""bk"": ""主板"", ""gskzjglx"": ""-"", ""sfjybjqcy"": ""-"", ""sshymc"": ""C 制造业"", ""ylbz"": ""-""}",OFFICIAL_SZSE_BOARD_FIELD
SZSE,MAIN,A_SHARE,002049,紫光国微,2005-06-06,https://www.szse.cn/api/report/ShowReport/data?SHOWTYPE=JSON&CATALOGID=1110&TABKEY=tab1&PAGENO=29,"{""agdm"": ""002049"", ""agjc"": ""<a href='http://www.szse.cn/certificate/individual/index.html?code=002049' target='_blank'><u>紫光国微</u></a>"", ""agltgb"": ""8.43"", ""agssrq"": ""2005-06-06"", ""agzgb"": ""8.43"", ""bk"": ""主板"", ""gskzjglx"": ""-"", ""sfjybjqcy"": ""-"", ""sshymc"": ""C 制造业"", ""ylbz"": ""-""}",OFFICIAL_SZSE_BOARD_FIELD
SZSE,MAIN,A_SHARE,002050,三花智控,2005-06-07,https://www.szse.cn/api/report/ShowReport/data?SHOWTYPE=JSON&CATALOGID=1110&TABKEY=tab1&PAGENO=29,"{""agdm"": ""002050"", ""agjc"": ""<a href='http://www.szse.cn/certificate/individual/index.html?code=002050' target='_blank'><u>三花智控</u></a>"", ""agltgb"": ""36.91"", ""agssrq"": ""2005-06-07"", ""agzgb"": ""37.31"", ""bk"": ""主板"", ""gskzjglx"": ""-"", ""sfjybjqcy"": ""-"", ""sshymc"": ""C 制造业"", ""ylbz"": ""-""}",OFFICIAL_SZSE_BOARD_FIELD
SZSE,MAIN,A_SHARE,002051,中工国际,2006-06-19,https://www.szse.cn/api/report/ShowReport/data?SHOWTYPE=JSON&CATALOGID=1110&TABKEY=tab1&PAGENO=29,"{""agdm"": ""002051"", ""agjc"": ""<a href='http://www.szse.cn/certificate/individual/index.html?code=002051' target='_blank'><u>中工国际</u></a>"", ""agltgb"": ""12.26"", ""agssrq"": ""2006-06-19"", ""agzgb"": ""12.26"", ""bk"": ""主板"", ""gskzjglx"": ""-"", ""sfjybjqcy"": ""-"", ""sshymc"": ""E 建筑业"", ""ylbz"": ""-""}",OFFICIAL_SZSE_BOARD_FIELD
SZSE,MAIN,A_SHARE,002052,同洲电子,2006-06-27,https://www.szse.cn/api/report/ShowReport/data?SHOWTYPE=JSON&CATALOGID=1110&TABKEY=tab1&PAGENO=30,"{""agdm"": ""002052"", ""agjc"": ""<a href='http://www.szse.cn/certificate/individual/index.html?code=002052' target='_blank'><u>同洲电子</u></a>"", ""agltgb"": ""6.89"", ""agssrq"": ""2006-06-27"", ""agzgb"": ""7.52"", ""bk"": ""主板"", ""gskzjglx"": ""-"", ""sfjybjqcy"": ""-"", ""sshymc"": ""C 制造业"", ""ylbz"": ""-""}",OFFICIAL_SZSE_BOARD_FIELD
SZSE,MAIN,A_SHARE,002053,云南能投,2006-06-27,https://www.szse.cn/api/report/ShowReport/data?SHOWTYPE=JSON&CATALOGID=1110&TABKEY=tab1&PAGENO=30,"{""agdm"": ""002053"", ""agjc"": ""<a href='http://www.szse.cn/certificate/individual/index.html?code=002053' target='_blank'><u>云南能投</u></a>"", ""agltgb"": ""9.20"", ""agssrq"": ""2006-06-27"", ""agzgb"": ""9.20"", ""bk"": ""主板"", ""gskzjglx"": ""-"", ""sfjybjqcy"": ""-"", ""sshymc"": ""D 水电煤气"", ""ylbz"": ""-""}",OFFICIAL_SZSE_BOARD_FIELD
SZSE,MAIN,A_SHARE,002054,德美化工,2006-07-25,https://www.szse.cn/api/report/ShowReport/data?SHOWTYPE=JSON&CATALOGID=1110&TABKEY=tab1&PAGENO=30,"{""agdm"": ""002054"", ""agjc"": ""<a href='http://www.szse.cn/certificate/individual/index.html?code=002054' target='_blank'><u>德美化工</u></a>"", ""agltgb"": ""3.84"", ""agssrq"": ""2006-07-25"", ""agzgb"": ""4.82"", ""bk"": ""主板"", ""gskzjglx"": ""-"", ""sfjybjqcy"": ""-"", ""sshymc"": ""C 制造业"", ""ylbz"": ""-""}",OFFICIAL_SZSE_BOARD_FIELD
SZSE,MAIN,A_SHARE,002055,ST得润,2006-07-25,https://www.szse.cn/api/report/ShowReport/data?SHOWTYPE=JSON&CATALOGID=1110&TABKEY=tab1&PAGENO=30,"{""agdm"": ""002055"", ""agjc"": ""<a href='http://www.szse.cn/certificate/individual/index.html?code=002055' target='_blank'><u>ST得润</u></a>"", ""agltgb"": ""5.90"", ""agssrq"": ""2006-07-25"", ""agzgb"": ""6.04"", ""bk"": ""主板"", ""gskzjglx"": ""-"", ""sfjybjqcy"": ""-"", ""sshymc"": ""C 制造业"", ""ylbz"": ""-""}",OFFICIAL_SZSE_BOARD_FIELD
SZSE,MAIN,A_SHARE,002056,横店东磁,2006-08-02,https://www.szse.cn/api/report/ShowReport/data?SHOWTYPE=JSON&CATALOGID=1110&TABKEY=tab1&PAGENO=30,"{""agdm"": ""002056"", ""agjc"": ""<a href='http://www.szse.cn/certificate/individual/index.html?code=002056' target='_blank'><u>横店东磁</u></a>"", ""agltgb"": ""16.25"", ""agssrq"": ""2006-08-02"", ""agzgb"": ""16.26"", ""bk"": ""主板"", ""gskzjglx"": ""-"", ""sfjybjqcy"": ""-"", ""sshymc"": ""C 制造业"", ""ylbz"": ""-""}",OFFICIAL_SZSE_BOARD_FIELD
SZSE,MAIN,A_SHARE,002057,中钢天源,2006-08-02,https://www.szse.cn/api/report/ShowReport/data?SHOWTYPE=JSON&CATALOGID=1110&TABKEY=tab1&PAGENO=30,"{""agdm"": ""002057"", ""agjc"": ""<a href='http://www.szse.cn/certificate/individual/index.html?code=002057' target='_blank'><u>中钢天源</u></a>"", ""agltgb"": ""7.53"", ""agssrq"": ""2006-08-02"", ""agzgb"": ""7.53"", ""bk"": ""主板"", ""gskzjglx"": ""-"", ""sfjybjqcy"": ""-"", ""sshymc"": ""C 制造业"", ""ylbz"": ""-""}",OFFICIAL_SZSE_BOARD_FIELD
SZSE,MAIN,A_SHARE,002058,威尔泰,2006-08-02,https://www.szse.cn/api/report/ShowReport/data?SHOWTYPE=JSON&CATALOGID=1110&TABKEY=tab1&PAGENO=30,"{""agdm"": ""002058"", ""agjc"": ""<a href='http://www.szse.cn/certificate/individual/index.html?code=002058' target='_blank'><u>威尔泰</u></a>"", ""agltgb"": ""1.43"", ""agssrq"": ""2006-08-02"", ""agzgb"": ""1.43"", ""bk"": ""主板"", ""gskzjglx"": ""-"", ""sfjybjqcy"": ""-"", ""sshymc"": ""C 制造业"", ""ylbz"": ""-""}",OFFICIAL_SZSE_BOARD_FIELD
SZSE,MAIN,A_SHARE,002059,云南旅游,2006-08-10,https://www.szse.cn/api/report/ShowReport/data?SHOWTYPE=JSON&CATALOGID=1110&TABKEY=tab1&PAGENO=30,"{""agdm"": ""002059"", ""agjc"": ""<a href='http://www.szse.cn/certificate/individual/index.html?code=002059' target='_blank'><u>云南旅游</u></a>"", ""agltgb"": ""9.90"", ""agssrq"": ""2006-08-10"", ""agzgb"": ""10.12"", ""bk"": ""主板"", ""gskzjglx"": ""-"", ""sfjybjqcy"": ""-"", ""sshymc"": ""N 公共环保"", ""ylbz"": ""-""}",OFFICIAL_SZSE_BOARD_FIELD
SZSE,MAIN,A_SHARE,002060,广东建工,2006-08-10,https://www.szse.cn/api/report/ShowReport/data?SHOWTYPE=JSON&CATALOGID=1110&TABKEY=tab1&PAGENO=30,"{""agdm"": ""002060"", ""agjc"": ""<a href='http://www.szse.cn/certificate/individual/index.html?code=002060' target='_blank'><u>广东建工</u></a>"", ""agltgb"": ""15.62"", ""agssrq"": ""2006-08-10"", ""agzgb"": ""37.54"", ""bk"": ""主板"", ""gskzjglx"": ""-"", ""sfjybjqcy"": ""-"", ""sshymc"": ""E 建筑业"", ""ylbz"": ""-""}",OFFICIAL_SZSE_BOARD_FIELD
SZSE,MAIN,A_SHARE,002061,浙江交科,2006-08-16,https://www.szse.cn/api/report/ShowReport/data?SHOWTYPE=JSON&CATALOGID=1110&TABKEY=tab1&PAGENO=30,"{""agdm"": ""002061"", ""agjc"": ""<a href='http://www.szse.cn/certificate/individual/index.html?code=002061' target='_blank'><u>浙江交科</u></a>"", ""agltgb"": ""25.99"", ""agssrq"": ""2006-08-16"", ""agzgb"": ""26.74"", ""bk"": ""主板"", ""gskzjglx"": ""-"", ""sfjybjqcy"": ""-"", ""sshymc"": ""E 建筑业"", ""ylbz"": ""-""}",OFFICIAL_SZSE_BOARD_FIELD
SZSE,MAIN,A_SHARE,002062,宏润建设,2006-08-16,https://www.szse.cn/api/report/ShowReport/data?SHOWTYPE=JSON&CATALOGID=1110&TABKEY=tab1&PAGENO=30,"{""agdm"": ""002062"", ""agjc"": ""<a href='http://www.szse.cn/certificate/individual/index.html?code=002062' target='_blank'><u>宏润建设</u></a>"", ""agltgb"": ""11.24"", ""agssrq"": ""2006-08-16"", ""agzgb"": ""12.37"", ""bk"": ""主板"", ""gskzjglx"": ""-"", ""sfjybjqcy"": ""-"", ""sshymc"": ""E 建筑业"", ""ylbz"": ""-""}",OFFICIAL_SZSE_BOARD_FIELD
SZSE,MAIN,A_SHARE,002063,远光软件,2006-08-23,https://www.szse.cn/api/report/ShowReport/data?SHOWTYPE=JSON&CATALOGID=1110&TABKEY=tab1&PAGENO=30,"{""agdm"": ""002063"", ""agjc"": ""<a href='http://www.szse.cn/certificate/individual/index.html?code=002063' target='_blank'><u>远光软件</u></a>"", ""agltgb"": ""17.69"", ""agssrq"": ""2006-08-23"", ""agzgb"": ""19.15"", ""bk"": ""主板"", ""gskzjglx"": ""-"", ""sfjybjqcy"": ""-"", ""sshymc"": ""I 信息技术"", ""ylbz"": ""-""}",OFFICIAL_SZSE_BOARD_FIELD
SZSE,MAIN,A_SHARE,002064,华峰化学,2006-08-23,https://www.szse.cn/api/report/ShowReport/data?SHOWTYPE=JSON&CATALOGID=1110&TABKEY=tab1&PAGENO=30,"{""agdm"": ""002064"", ""agjc"": ""<a href='http://www.szse.cn/certificate/individual/index.html?code=002064' target='_blank'><u>华峰化学</u></a>"", ""agltgb"": ""49.51"", ""agssrq"": ""2006-08-23"", ""agzgb"": ""49.62"", ""bk"": ""主板"", ""gskzjglx"": ""-"", ""sfjybjqcy"": ""-"", ""sshymc"": ""C 制造业"", ""ylbz"": ""-""}",OFFICIAL_SZSE_BOARD_FIELD
SZSE,MAIN,A_SHARE,002065,东华软件,2006-08-23,https://www.szse.cn/api/report/ShowReport/data?SHOWTYPE=JSON&CATALOGID=1110&TABKEY=tab1&PAGENO=30,"{""agdm"": ""002065"", ""agjc"": ""<a href='http://www.szse.cn/certificate/individual/index.html?code=002065' target='_blank'><u>东华软件</u></a>"", ""agltgb"": ""29.45"", ""agssrq"": ""2006-08-23"", ""agzgb"": ""32.05"", ""bk"": ""主板"", ""gskzjglx"": ""-"", ""sfjybjqcy"": ""-"", ""sshymc"": ""I 信息技术"", ""ylbz"": ""-""}",OFFICIAL_SZSE_BOARD_FIELD
SZSE,MAIN,A_SHARE,002066,瑞泰科技,2006-08-23,https://www.szse.cn/api/report/ShowReport/data?SHOWTYPE=JSON&CATALOGID=1110&TABKEY=tab1&PAGENO=30,"{""agdm"": ""002066"", ""agjc"": ""<a href='http://www.szse.cn/certificate/individual/index.html?code=002066' target='_blank'><u>瑞泰科技</u></a>"", ""agltgb"": ""2.31"", ""agssrq"": ""2006-08-23"", ""agzgb"": ""2.34"", ""bk"": ""主板"", ""gskzjglx"": ""-"", ""sfjybjqcy"": ""-"", ""sshymc"": ""C 制造业"", ""ylbz"": ""-""}",OFFICIAL_SZSE_BOARD_FIELD
SZSE,MAIN,A_SHARE,002067,景兴纸业,2006-09-15,https://www.szse.cn/api/report/ShowReport/data?SHOWTYPE=JSON&CATALOGID=1110&TABKEY=tab1&PAGENO=30,"{""agdm"": ""002067"", ""agjc"": ""<a href='http://www.szse.cn/certificate/individual/index.html?code=002067' target='_blank'><u>景兴纸业</u></a>"", ""agltgb"": ""13.37"", ""agssrq"": ""2006-09-15"", ""agzgb"": ""14.74"", ""bk"": ""主板"", ""gskzjglx"": ""-"", ""sfjybjqcy"": ""-"", ""sshymc"": ""C 制造业"", ""ylbz"": ""-""}",OFFICIAL_SZSE_BOARD_FIELD
SZSE,MAIN,A_SHARE,002068,黑猫股份,2006-09-15,https://www.szse.cn/api/report/ShowReport/data?SHOWTYPE=JSON&CATALOGID=1110&TABKEY=tab1&PAGENO=30,"{""agdm"": ""002068"", ""agjc"": ""<a href='http://www.szse.cn/certificate/individual/index.html?code=002068' target='_blank'><u>黑猫股份</u></a>"", ""agltgb"": ""7.35"", ""agssrq"": ""2006-09-15"", ""agzgb"": ""7.35"", ""bk"": ""主板"", ""gskzjglx"": ""-"", ""sfjybjqcy"": ""-"", ""sshymc"": ""C 制造业"", ""ylbz"": ""-""}",OFFICIAL_SZSE_BOARD_FIELD
SZSE,MAIN,A_SHARE,002069,獐子岛,2006-09-28,https://www.szse.cn/api/report/ShowReport/data?SHOWTYPE=JSON&CATALOGID=1110&TABKEY=tab1&PAGENO=30,"{""agdm"": ""002069"", ""agjc"": ""<a href='http://www.szse.cn/certificate/individual/index.html?code=002069' target='_blank'><u>獐子岛</u></a>"", ""agltgb"": ""7.10"", ""agssrq"": ""2006-09-28"", ""agzgb"": ""7.11"", ""bk"": ""主板"", ""gskzjglx"": ""-"", ""sfjybjqcy"": ""-"", ""sshymc"": ""A 农林牧渔"", ""ylbz"": ""-""}",OFFICIAL_SZSE_BOARD_FIELD
SZSE,MAIN,A_SHARE,002072,凯瑞德,2006-10-18,https://www.szse.cn/api/report/ShowReport/data?SHOWTYPE=JSON&CATALOGID=1110&TABKEY=tab1&PAGENO=30,"{""agdm"": ""002072"", ""agjc"": ""<a href='http://www.szse.cn/certificate/individual/index.html?code=002072' target='_blank'><u>凯瑞德</u></a>"", ""agltgb"": ""3.67"", ""agssrq"": ""2006-10-18"", ""agzgb"": ""3.67"", ""bk"": ""主板"", ""gskzjglx"": ""-"", ""sfjybjqcy"": ""-"", ""sshymc"": ""F 批发零售"", ""ylbz"": ""-""}",OFFICIAL_SZSE_BOARD_FIELD
SZSE,MAIN,A_SHARE,002073,软控股份,2006-10-18,https://www.szse.cn/api/report/ShowReport/data?SHOWTYPE=JSON&CATALOGID=1110&TABKEY=tab1&PAGENO=30,"{""agdm"": ""002073"", ""agjc"": ""<a href='http://www.szse.cn/certificate/individual/index.html?code=002073' target='_blank'><u>软控股份</u></a>"", ""agltgb"": ""10.14"", ""agssrq"": ""2006-10-18"", ""agzgb"": ""10.24"", ""bk"": ""主板"", ""gskzjglx"": ""-"", ""sfjybjqcy"": ""-"", ""sshymc"": ""C 制造业"", ""ylbz"": ""-""}",OFFICIAL_SZSE_BOARD_FIELD
SZSE,MAIN,A_SHARE,002074,国轩高科,2006-10-18,https://www.szse.cn/api/report/ShowReport/data?SHOWTYPE=JSON&CATALOGID=1110&TABKEY=tab1&PAGENO=31,"{""agdm"": ""002074"", ""agjc"": ""<a href='http://www.szse.cn/certificate/individual/index.html?code=002074' target='_blank'><u>国轩高科</u></a>"", ""agltgb"": ""17.36"", ""agssrq"": ""2006-10-18"", ""agzgb"": ""18.14"", ""bk"": ""主板"", ""gskzjglx"": ""-"", ""sfjybjqcy"": ""-"", ""sshymc"": ""C 制造业"", ""ylbz"": ""-""}",OFFICIAL_SZSE_BOARD_FIELD
SZSE,MAIN,A_SHARE,002075,沙钢股份,2006-10-25,https://www.szse.cn/api/report/ShowReport/data?SHOWTYPE=JSON&CATALOGID=1110&TABKEY=tab1&PAGENO=31,"{""agdm"": ""002075"", ""agjc"": ""<a href='http://www.szse.cn/certificate/individual/index.html?code=002075' target='_blank'><u>沙钢股份</u></a>"", ""agltgb"": ""21.93"", ""agssrq"": ""2006-10-25"", ""agzgb"": ""21.93"", ""bk"": ""主板"", ""gskzjglx"": ""-"", ""sfjybjqcy"": ""-"", ""sshymc"": ""C 制造业"", ""ylbz"": ""-""}",OFFICIAL_SZSE_BOARD_FIELD
SZSE,MAIN,A_SHARE,002076,星光股份,2006-10-25,https://www.szse.cn/api/report/ShowReport/data?SHOWTYPE=JSON&CATALOGID=1110&TABKEY=tab1&PAGENO=31,"{""agdm"": ""002076"", ""agjc"": ""<a href='http://www.szse.cn/certificate/individual/index.html?code=002076' target='_blank'><u>星光股份</u></a>"", ""agltgb"": ""10.42"", ""agssrq"": ""2006-10-25"", ""agzgb"": ""11.09"", ""bk"": ""主板"", ""gskzjglx"": ""-"", ""sfjybjqcy"": ""-"", ""sshymc"": ""C 制造业"", ""ylbz"": ""-""}",OFFICIAL_SZSE_BOARD_FIELD
SZSE,MAIN,A_SHARE,002077,大港股份,2006-11-16,https://www.szse.cn/api/report/ShowReport/data?SHOWTYPE=JSON&CATALOGID=1110&TABKEY=tab1&PAGENO=31,"{""agdm"": ""002077"", ""agjc"": ""<a href='http://www.szse.cn/certificate/individual/index.html?code=002077' target='_blank'><u>大港股份</u></a>"", ""agltgb"": ""5.80"", ""agssrq"": ""2006-11-16"", ""agzgb"": ""5.80"", ""bk"": ""主板"", ""gskzjglx"": ""-"", ""sfjybjqcy"": ""-"", ""sshymc"": ""C 制造业"", ""ylbz"": ""-""}",OFFICIAL_SZSE_BOARD_FIELD
SZSE,MAIN,A_SHARE,002078,太阳纸业,2006-11-16,https://www.szse.cn/api/report/ShowReport/data?SHOWTYPE=JSON&CATALOGID=1110&TABKEY=tab1&PAGENO=31,"{""agdm"": ""002078"", ""agjc"": ""<a href='http://www.szse.cn/certificate/individual/index.html?code=002078' target='_blank'><u>太阳纸业</u></a>"", ""agltgb"": ""27.76"", ""agssrq"": ""2006-11-16"", ""agzgb"": ""27.94"", ""bk"": ""主板"", ""gskzjglx"": ""-"", ""sfjybjqcy"": ""-"", ""sshymc"": ""C 制造业"", ""ylbz"": ""-""}",OFFICIAL_SZSE_BOARD_FIELD
SZSE,MAIN,A_SHARE,002079,苏州固锝,2006-11-16,https://www.szse.cn/api/report/ShowReport/data?SHOWTYPE=JSON&CATALOGID=1110&TABKEY=tab1&PAGENO=31,"{""agdm"": ""002079"", ""agjc"": ""<a href='http://www.szse.cn/certificate/individual/index.html?code=002079' target='_blank'><u>苏州固锝</u></a>"", ""agltgb"": ""8.11"", ""agssrq"": ""2006-11-16"", ""agzgb"": ""9.08"", ""bk"": ""主板"", ""gskzjglx"": ""-"", ""sfjybjqcy"": ""-"", ""sshymc"": ""C 制造业"", ""ylbz"": ""-""}",OFFICIAL_SZSE_BOARD_FIELD
SZSE,MAIN,A_SHARE,002080,中材科技,2006-11-20,https://www.szse.cn/api/report/ShowReport/data?SHOWTYPE=JSON&CATALOGID=1110&TABKEY=tab1&PAGENO=31,"{""agdm"": ""002080"", ""agjc"": ""<a href='http://www.szse.cn/certificate/individual/index.html?code=002080' target='_blank'><u>中材科技</u></a>"", ""agltgb"": ""16.78"", ""agssrq"": ""2006-11-20"", ""agzgb"": ""16.78"", ""bk"": ""主板"", ""gskzjglx"": ""-"", ""sfjybjqcy"": ""-"", ""sshymc"": ""C 制造业"", ""ylbz"": ""-""}",OFFICIAL_SZSE_BOARD_FIELD
SZSE,MAIN,A_SHARE,002081,金 螳 螂,2006-11-20,https://www.szse.cn/api/report/ShowReport/data?SHOWTYPE=JSON&CATALOGID=1110&TABKEY=tab1&PAGENO=31,"{""agdm"": ""002081"", ""agjc"": ""<a href='http://www.szse.cn/certificate/individual/index.html?code=002081' target='_blank'><u>金 螳 螂</u></a>"", ""agltgb"": ""26.52"", ""agssrq"": ""2006-11-20"", ""agzgb"": ""26.55"", ""bk"": ""主板"", ""gskzjglx"": ""-"", ""sfjybjqcy"": ""-"", ""sshymc"": ""E 建筑业"", ""ylbz"": ""-""}",OFFICIAL_SZSE_BOARD_FIELD
SZSE,MAIN,A_SHARE,002082,ST万邦,2006-11-20,https://www.szse.cn/api/report/ShowReport/data?SHOWTYPE=JSON&CATALOGID=1110&TABKEY=tab1&PAGENO=31,"{""agdm"": ""002082"", ""agjc"": ""<a href='http://www.szse.cn/certificate/individual/index.html?code=002082' target='_blank'><u>ST万邦</u></a>"", ""agltgb"": ""5.67"", ""agssrq"": ""2006-11-20"", ""agzgb"": ""6.11"", ""bk"": ""主板"", ""gskzjglx"": ""-"", ""sfjybjqcy"": ""-"", ""sshymc"": ""C 制造业"", ""ylbz"": ""-""}",OFFICIAL_SZSE_BOARD_FIELD
SZSE,MAIN,A_SHARE,002083,孚日股份,2006-11-24,https://www.szse.cn/api/report/ShowReport/data?SHOWTYPE=JSON&CATALOGID=1110&TABKEY=tab1&PAGENO=31,"{""agdm"": ""002083"", ""agjc"": ""<a href='http://www.szse.cn/certificate/individual/index.html?code=002083' target='_blank'><u>孚日股份</u></a>"", ""agltgb"": ""9.46"", ""agssrq"": ""2006-11-24"", ""agzgb"": ""9.46"", ""bk"": ""主板"", ""gskzjglx"": ""-"", ""sfjybjqcy"": ""-"", ""sshymc"": ""C 制造业"", ""ylbz"": ""-""}",OFFICIAL_SZSE_BOARD_FIELD
SZSE,MAIN,A_SHARE,002084,海鸥住工,2006-11-24,https://www.szse.cn/api/report/ShowReport/data?SHOWTYPE=JSON&CATALOGID=1110&TABKEY=tab1&PAGENO=31,"{""agdm"": ""002084"", ""agjc"": ""<a href='http://www.szse.cn/certificate/individual/index.html?code=002084' target='_blank'><u>海鸥住工</u></a>"", ""agltgb"": ""6.44"", ""agssrq"": ""2006-11-24"", ""agzgb"": ""6.46"", ""bk"": ""主板"", ""gskzjglx"": ""-"", ""sfjybjqcy"": ""-"", ""sshymc"": ""C 制造业"", ""ylbz"": ""-""}",OFFICIAL_SZSE_BOARD_FIELD
SZSE,MAIN,A_SHARE,002085,万丰奥威,2006-11-28,https://www.szse.cn/api/report/ShowReport/data?SHOWTYPE=JSON&CATALOGID=1110&TABKEY=tab1&PAGENO=31,"{""agdm"": ""002085"", ""agjc"": ""<a href='http://www.szse.cn/certificate/individual/index.html?code=002085' target='_blank'><u>万丰奥威</u></a>"", ""agltgb"": ""21.23"", ""agssrq"": ""2006-11-28"", ""agzgb"": ""21.23"", ""bk"": ""主板"", ""gskzjglx"": ""-"", ""sfjybjqcy"": ""-"", ""sshymc"": ""C 制造业"", ""ylbz"": ""-""}",OFFICIAL_SZSE_BOARD_FIELD
SZSE,MAIN,A_SHARE,002086,东方海洋,2006-11-28,https://www.szse.cn/api/report/ShowReport/data?SHOWTYPE=JSON&CATALOGID=1110&TABKEY=tab1&PAGENO=31,"{""agdm"": ""002086"", ""agjc"": ""<a href='http://www.szse.cn/certificate/individual/index.html?code=002086' target='_blank'><u>东方海洋</u></a>"", ""agltgb"": ""15.80"", ""agssrq"": ""2006-11-28"", ""agzgb"": ""19.58"", ""bk"": ""主板"", ""gskzjglx"": ""-"", ""sfjybjqcy"": ""-"", ""sshymc"": ""A 农林牧渔"", ""ylbz"": ""-""}",OFFICIAL_SZSE_BOARD_FIELD
SZSE,MAIN,A_SHARE,002088,鲁阳节能,2006-11-30,https://www.szse.cn/api/report/ShowReport/data?SHOWTYPE=JSON&CATALOGID=1110&TABKEY=tab1&PAGENO=31,"{""agdm"": ""002088"", ""agjc"": ""<a href='http://www.szse.cn/certificate/individual/index.html?code=002088' target='_blank'><u>鲁阳节能</u></a>"", ""agltgb"": ""5.05"", ""agssrq"": ""2006-11-30"", ""agzgb"": ""5.09"", ""bk"": ""主板"", ""gskzjglx"": ""-"", ""sfjybjqcy"": ""-"", ""sshymc"": ""C 制造业"", ""ylbz"": ""-""}",OFFICIAL_SZSE_BOARD_FIELD
SZSE,MAIN,A_SHARE,002090,金智科技,2006-12-08,https://www.szse.cn/api/report/ShowReport/data?SHOWTYPE=JSON&CATALOGID=1110&TABKEY=tab1&PAGENO=31,"{""agdm"": ""002090"", ""agjc"": ""<a href='http://www.szse.cn/certificate/individual/index.html?code=002090' target='_blank'><u>金智科技</u></a>"", ""agltgb"": ""3.98"", ""agssrq"": ""2006-12-08"", ""agzgb"": ""4.00"", ""bk"": ""主板"", ""gskzjglx"": ""-"", ""sfjybjqcy"": ""-"", ""sshymc"": ""C 制造业"", ""ylbz"": ""-""}",OFFICIAL_SZSE_BOARD_FIELD
SZSE,MAIN,A_SHARE,002091,江苏国泰,2006-12-08,https://www.szse.cn/api/report/ShowReport/data?SHOWTYPE=JSON&CATALOGID=1110&TABKEY=tab1&PAGENO=31,"{""agdm"": ""002091"", ""agjc"": ""<a href='http://www.szse.cn/certificate/individual/index.html?code=002091' target='_blank'><u>江苏国泰</u></a>"", ""agltgb"": ""16.02"", ""agssrq"": ""2006-12-08"", ""agzgb"": ""16.27"", ""bk"": ""主板"", ""gskzjglx"": ""-"", ""sfjybjqcy"": ""-"", ""sshymc"": ""F 批发零售"", ""ylbz"": ""-""}",OFFICIAL_SZSE_BOARD_FIELD
SZSE,MAIN,A_SHARE,002092,中泰化学,2006-12-08,https://www.szse.cn/api/report/ShowReport/data?SHOWTYPE=JSON&CATALOGID=1110&TABKEY=tab1&PAGENO=31,"{""agdm"": ""002092"", ""agjc"": ""<a href='http://www.szse.cn/certificate/individual/index.html?code=002092' target='_blank'><u>中泰化学</u></a>"", ""agltgb"": ""25.75"", ""agssrq"": ""2006-12-08"", ""agzgb"": ""25.90"", ""bk"": ""主板"", ""gskzjglx"": ""-"", ""sfjybjqcy"": ""-"", ""sshymc"": ""C 制造业"", ""ylbz"": ""-""}",OFFICIAL_SZSE_BOARD_FIELD
SZSE,MAIN,A_SHARE,002093,国脉科技,2006-12-15,https://www.szse.cn/api/report/ShowReport/data?SHOWTYPE=JSON&CATALOGID=1110&TABKEY=tab1&PAGENO=31,"{""agdm"": ""002093"", ""agjc"": ""<a href='http://www.szse.cn/certificate/individual/index.html?code=002093' target='_blank'><u>国脉科技</u></a>"", ""agltgb"": ""10.07"", ""agssrq"": ""2006-12-15"", ""agzgb"": ""10.07"", ""bk"": ""主板"", ""gskzjglx"": ""-"", ""sfjybjqcy"": ""-"", ""sshymc"": ""I 信息技术"", ""ylbz"": ""-""}",OFFICIAL_SZSE_BOARD_FIELD
SZSE,MAIN,A_SHARE,002094,青岛金王,2006-12-15,https://www.szse.cn/api/report/ShowReport/data?SHOWTYPE=JSON&CATALOGID=1110&TABKEY=tab1&PAGENO=31,"{""agdm"": ""002094"", ""agjc"": ""<a href='http://www.szse.cn/certificate/individual/index.html?code=002094' target='_blank'><u>青岛金王</u></a>"", ""agltgb"": ""6.90"", ""agssrq"": ""2006-12-15"", ""agzgb"": ""6.90"", ""bk"": ""主板"", ""gskzjglx"": ""-"", ""sfjybjqcy"": ""-"", ""sshymc"": ""C 制造业"", ""ylbz"": ""-""}",OFFICIAL_SZSE_BOARD_FIELD
SZSE,MAIN,A_SHARE,002095,生 意 宝,2006-12-15,https://www.szse.cn/api/report/ShowReport/data?SHOWTYPE=JSON&CATALOGID=1110&TABKEY=tab1&PAGENO=31,"{""agdm"": ""002095"", ""agjc"": ""<a href='http://www.szse.cn/certificate/individual/index.html?code=002095' target='_blank'><u>生 意 宝</u></a>"", ""agltgb"": ""2.51"", ""agssrq"": ""2006-12-15"", ""agzgb"": ""2.52"", ""bk"": ""主板"", ""gskzjglx"": ""-"", ""sfjybjqcy"": ""-"", ""sshymc"": ""I 信息技术"", ""ylbz"": ""-""}",OFFICIAL_SZSE_BOARD_FIELD
SZSE,MAIN,A_SHARE,002096,易普力,2006-12-22,https://www.szse.cn/api/report/ShowReport/data?SHOWTYPE=JSON&CATALOGID=1110&TABKEY=tab1&PAGENO=32,"{""agdm"": ""002096"", ""agjc"": ""<a href='http://www.szse.cn/certificate/individual/index.html?code=002096' target='_blank'><u>易普力</u></a>"", ""agltgb"": ""12.39"", ""agssrq"": ""2006-12-22"", ""agzgb"": ""12.40"", ""bk"": ""主板"", ""gskzjglx"": ""-"", ""sfjybjqcy"": ""-"", ""sshymc"": ""C 制造业"", ""ylbz"": ""-""}",OFFICIAL_SZSE_BOARD_FIELD
SZSE,MAIN,A_SHARE,002097,山河智能,2006-12-22,https://www.szse.cn/api/report/ShowReport/data?SHOWTYPE=JSON&CATALOGID=1110&TABKEY=tab1&PAGENO=32,"{""agdm"": ""002097"", ""agjc"": ""<a href='http://www.szse.cn/certificate/individual/index.html?code=002097' target='_blank'><u>山河智能</u></a>"", ""agltgb"": ""10.73"", ""agssrq"": ""2006-12-22"", ""agzgb"": ""10.74"", ""bk"": ""主板"", ""gskzjglx"": ""-"", ""sfjybjqcy"": ""-"", ""sshymc"": ""C 制造业"", ""ylbz"": ""-""}",OFFICIAL_SZSE_BOARD_FIELD
SZSE,MAIN,A_SHARE,002098,浔兴股份,2006-12-22,https://www.szse.cn/api/report/ShowReport/data?SHOWTYPE=JSON&CATALOGID=1110&TABKEY=tab1&PAGENO=32,"{""agdm"": ""002098"", ""agjc"": ""<a href='http://www.szse.cn/certificate/individual/index.html?code=002098' target='_blank'><u>浔兴股份</u></a>"", ""agltgb"": ""3.58"", ""agssrq"": ""2006-12-22"", ""agzgb"": ""3.58"", ""bk"": ""主板"", ""gskzjglx"": ""-"", ""sfjybjqcy"": ""-"", ""sshymc"": ""C 制造业"", ""ylbz"": ""-""}",OFFICIAL_SZSE_BOARD_FIELD
SZSE,MAIN,A_SHARE,002099,海翔药业,2006-12-26,https://www.szse.cn/api/report/ShowReport/data?SHOWTYPE=JSON&CATALOGID=1110&TABKEY=tab1&PAGENO=32,"{""agdm"": ""002099"", ""agjc"": ""<a href='http://www.szse.cn/certificate/individual/index.html?code=002099' target='_blank'><u>海翔药业</u></a>"", ""agltgb"": ""16.16"", ""agssrq"": ""2006-12-26"", ""agzgb"": ""16.18"", ""bk"": ""主板"", ""gskzjglx"": ""-"", ""sfjybjqcy"": ""-"", ""sshymc"": ""C 制造业"", ""ylbz"": ""-""}",OFFICIAL_SZSE_BOARD_FIELD
SZSE,MAIN,A_SHARE,002100,天康生物,2006-12-26,https://www.szse.cn/api/report/ShowReport/data?SHOWTYPE=JSON&CATALOGID=1110&TABKEY=tab1&PAGENO=32,"{""agdm"": ""002100"", ""agjc"": ""<a href='http://www.szse.cn/certificate/individual/index.html?code=002100' target='_blank'><u>天康生物</u></a>"", ""agltgb"": ""13.65"", ""agssrq"": ""2006-12-26"", ""agzgb"": ""13.65"", ""bk"": ""主板"", ""gskzjglx"": ""-"", ""sfjybjqcy"": ""-"", ""sshymc"": ""C 制造业"", ""ylbz"": ""-""}",OFFICIAL_SZSE_BOARD_FIELD
SZSE,MAIN,A_SHARE,002101,广东鸿图,2006-12-29,https://www.szse.cn/api/report/ShowReport/data?SHOWTYPE=JSON&CATALOGID=1110&TABKEY=tab1&PAGENO=32,"{""agdm"": ""002101"", ""agjc"": ""<a href='http://www.szse.cn/certificate/individual/index.html?code=002101' target='_blank'><u>广东鸿图</u></a>"", ""agltgb"": ""6.62"", ""agssrq"": ""2006-12-29"", ""agzgb"": ""6.62"", ""bk"": ""主板"", ""gskzjglx"": ""-"", ""sfjybjqcy"": ""-"", ""sshymc"": ""C 制造业"", ""ylbz"": ""-""}",OFFICIAL_SZSE_BOARD_FIELD
SZSE,MAIN,A_SHARE,002102,ST能特,2006-12-29,https://www.szse.cn/api/report/ShowReport/data?SHOWTYPE=JSON&CATALOGID=1110&TABKEY=tab1&PAGENO=32,"{""agdm"": ""002102"", ""agjc"": ""<a href='http://www.szse.cn/certificate/individual/index.html?code=002102' target='_blank'><u>ST能特</u></a>"", ""agltgb"": ""21.29"", ""agssrq"": ""2006-12-29"", ""agzgb"": ""24.75"", ""bk"": ""主板"", ""gskzjglx"": ""-"", ""sfjybjqcy"": ""-"", ""sshymc"": ""C 制造业"", ""ylbz"": ""-""}",OFFICIAL_SZSE_BOARD_FIELD
SZSE,MAIN,A_SHARE,002103,广博股份,2007-01-10,https://www.szse.cn/api/report/ShowReport/data?SHOWTYPE=JSON&CATALOGID=1110&TABKEY=tab1&PAGENO=32,"{""agdm"": ""002103"", ""agjc"": ""<a href='http://www.szse.cn/certificate/individual/index.html?code=002103' target='_blank'><u>广博股份</u></a>"", ""agltgb"": ""3.88"", ""agssrq"": ""2007-01-10"", ""agzgb"": ""5.34"", ""bk"": ""主板"", ""gskzjglx"": ""-"", ""sfjybjqcy"": ""-"", ""sshymc"": ""C 制造业"", ""ylbz"": ""-""}",OFFICIAL_SZSE_BOARD_FIELD
SZSE,MAIN,A_SHARE,002104,恒宝股份,2007-01-10,https://www.szse.cn/api/report/ShowReport/data?SHOWTYPE=JSON&CATALOGID=1110&TABKEY=tab1&PAGENO=32,"{""agdm"": ""002104"", ""agjc"": ""<a href='http://www.szse.cn/certificate/individual/index.html?code=002104' target='_blank'><u>恒宝股份</u></a>"", ""agltgb"": ""6.07"", ""agssrq"": ""2007-01-10"", ""agzgb"": ""7.08"", ""bk"": ""主板"", ""gskzjglx"": ""-"", ""sfjybjqcy"": ""-"", ""sshymc"": ""C 制造业"", ""ylbz"": ""-""}",OFFICIAL_SZSE_BOARD_FIELD
SZSE,MAIN,A_SHARE,002105,信隆健康,2007-01-12,https://www.szse.cn/api/report/ShowReport/data?SHOWTYPE=JSON&CATALOGID=1110&TABKEY=tab1&PAGENO=32,"{""agdm"": ""002105"", ""agjc"": ""<a href='http://www.szse.cn/certificate/individual/index.html?code=002105' target='_blank'><u>信隆健康</u></a>"", ""agltgb"": ""3.64"", ""agssrq"": ""2007-01-12"", ""agzgb"": ""3.66"", ""bk"": ""主板"", ""gskzjglx"": ""-"", ""sfjybjqcy"": ""-"", ""sshymc"": ""C 制造业"", ""ylbz"": ""-""}",OFFICIAL_SZSE_BOARD_FIELD
SZSE,MAIN,A_SHARE,002106,莱宝高科,2007-01-12,https://www.szse.cn/api/report/ShowReport/data?SHOWTYPE=JSON&CATALOGID=1110&TABKEY=tab1&PAGENO=32,"{""agdm"": ""002106"", ""agjc"": ""<a href='http://www.szse.cn/certificate/individual/index.html?code=002106' target='_blank'><u>莱宝高科</u></a>"", ""agltgb"": ""7.04"", ""agssrq"": ""2007-01-12"", ""agzgb"": ""7.05"", ""bk"": ""主板"", ""gskzjglx"": ""-"", ""sfjybjqcy"": ""-"", ""sshymc"": ""C 制造业"", ""ylbz"": ""-""}",OFFICIAL_SZSE_BOARD_FIELD
SZSE,MAIN,A_SHARE,002107,沃华医药,2007-01-24,https://www.szse.cn/api/report/ShowReport/data?SHOWTYPE=JSON&CATALOGID=1110&TABKEY=tab1&PAGENO=32,"{""agdm"": ""002107"", ""agjc"": ""<a href='http://www.szse.cn/certificate/individual/index.html?code=002107' target='_blank'><u>沃华医药</u></a>"", ""agltgb"": ""5.71"", ""agssrq"": ""2007-01-24"", ""agzgb"": ""5.77"", ""bk"": ""主板"", ""gskzjglx"": ""-"", ""sfjybjqcy"": ""-"", ""sshymc"": ""C 制造业"", ""ylbz"": ""-""}",OFFICIAL_SZSE_BOARD_FIELD
SZSE,MAIN,A_SHARE,002108,沧州明珠,2007-01-24,https://www.szse.cn/api/report/ShowReport/data?SHOWTYPE=JSON&CATALOGID=1110&TABKEY=tab1&PAGENO=32,"{""agdm"": ""002108"", ""agjc"": ""<a href='http://www.szse.cn/certificate/individual/index.html?code=002108' target='_blank'><u>沧州明珠</u></a>"", ""agltgb"": ""16.47"", ""agssrq"": ""2007-01-24"", ""agzgb"": ""16.48"", ""bk"": ""主板"", ""gskzjglx"": ""-"", ""sfjybjqcy"": ""-"", ""sshymc"": ""C 制造业"", ""ylbz"": ""-""}",OFFICIAL_SZSE_BOARD_FIELD
SZSE,MAIN,A_SHARE,002109,ST兴化,2007-01-26,https://www.szse.cn/api/report/ShowReport/data?SHOWTYPE=JSON&CATALOGID=1110&TABKEY=tab1&PAGENO=32,"{""agdm"": ""002109"", ""agjc"": ""<a href='http://www.szse.cn/certificate/individual/index.html?code=002109' target='_blank'><u>ST兴化</u></a>"", ""agltgb"": ""12.76"", ""agssrq"": ""2007-01-26"", ""agzgb"": ""12.76"", ""bk"": ""主板"", ""gskzjglx"": ""-"", ""sfjybjqcy"": ""-"", ""sshymc"": ""C 制造业"", ""ylbz"": ""-""}",OFFICIAL_SZSE_BOARD_FIELD
SZSE,MAIN,A_SHARE,002110,三钢闽光,2007-01-26,https://www.szse.cn/api/report/ShowReport/data?SHOWTYPE=JSON&CATALOGID=1110&TABKEY=tab1&PAGENO=32,"{""agdm"": ""002110"", ""agjc"": ""<a href='http://www.szse.cn/certificate/individual/index.html?code=002110' target='_blank'><u>三钢闽光</u></a>"", ""agltgb"": ""24.29"", ""agssrq"": ""2007-01-26"", ""agzgb"": ""24.29"", ""bk"": ""主板"", ""gskzjglx"": ""-"", ""sfjybjqcy"": ""-"", ""sshymc"": ""C 制造业"", ""ylbz"": ""-""}",OFFICIAL_SZSE_BOARD_FIELD
SZSE,MAIN,A_SHARE,002111,威海广泰,2007-01-26,https://www.szse.cn/api/report/ShowReport/data?SHOWTYPE=JSON&CATALOGID=1110&TABKEY=tab1&PAGENO=32,"{""agdm"": ""002111"", ""agjc"": ""<a href='http://www.szse.cn/certificate/individual/index.html?code=002111' target='_blank'><u>威海广泰</u></a>"", ""agltgb"": ""4.88"", ""agssrq"": ""2007-01-26"", ""agzgb"": ""5.32"", ""bk"": ""主板"", ""gskzjglx"": ""-"", ""sfjybjqcy"": ""-"", ""sshymc"": ""C 制造业"", ""ylbz"": ""-""}",OFFICIAL_SZSE_BOARD_FIELD
SZSE,MAIN,A_SHARE,002112,三变科技,2007-02-08,https://www.szse.cn/api/report/ShowReport/data?SHOWTYPE=JSON&CATALOGID=1110&TABKEY=tab1&PAGENO=32,"{""agdm"": ""002112"", ""agjc"": ""<a href='http://www.szse.cn/certificate/individual/index.html?code=002112' target='_blank'><u>三变科技</u></a>"", ""agltgb"": ""2.62"", ""agssrq"": ""2007-02-08"", ""agzgb"": ""2.94"", ""bk"": ""主板"", ""gskzjglx"": ""-"", ""sfjybjqcy"": ""-"", ""sshymc"": ""C 制造业"", ""ylbz"": ""-""}",OFFICIAL_SZSE_BOARD_FIELD
SZSE,MAIN,A_SHARE,002114,罗平锌电,2007-02-15,https://www.szse.cn/api/report/ShowReport/data?SHOWTYPE=JSON&CATALOGID=1110&TABKEY=tab1&PAGENO=32,"{""agdm"": ""002114"", ""agjc"": ""<a href='http://www.szse.cn/certificate/individual/index.html?code=002114' target='_blank'><u>罗平锌电</u></a>"", ""agltgb"": ""3.23"", ""agssrq"": ""2007-02-15"", ""agzgb"": ""3.23"", ""bk"": ""主板"", ""gskzjglx"": ""-"", ""sfjybjqcy"": ""-"", ""sshymc"": ""C 制造业"", ""ylbz"": ""-""}",OFFICIAL_SZSE_BOARD_FIELD
SZSE,MAIN,A_SHARE,002115,三维通信,2007-02-15,https://www.szse.cn/api/report/ShowReport/data?SHOWTYPE=JSON&CATALOGID=1110&TABKEY=tab1&PAGENO=32,"{""agdm"": ""002115"", ""agjc"": ""<a href='http://www.szse.cn/certificate/individual/index.html?code=002115' target='_blank'><u>三维通信</u></a>"", ""agltgb"": ""7.46"", ""agssrq"": ""2007-02-15"", ""agzgb"": ""8.05"", ""bk"": ""主板"", ""gskzjglx"": ""-"", ""sfjybjqcy"": ""-"", ""sshymc"": ""L 商务服务"", ""ylbz"": ""-""}",OFFICIAL_SZSE_BOARD_FIELD
SZSE,MAIN,A_SHARE,002116,中国海诚,2007-02-15,https://www.szse.cn/api/report/ShowReport/data?SHOWTYPE=JSON&CATALOGID=1110&TABKEY=tab1&PAGENO=32,"{""agdm"": ""002116"", ""agjc"": ""<a href='http://www.szse.cn/certificate/individual/index.html?code=002116' target='_blank'><u>中国海诚</u></a>"", ""agltgb"": ""5.52"", ""agssrq"": ""2007-02-15"", ""agzgb"": ""5.58"", ""bk"": ""主板"", ""gskzjglx"": ""-"", ""sfjybjqcy"": ""-"", ""sshymc"": ""E 建筑业"", ""ylbz"": ""-""}",OFFICIAL_SZSE_BOARD_FIELD
SZSE,MAIN,A_SHARE,002117,东港股份,2007-03-02,https://www.szse.cn/api/report/ShowReport/data?SHOWTYPE=JSON&CATALOGID=1110&TABKEY=tab1&PAGENO=33,"{""agdm"": ""002117"", ""agjc"": ""<a href='http://www.szse.cn/certificate/individual/index.html?code=002117' target='_blank'><u>东港股份</u></a>"", ""agltgb"": ""5.23"", ""agssrq"": ""2007-03-02"", ""agzgb"": ""5.23"", ""bk"": ""主板"", ""gskzjglx"": ""-"", ""sfjybjqcy"": ""-"", ""sshymc"": ""C 制造业"", ""ylbz"": ""-""}",OFFICIAL_SZSE_BOARD_FIELD
SZSE,MAIN,A_SHARE,002119,康强电子,2007-03-02,https://www.szse.cn/api/report/ShowReport/data?SHOWTYPE=JSON&CATALOGID=1110&TABKEY=tab1&PAGENO=33,"{""agdm"": ""002119"", ""agjc"": ""<a href='http://www.szse.cn/certificate/individual/index.html?code=002119' target='_blank'><u>康强电子</u></a>"", ""agltgb"": ""3.75"", ""agssrq"": ""2007-03-02"", ""agzgb"": ""3.75"", ""bk"": ""主板"", ""gskzjglx"": ""-"", ""sfjybjqcy"": ""-"", ""sshymc"": ""C 制造业"", ""ylbz"": ""-""}",OFFICIAL_SZSE_BOARD_FIELD
SZSE,MAIN,A_SHARE,002120,韵达股份,2007-03-06,https://www.szse.cn/api/report/ShowReport/data?SHOWTYPE=JSON&CATALOGID=1110&TABKEY=tab1&PAGENO=33,"{""agdm"": ""002120"", ""agjc"": ""<a href='http://www.szse.cn/certificate/individual/index.html?code=002120' target='_blank'><u>韵达股份</u></a>"", ""agltgb"": ""28.15"", ""agssrq"": ""2007-03-06"", ""agzgb"": ""28.99"", ""bk"": ""主板"", ""gskzjglx"": ""-"", ""sfjybjqcy"": ""-"", ""sshymc"": ""G 运输仓储"", ""ylbz"": ""-""}",OFFICIAL_SZSE_BOARD_FIELD
SZSE,MAIN,A_SHARE,002121,科陆电子,2007-03-06,https://www.szse.cn/api/report/ShowReport/data?SHOWTYPE=JSON&CATALOGID=1110&TABKEY=tab1&PAGENO=33,"{""agdm"": ""002121"", ""agjc"": ""<a href='http://www.szse.cn/certificate/individual/index.html?code=002121' target='_blank'><u>科陆电子</u></a>"", ""agltgb"": ""14.11"", ""agssrq"": ""2007-03-06"", ""agzgb"": ""16.72"", ""bk"": ""主板"", ""gskzjglx"": ""-"", ""sfjybjqcy"": ""-"", ""sshymc"": ""C 制造业"", ""ylbz"": ""-""}",OFFICIAL_SZSE_BOARD_FIELD
SZSE,MAIN,A_SHARE,002122,ST汇洲,2007-03-28,https://www.szse.cn/api/report/ShowReport/data?SHOWTYPE=JSON&CATALOGID=1110&TABKEY=tab1&PAGENO=33,"{""agdm"": ""002122"", ""agjc"": ""<a href='http://www.szse.cn/certificate/individual/index.html?code=002122' target='_blank'><u>ST汇洲</u></a>"", ""agltgb"": ""19.87"", ""agssrq"": ""2007-03-28"", ""agzgb"": ""20.01"", ""bk"": ""主板"", ""gskzjglx"": ""-"", ""sfjybjqcy"": ""-"", ""sshymc"": ""C 制造业"", ""ylbz"": ""-""}",OFFICIAL_SZSE_BOARD_FIELD
SZSE,MAIN,A_SHARE,002123,梦网科技,2007-03-28,https://www.szse.cn/api/report/ShowReport/data?SHOWTYPE=JSON&CATALOGID=1110&TABKEY=tab1&PAGENO=33,"{""agdm"": ""002123"", ""agjc"": ""<a href='http://www.szse.cn/certificate/individual/index.html?code=002123' target='_blank'><u>梦网科技</u></a>"", ""agltgb"": ""7.20"", ""agssrq"": ""2007-03-28"", ""agzgb"": ""8.05"", ""bk"": ""主板"", ""gskzjglx"": ""-"", ""sfjybjqcy"": ""-"", ""sshymc"": ""I 信息技术"", ""ylbz"": ""-""}",OFFICIAL_SZSE_BOARD_FIELD
SZSE,MAIN,A_SHARE,002124,天邦食品,2007-04-03,https://www.szse.cn/api/report/ShowReport/data?SHOWTYPE=JSON&CATALOGID=1110&TABKEY=tab1&PAGENO=33,"{""agdm"": ""002124"", ""agjc"": ""<a href='http://www.szse.cn/certificate/individual/index.html?code=002124' target='_blank'><u>天邦食品</u></a>"", ""agltgb"": ""19.72"", ""agssrq"": ""2007-04-03"", ""agzgb"": ""22.21"", ""bk"": ""主板"", ""gskzjglx"": ""-"", ""sfjybjqcy"": ""-"", ""sshymc"": ""A 农林牧渔"", ""ylbz"": ""-""}",OFFICIAL_SZSE_BOARD_FIELD
SZSE,MAIN,A_SHARE,002125,湘潭电化,2007-04-03,https://www.szse.cn/api/report/ShowReport/data?SHOWTYPE=JSON&CATALOGID=1110&TABKEY=tab1&PAGENO=33,"{""agdm"": ""002125"", ""agjc"": ""<a href='http://www.szse.cn/certificate/individual/index.html?code=002125' target='_blank'><u>湘潭电化</u></a>"", ""agltgb"": ""6.29"", ""agssrq"": ""2007-04-03"", ""agzgb"": ""6.29"", ""bk"": ""主板"", ""gskzjglx"": ""-"", ""sfjybjqcy"": ""-"", ""sshymc"": ""C 制造业"", ""ylbz"": ""-""}",OFFICIAL_SZSE_BOARD_FIELD
SZSE,MAIN,A_SHARE,002126,银轮股份,2007-04-18,https://www.szse.cn/api/report/ShowReport/data?SHOWTYPE=JSON&CATALOGID=1110&TABKEY=tab1&PAGENO=33,"{""agdm"": ""002126"", ""agjc"": ""<a href='http://www.szse.cn/certificate/individual/index.html?code=002126' target='_blank'><u>银轮股份</u></a>"", ""agltgb"": ""8.02"", ""agssrq"": ""2007-04-18"", ""agzgb"": ""8.55"", ""bk"": ""主板"", ""gskzjglx"": ""-"", ""sfjybjqcy"": ""-"", ""sshymc"": ""C 制造业"", ""ylbz"": ""-""}",OFFICIAL_SZSE_BOARD_FIELD
SZSE,MAIN,A_SHARE,002127,南极电商,2007-04-18,https://www.szse.cn/api/report/ShowReport/data?SHOWTYPE=JSON&CATALOGID=1110&TABKEY=tab1&PAGENO=33,"{""agdm"": ""002127"", ""agjc"": ""<a href='http://www.szse.cn/certificate/individual/index.html?code=002127' target='_blank'><u>南极电商</u></a>"", ""agltgb"": ""19.94"", ""agssrq"": ""2007-04-18"", ""agzgb"": ""24.54"", ""bk"": ""主板"", ""gskzjglx"": ""-"", ""sfjybjqcy"": ""-"", ""sshymc"": ""L 商务服务"", ""ylbz"": ""-""}",OFFICIAL_SZSE_BOARD_FIELD
SZSE,MAIN,A_SHARE,002128,电投能源,2007-04-18,https://www.szse.cn/api/report/ShowReport/data?SHOWTYPE=JSON&CATALOGID=1110&TABKEY=tab1&PAGENO=33,"{""agdm"": ""002128"", ""agjc"": ""<a href='http://www.szse.cn/certificate/individual/index.html?code=002128' target='_blank'><u>电投能源</u></a>"", ""agltgb"": ""22.41"", ""agssrq"": ""2007-04-18"", ""agzgb"": ""31.26"", ""bk"": ""主板"", ""gskzjglx"": ""-"", ""sfjybjqcy"": ""-"", ""sshymc"": ""B 采矿业"", ""ylbz"": ""-""}",OFFICIAL_SZSE_BOARD_FIELD
SZSE,MAIN,A_SHARE,002129,TCL中环,2007-04-20,https://www.szse.cn/api/report/ShowReport/data?SHOWTYPE=JSON&CATALOGID=1110&TABKEY=tab1&PAGENO=33,"{""agdm"": ""002129"", ""agjc"": ""<a href='http://www.szse.cn/certificate/individual/index.html?code=002129' target='_blank'><u>TCL中环</u></a>"", ""agltgb"": ""40.39"", ""agssrq"": ""2007-04-20"", ""agzgb"": ""40.43"", ""bk"": ""主板"", ""gskzjglx"": ""-"", ""sfjybjqcy"": ""-"", ""sshymc"": ""C 制造业"", ""ylbz"": ""-""}",OFFICIAL_SZSE_BOARD_FIELD
SZSE,MAIN,A_SHARE,002130,沃尔核材,2007-04-20,https://www.szse.cn/api/report/ShowReport/data?SHOWTYPE=JSON&CATALOGID=1110&TABKEY=tab1&PAGENO=33,"{""agdm"": ""002130"", ""agjc"": ""<a href='http://www.szse.cn/certificate/individual/index.html?code=002130' target='_blank'><u>沃尔核材</u></a>"", ""agltgb"": ""11.54"", ""agssrq"": ""2007-04-20"", ""agzgb"": ""12.59"", ""bk"": ""主板"", ""gskzjglx"": ""-"", ""sfjybjqcy"": ""-"", ""sshymc"": ""C 制造业"", ""ylbz"": ""-""}",OFFICIAL_SZSE_BOARD_FIELD
SZSE,MAIN,A_SHARE,002131,利欧股份,2007-04-27,https://www.szse.cn/api/report/ShowReport/data?SHOWTYPE=JSON&CATALOGID=1110&TABKEY=tab1&PAGENO=33,"{""agdm"": ""002131"", ""agjc"": ""<a href='http://www.szse.cn/certificate/individual/index.html?code=002131' target='_blank'><u>利欧股份</u></a>"", ""agltgb"": ""58.54"", ""agssrq"": ""2007-04-27"", ""agzgb"": ""67.71"", ""bk"": ""主板"", ""gskzjglx"": ""-"", ""sfjybjqcy"": ""-"", ""sshymc"": ""L 商务服务"", ""ylbz"": ""-""}",OFFICIAL_SZSE_BOARD_FIELD
SZSE,MAIN,A_SHARE,002132,恒星科技,2007-04-27,https://www.szse.cn/api/report/ShowReport/data?SHOWTYPE=JSON&CATALOGID=1110&TABKEY=tab1&PAGENO=33,"{""agdm"": ""002132"", ""agjc"": ""<a href='http://www.szse.cn/certificate/individual/index.html?code=002132' target='_blank'><u>恒星科技</u></a>"", ""agltgb"": ""13.99"", ""agssrq"": ""2007-04-27"", ""agzgb"": ""14.01"", ""bk"": ""主板"", ""gskzjglx"": ""-"", ""sfjybjqcy"": ""-"", ""sshymc"": ""C 制造业"", ""ylbz"": ""-""}",OFFICIAL_SZSE_BOARD_FIELD
SZSE,MAIN,A_SHARE,002133,广宇集团,2007-04-27,https://www.szse.cn/api/report/ShowReport/data?SHOWTYPE=JSON&CATALOGID=1110&TABKEY=tab1&PAGENO=33,"{""agdm"": ""002133"", ""agjc"": ""<a href='http://www.szse.cn/certificate/individual/index.html?code=002133' target='_blank'><u>广宇集团</u></a>"", ""agltgb"": ""7.69"", ""agssrq"": ""2007-04-27"", ""agzgb"": ""7.74"", ""bk"": ""主板"", ""gskzjglx"": ""-"", ""sfjybjqcy"": ""-"", ""sshymc"": ""K 房地产"", ""ylbz"": ""-""}",OFFICIAL_SZSE_BOARD_FIELD
SZSE,MAIN,A_SHARE,002134,天津普林,2007-05-16,https://www.szse.cn/api/report/ShowReport/data?SHOWTYPE=JSON&CATALOGID=1110&TABKEY=tab1&PAGENO=33,"{""agdm"": ""002134"", ""agjc"": ""<a href='http://www.szse.cn/certificate/individual/index.html?code=002134' target='_blank'><u>天津普林</u></a>"", ""agltgb"": ""2.46"", ""agssrq"": ""2007-05-16"", ""agzgb"": ""2.47"", ""bk"": ""主板"", ""gskzjglx"": ""-"", ""sfjybjqcy"": ""-"", ""sshymc"": ""C 制造业"", ""ylbz"": ""-""}",OFFICIAL_SZSE_BOARD_FIELD
SZSE,MAIN,A_SHARE,002135,东南网架,2007-05-30,https://www.szse.cn/api/report/ShowReport/data?SHOWTYPE=JSON&CATALOGID=1110&TABKEY=tab1&PAGENO=33,"{""agdm"": ""002135"", ""agjc"": ""<a href='http://www.szse.cn/certificate/individual/index.html?code=002135' target='_blank'><u>东南网架</u></a>"", ""agltgb"": ""10.19"", ""agssrq"": ""2007-05-30"", ""agzgb"": ""11.15"", ""bk"": ""主板"", ""gskzjglx"": ""-"", ""sfjybjqcy"": ""-"", ""sshymc"": ""C 制造业"", ""ylbz"": ""-""}",OFFICIAL_SZSE_BOARD_FIELD
SZSE,MAIN,A_SHARE,002136,安 纳 达,2007-05-30,https://www.szse.cn/api/report/ShowReport/data?SHOWTYPE=JSON&CATALOGID=1110&TABKEY=tab1&PAGENO=33,"{""agdm"": ""002136"", ""agjc"": ""<a href='http://www.szse.cn/certificate/individual/index.html?code=002136' target='_blank'><u>安 纳 达</u></a>"", ""agltgb"": ""2.14"", ""agssrq"": ""2007-05-30"", ""agzgb"": ""2.15"", ""bk"": ""主板"", ""gskzjglx"": ""-"", ""sfjybjqcy"": ""-"", ""sshymc"": ""C 制造业"", ""ylbz"": ""-""}",OFFICIAL_SZSE_BOARD_FIELD
SZSE,MAIN,A_SHARE,002137,实益达,2007-06-13,https://www.szse.cn/api/report/ShowReport/data?SHOWTYPE=JSON&CATALOGID=1110&TABKEY=tab1&PAGENO=33,"{""agdm"": ""002137"", ""agjc"": ""<a href='http://www.szse.cn/certificate/individual/index.html?code=002137' target='_blank'><u>实益达</u></a>"", ""agltgb"": ""3.96"", ""agssrq"": ""2007-06-13"", ""agzgb"": ""5.77"", ""bk"": ""主板"", ""gskzjglx"": ""-"", ""sfjybjqcy"": ""-"", ""sshymc"": ""C 制造业"", ""ylbz"": ""-""}",OFFICIAL_SZSE_BOARD_FIELD
SZSE,MAIN,A_SHARE,002138,顺络电子,2007-06-13,https://www.szse.cn/api/report/ShowReport/data?SHOWTYPE=JSON&CATALOGID=1110&TABKEY=tab1&PAGENO=34,"{""agdm"": ""002138"", ""agjc"": ""<a href='http://www.szse.cn/certificate/individual/index.html?code=002138' target='_blank'><u>顺络电子</u></a>"", ""agltgb"": ""7.66"", ""agssrq"": ""2007-06-13"", ""agzgb"": ""8.06"", ""bk"": ""主板"", ""gskzjglx"": ""-"", ""sfjybjqcy"": ""-"", ""sshymc"": ""C 制造业"", ""ylbz"": ""-""}",OFFICIAL_SZSE_BOARD_FIELD
SZSE,MAIN,A_SHARE,002139,拓邦股份,2007-06-29,https://www.szse.cn/api/report/ShowReport/data?SHOWTYPE=JSON&CATALOGID=1110&TABKEY=tab1&PAGENO=34,"{""agdm"": ""002139"", ""agjc"": ""<a href='http://www.szse.cn/certificate/individual/index.html?code=002139' target='_blank'><u>拓邦股份</u></a>"", ""agltgb"": ""10.71"", ""agssrq"": ""2007-06-29"", ""agzgb"": ""12.46"", ""bk"": ""主板"", ""gskzjglx"": ""-"", ""sfjybjqcy"": ""-"", ""sshymc"": ""C 制造业"", ""ylbz"": ""-""}",OFFICIAL_SZSE_BOARD_FIELD
SZSE,MAIN,A_SHARE,002140,东华科技,2007-07-12,https://www.szse.cn/api/report/ShowReport/data?SHOWTYPE=JSON&CATALOGID=1110&TABKEY=tab1&PAGENO=34,"{""agdm"": ""002140"", ""agjc"": ""<a href='http://www.szse.cn/certificate/individual/index.html?code=002140' target='_blank'><u>东华科技</u></a>"", ""agltgb"": ""7.06"", ""agssrq"": ""2007-07-12"", ""agzgb"": ""7.08"", ""bk"": ""主板"", ""gskzjglx"": ""-"", ""sfjybjqcy"": ""-"", ""sshymc"": ""E 建筑业"", ""ylbz"": ""-""}",OFFICIAL_SZSE_BOARD_FIELD
SZSE,MAIN,A_SHARE,002141,贤丰控股,2007-07-20,https://www.szse.cn/api/report/ShowReport/data?SHOWTYPE=JSON&CATALOGID=1110&TABKEY=tab1&PAGENO=34,"{""agdm"": ""002141"", ""agjc"": ""<a href='http://www.szse.cn/certificate/individual/index.html?code=002141' target='_blank'><u>贤丰控股</u></a>"", ""agltgb"": ""10.32"", ""agssrq"": ""2007-07-20"", ""agzgb"": ""10.32"", ""bk"": ""主板"", ""gskzjglx"": ""-"", ""sfjybjqcy"": ""-"", ""sshymc"": ""C 制造业"", ""ylbz"": ""-""}",OFFICIAL_SZSE_BOARD_FIELD
SZSE,MAIN,A_SHARE,002142,宁波银行,2007-07-19,https://www.szse.cn/api/report/ShowReport/data?SHOWTYPE=JSON&CATALOGID=1110&TABKEY=tab1&PAGENO=34,"{""agdm"": ""002142"", ""agjc"": ""<a href='http://www.szse.cn/certificate/individual/index.html?code=002142' target='_blank'><u>宁波银行</u></a>"", ""agltgb"": ""65.99"", ""agssrq"": ""2007-07-19"", ""agzgb"": ""66.03"", ""bk"": ""主板"", ""gskzjglx"": ""-"", ""sfjybjqcy"": ""-"", ""sshymc"": ""J 金融业"", ""ylbz"": ""-""}",OFFICIAL_SZSE_BOARD_FIELD
SZSE,MAIN,A_SHARE,002144,宏达高科,2007-08-03,https://www.szse.cn/api/report/ShowReport/data?SHOWTYPE=JSON&CATALOGID=1110&TABKEY=tab1&PAGENO=34,"{""agdm"": ""002144"", ""agjc"": ""<a href='http://www.szse.cn/certificate/individual/index.html?code=002144' target='_blank'><u>宏达高科</u></a>"", ""agltgb"": ""1.37"", ""agssrq"": ""2007-08-03"", ""agzgb"": ""1.76"", ""bk"": ""主板"", ""gskzjglx"": ""-"", ""sfjybjqcy"": ""-"", ""sshymc"": ""C 制造业"", ""ylbz"": ""-""}",OFFICIAL_SZSE_BOARD_FIELD
SZSE,MAIN,A_SHARE,002145,钛能化学,2007-08-03,https://www.szse.cn/api/report/ShowReport/data?SHOWTYPE=JSON&CATALOGID=1110&TABKEY=tab1&PAGENO=34,"{""agdm"": ""002145"", ""agjc"": ""<a href='http://www.szse.cn/certificate/individual/index.html?code=002145' target='_blank'><u>钛能化学</u></a>"", ""agltgb"": ""38.06"", ""agssrq"": ""2007-08-03"", ""agzgb"": ""38.06"", ""bk"": ""主板"", ""gskzjglx"": ""-"", ""sfjybjqcy"": ""-"", ""sshymc"": ""C 制造业"", ""ylbz"": ""-""}",OFFICIAL_SZSE_BOARD_FIELD
SZSE,MAIN,A_SHARE,002146,荣盛发展,2007-08-08,https://www.szse.cn/api/report/ShowReport/data?SHOWTYPE=JSON&CATALOGID=1110&TABKEY=tab1&PAGENO=34,"{""agdm"": ""002146"", ""agjc"": ""<a href='http://www.szse.cn/certificate/individual/index.html?code=002146' target='_blank'><u>荣盛发展</u></a>"", ""agltgb"": ""39.07"", ""agssrq"": ""2007-08-08"", ""agzgb"": ""43.48"", ""bk"": ""主板"", ""gskzjglx"": ""-"", ""sfjybjqcy"": ""-"", ""sshymc"": ""K 房地产"", ""ylbz"": ""-""}",OFFICIAL_SZSE_BOARD_FIELD
SZSE,MAIN,A_SHARE,002148,北纬科技,2007-08-10,https://www.szse.cn/api/report/ShowReport/data?SHOWTYPE=JSON&CATALOGID=1110&TABKEY=tab1&PAGENO=34,"{""agdm"": ""002148"", ""agjc"": ""<a href='http://www.szse.cn/certificate/individual/index.html?code=002148' target='_blank'><u>北纬科技</u></a>"", ""agltgb"": ""4.51"", ""agssrq"": ""2007-08-10"", ""agzgb"": ""5.58"", ""bk"": ""主板"", ""gskzjglx"": ""-"", ""sfjybjqcy"": ""-"", ""sshymc"": ""I 信息技术"", ""ylbz"": ""-""}",OFFICIAL_SZSE_BOARD_FIELD
SZSE,MAIN,A_SHARE,002149,西部材料,2007-08-10,https://www.szse.cn/api/report/ShowReport/data?SHOWTYPE=JSON&CATALOGID=1110&TABKEY=tab1&PAGENO=34,"{""agdm"": ""002149"", ""agjc"": ""<a href='http://www.szse.cn/certificate/individual/index.html?code=002149' target='_blank'><u>西部材料</u></a>"", ""agltgb"": ""4.88"", ""agssrq"": ""2007-08-10"", ""agzgb"": ""4.88"", ""bk"": ""主板"", ""gskzjglx"": ""-"", ""sfjybjqcy"": ""-"", ""sshymc"": ""C 制造业"", ""ylbz"": ""-""}",OFFICIAL_SZSE_BOARD_FIELD
SZSE,MAIN,A_SHARE,002150,正泰电源,2007-08-10,https://www.szse.cn/api/report/ShowReport/data?SHOWTYPE=JSON&CATALOGID=1110&TABKEY=tab1&PAGENO=34,"{""agdm"": ""002150"", ""agjc"": ""<a href='http://www.szse.cn/certificate/individual/index.html?code=002150' target='_blank'><u>正泰电源</u></a>"", ""agltgb"": ""3.58"", ""agssrq"": ""2007-08-10"", ""agzgb"": ""3.60"", ""bk"": ""主板"", ""gskzjglx"": ""-"", ""sfjybjqcy"": ""-"", ""sshymc"": ""C 制造业"", ""ylbz"": ""-""}",OFFICIAL_SZSE_BOARD_FIELD
SZSE,MAIN,A_SHARE,002151,北斗星通,2007-08-13,https://www.szse.cn/api/report/ShowReport/data?SHOWTYPE=JSON&CATALOGID=1110&TABKEY=tab1&PAGENO=34,"{""agdm"": ""002151"", ""agjc"": ""<a href='http://www.szse.cn/certificate/individual/index.html?code=002151' target='_blank'><u>北斗星通</u></a>"", ""agltgb"": ""4.42"", ""agssrq"": ""2007-08-13"", ""agzgb"": ""5.42"", ""bk"": ""主板"", ""gskzjglx"": ""-"", ""sfjybjqcy"": ""-"", ""sshymc"": ""C 制造业"", ""ylbz"": ""-""}",OFFICIAL_SZSE_BOARD_FIELD
SZSE,MAIN,A_SHARE,002152,广电运通,2007-08-13,https://www.szse.cn/api/report/ShowReport/data?SHOWTYPE=JSON&CATALOGID=1110&TABKEY=tab1&PAGENO=34,"{""agdm"": ""002152"", ""agjc"": ""<a href='http://www.szse.cn/certificate/individual/index.html?code=002152' target='_blank'><u>广电运通</u></a>"", ""agltgb"": ""24.82"", ""agssrq"": ""2007-08-13"", ""agzgb"": ""24.83"", ""bk"": ""主板"", ""gskzjglx"": ""-"", ""sfjybjqcy"": ""-"", ""sshymc"": ""C 制造业"", ""ylbz"": ""-""}",OFFICIAL_SZSE_BOARD_FIELD
SZSE,MAIN,A_SHARE,002153,石基信息,2007-08-13,https://www.szse.cn/api/report/ShowReport/data?SHOWTYPE=JSON&CATALOGID=1110&TABKEY=tab1&PAGENO=34,"{""agdm"": ""002153"", ""agjc"": ""<a href='http://www.szse.cn/certificate/individual/index.html?code=002153' target='_blank'><u>石基信息</u></a>"", ""agltgb"": ""15.99"", ""agssrq"": ""2007-08-13"", ""agzgb"": ""27.29"", ""bk"": ""主板"", ""gskzjglx"": ""-"", ""sfjybjqcy"": ""-"", ""sshymc"": ""I 信息技术"", ""ylbz"": ""-""}",OFFICIAL_SZSE_BOARD_FIELD
SZSE,MAIN,A_SHARE,002154,报 喜 鸟,2007-08-16,https://www.szse.cn/api/report/ShowReport/data?SHOWTYPE=JSON&CATALOGID=1110&TABKEY=tab1&PAGENO=34,"{""agdm"": ""002154"", ""agjc"": ""<a href='http://www.szse.cn/certificate/individual/index.html?code=002154' target='_blank'><u>报 喜 鸟</u></a>"", ""agltgb"": ""11.80"", ""agssrq"": ""2007-08-16"", ""agzgb"": ""14.59"", ""bk"": ""主板"", ""gskzjglx"": ""-"", ""sfjybjqcy"": ""-"", ""sshymc"": ""C 制造业"", ""ylbz"": ""-""}",OFFICIAL_SZSE_BOARD_FIELD
SZSE,MAIN,A_SHARE,002155,湖南黄金,2007-08-16,https://www.szse.cn/api/report/ShowReport/data?SHOWTYPE=JSON&CATALOGID=1110&TABKEY=tab1&PAGENO=34,"{""agdm"": ""002155"", ""agjc"": ""<a href='http://www.szse.cn/certificate/individual/index.html?code=002155' target='_blank'><u>湖南黄金</u></a>"", ""agltgb"": ""15.62"", ""agssrq"": ""2007-08-16"", ""agzgb"": ""15.62"", ""bk"": ""主板"", ""gskzjglx"": ""-"", ""sfjybjqcy"": ""-"", ""sshymc"": ""B 采矿业"", ""ylbz"": ""-""}",OFFICIAL_SZSE_BOARD_FIELD
SZSE,MAIN,A_SHARE,002156,通富微电,2007-08-16,https://www.szse.cn/api/report/ShowReport/data?SHOWTYPE=JSON&CATALOGID=1110&TABKEY=tab1&PAGENO=34,"{""agdm"": ""002156"", ""agjc"": ""<a href='http://www.szse.cn/certificate/individual/index.html?code=002156' target='_blank'><u>通富微电</u></a>"", ""agltgb"": ""15.17"", ""agssrq"": ""2007-08-16"", ""agzgb"": ""15.17"", ""bk"": ""主板"", ""gskzjglx"": ""-"", ""sfjybjqcy"": ""-"", ""sshymc"": ""C 制造业"", ""ylbz"": ""-""}",OFFICIAL_SZSE_BOARD_FIELD
SZSE,MAIN,A_SHARE,002157,正邦科技,2007-08-17,https://www.szse.cn/api/report/ShowReport/data?SHOWTYPE=JSON&CATALOGID=1110&TABKEY=tab1&PAGENO=34,"{""agdm"": ""002157"", ""agjc"": ""<a href='http://www.szse.cn/certificate/individual/index.html?code=002157' target='_blank'><u>正邦科技</u></a>"", ""agltgb"": ""77.87"", ""agssrq"": ""2007-08-17"", ""agzgb"": ""92.50"", ""bk"": ""主板"", ""gskzjglx"": ""-"", ""sfjybjqcy"": ""-"", ""sshymc"": ""A 农林牧渔"", ""ylbz"": ""-""}",OFFICIAL_SZSE_BOARD_FIELD
SZSE,MAIN,A_SHARE,002158,汉钟精机,2007-08-17,https://www.szse.cn/api/report/ShowReport/data?SHOWTYPE=JSON&CATALOGID=1110&TABKEY=tab1&PAGENO=34,"{""agdm"": ""002158"", ""agjc"": ""<a href='http://www.szse.cn/certificate/individual/index.html?code=002158' target='_blank'><u>汉钟精机</u></a>"", ""agltgb"": ""5.33"", ""agssrq"": ""2007-08-17"", ""agzgb"": ""5.34"", ""bk"": ""主板"", ""gskzjglx"": ""-"", ""sfjybjqcy"": ""-"", ""sshymc"": ""C 制造业"", ""ylbz"": ""-""}",OFFICIAL_SZSE_BOARD_FIELD
SZSE,MAIN,A_SHARE,002159,三特索道,2007-08-17,https://www.szse.cn/api/report/ShowReport/data?SHOWTYPE=JSON&CATALOGID=1110&TABKEY=tab1&PAGENO=34,"{""agdm"": ""002159"", ""agjc"": ""<a href='http://www.szse.cn/certificate/individual/index.html?code=002159' target='_blank'><u>三特索道</u></a>"", ""agltgb"": ""1.38"", ""agssrq"": ""2007-08-17"", ""agzgb"": ""1.77"", ""bk"": ""主板"", ""gskzjglx"": ""-"", ""sfjybjqcy"": ""-"", ""sshymc"": ""N 公共环保"", ""ylbz"": ""-""}",OFFICIAL_SZSE_BOARD_FIELD
SZSE,MAIN,A_SHARE,002160,常铝股份,2007-08-21,https://www.szse.cn/api/report/ShowReport/data?SHOWTYPE=JSON&CATALOGID=1110&TABKEY=tab1&PAGENO=35,"{""agdm"": ""002160"", ""agjc"": ""<a href='http://www.szse.cn/certificate/individual/index.html?code=002160' target='_blank'><u>常铝股份</u></a>"", ""agltgb"": ""10.30"", ""agssrq"": ""2007-08-21"", ""agzgb"": ""10.32"", ""bk"": ""主板"", ""gskzjglx"": ""-"", ""sfjybjqcy"": ""-"", ""sshymc"": ""C 制造业"", ""ylbz"": ""-""}",OFFICIAL_SZSE_BOARD_FIELD
SZSE,MAIN,A_SHARE,002161,远 望 谷,2007-08-21,https://www.szse.cn/api/report/ShowReport/data?SHOWTYPE=JSON&CATALOGID=1110&TABKEY=tab1&PAGENO=35,"{""agdm"": ""002161"", ""agjc"": ""<a href='http://www.szse.cn/certificate/individual/index.html?code=002161' target='_blank'><u>远 望 谷</u></a>"", ""agltgb"": ""7.39"", ""agssrq"": ""2007-08-21"", ""agzgb"": ""7.39"", ""bk"": ""主板"", ""gskzjglx"": ""-"", ""sfjybjqcy"": ""-"", ""sshymc"": ""C 制造业"", ""ylbz"": ""-""}",OFFICIAL_SZSE_BOARD_FIELD
SZSE,MAIN,A_SHARE,002162,悦心健康,2007-08-23,https://www.szse.cn/api/report/ShowReport/data?SHOWTYPE=JSON&CATALOGID=1110&TABKEY=tab1&PAGENO=35,"{""agdm"": ""002162"", ""agjc"": ""<a href='http://www.szse.cn/certificate/individual/index.html?code=002162' target='_blank'><u>悦心健康</u></a>"", ""agltgb"": ""9.18"", ""agssrq"": ""2007-08-23"", ""agzgb"": ""9.19"", ""bk"": ""主板"", ""gskzjglx"": ""-"", ""sfjybjqcy"": ""-"", ""sshymc"": ""C 制造业"", ""ylbz"": ""-""}",OFFICIAL_SZSE_BOARD_FIELD
SZSE,MAIN,A_SHARE,002163,海南发展,2007-08-23,https://www.szse.cn/api/report/ShowReport/data?SHOWTYPE=JSON&CATALOGID=1110&TABKEY=tab1&PAGENO=35,"{""agdm"": ""002163"", ""agjc"": ""<a href='http://www.szse.cn/certificate/individual/index.html?code=002163' target='_blank'><u>海南发展</u></a>"", ""agltgb"": ""8.03"", ""agssrq"": ""2007-08-23"", ""agzgb"": ""8.44"", ""bk"": ""主板"", ""gskzjglx"": ""-"", ""sfjybjqcy"": ""-"", ""sshymc"": ""E 建筑业"", ""ylbz"": ""-""}",OFFICIAL_SZSE_BOARD_FIELD
SZSE,MAIN,A_SHARE,002164,宁波东力,2007-08-23,https://www.szse.cn/api/report/ShowReport/data?SHOWTYPE=JSON&CATALOGID=1110&TABKEY=tab1&PAGENO=35,"{""agdm"": ""002164"", ""agjc"": ""<a href='http://www.szse.cn/certificate/individual/index.html?code=002164' target='_blank'><u>宁波东力</u></a>"", ""agltgb"": ""4.79"", ""agssrq"": ""2007-08-23"", ""agzgb"": ""5.32"", ""bk"": ""主板"", ""gskzjglx"": ""-"", ""sfjybjqcy"": ""-"", ""sshymc"": ""C 制造业"", ""ylbz"": ""-""}",OFFICIAL_SZSE_BOARD_FIELD
SZSE,MAIN,A_SHARE,002165,红 宝 丽,2007-09-13,https://www.szse.cn/api/report/ShowReport/data?SHOWTYPE=JSON&CATALOGID=1110&TABKEY=tab1&PAGENO=35,"{""agdm"": ""002165"", ""agjc"": ""<a href='http://www.szse.cn/certificate/individual/index.html?code=002165' target='_blank'><u>红 宝 丽</u></a>"", ""agltgb"": ""7.27"", ""agssrq"": ""2007-09-13"", ""agzgb"": ""7.35"", ""bk"": ""主板"", ""gskzjglx"": ""-"", ""sfjybjqcy"": ""-"", ""sshymc"": ""C 制造业"", ""ylbz"": ""-""}",OFFICIAL_SZSE_BOARD_FIELD
SZSE,MAIN,A_SHARE,002166,莱茵生物,2007-09-13,https://www.szse.cn/api/report/ShowReport/data?SHOWTYPE=JSON&CATALOGID=1110&TABKEY=tab1&PAGENO=35,"{""agdm"": ""002166"", ""agjc"": ""<a href='http://www.szse.cn/certificate/individual/index.html?code=002166' target='_blank'><u>莱茵生物</u></a>"", ""agltgb"": ""7.38"", ""agssrq"": ""2007-09-13"", ""agzgb"": ""7.41"", ""bk"": ""主板"", ""gskzjglx"": ""-"", ""sfjybjqcy"": ""-"", ""sshymc"": ""C 制造业"", ""ylbz"": ""-""}",OFFICIAL_SZSE_BOARD_FIELD
SZSE,MAIN,A_SHARE,002167,东方锆业,2007-09-13,https://www.szse.cn/api/report/ShowReport/data?SHOWTYPE=JSON&CATALOGID=1110&TABKEY=tab1&PAGENO=35,"{""agdm"": ""002167"", ""agjc"": ""<a href='http://www.szse.cn/certificate/individual/index.html?code=002167' target='_blank'><u>东方锆业</u></a>"", ""agltgb"": ""7.70"", ""agssrq"": ""2007-09-13"", ""agzgb"": ""7.74"", ""bk"": ""主板"", ""gskzjglx"": ""-"", ""sfjybjqcy"": ""-"", ""sshymc"": ""C 制造业"", ""ylbz"": ""-""}",OFFICIAL_SZSE_BOARD_FIELD
SZSE,MAIN,A_SHARE,002168,ST惠程,2007-09-19,https://www.szse.cn/api/report/ShowReport/data?SHOWTYPE=JSON&CATALOGID=1110&TABKEY=tab1&PAGENO=35,"{""agdm"": ""002168"", ""agjc"": ""<a href='http://www.szse.cn/certificate/individual/index.html?code=002168' target='_blank'><u>ST惠程</u></a>"", ""agltgb"": ""7.84"", ""agssrq"": ""2007-09-19"", ""agzgb"": ""7.84"", ""bk"": ""主板"", ""gskzjglx"": ""-"", ""sfjybjqcy"": ""-"", ""sshymc"": ""C 制造业"", ""ylbz"": ""-""}",OFFICIAL_SZSE_BOARD_FIELD
SZSE,MAIN,A_SHARE,002169,智光电气,2007-09-19,https://www.szse.cn/api/report/ShowReport/data?SHOWTYPE=JSON&CATALOGID=1110&TABKEY=tab1&PAGENO=35,"{""agdm"": ""002169"", ""agjc"": ""<a href='http://www.szse.cn/certificate/individual/index.html?code=002169' target='_blank'><u>智光电气</u></a>"", ""agltgb"": ""7.60"", ""agssrq"": ""2007-09-19"", ""agzgb"": ""7.82"", ""bk"": ""主板"", ""gskzjglx"": ""-"", ""sfjybjqcy"": ""-"", ""sshymc"": ""C 制造业"", ""ylbz"": ""-""}",OFFICIAL_SZSE_BOARD_FIELD
SZSE,MAIN,A_SHARE,002170,芭田股份,2007-09-19,https://www.szse.cn/api/report/ShowReport/data?SHOWTYPE=JSON&CATALOGID=1110&TABKEY=tab1&PAGENO=35,"{""agdm"": ""002170"", ""agjc"": ""<a href='http://www.szse.cn/certificate/individual/index.html?code=002170' target='_blank'><u>芭田股份</u></a>"", ""agltgb"": ""7.87"", ""agssrq"": ""2007-09-19"", ""agzgb"": ""9.70"", ""bk"": ""主板"", ""gskzjglx"": ""-"", ""sfjybjqcy"": ""-"", ""sshymc"": ""C 制造业"", ""ylbz"": ""-""}",OFFICIAL_SZSE_BOARD_FIELD
SZSE,MAIN,A_SHARE,002171,楚江新材,2007-09-21,https://www.szse.cn/api/report/ShowReport/data?SHOWTYPE=JSON&CATALOGID=1110&TABKEY=tab1&PAGENO=35,"{""agdm"": ""002171"", ""agjc"": ""<a href='http://www.szse.cn/certificate/individual/index.html?code=002171' target='_blank'><u>楚江新材</u></a>"", ""agltgb"": ""16.15"", ""agssrq"": ""2007-09-21"", ""agzgb"": ""16.22"", ""bk"": ""主板"", ""gskzjglx"": ""-"", ""sfjybjqcy"": ""-"", ""sshymc"": ""C 制造业"", ""ylbz"": ""-""}",OFFICIAL_SZSE_BOARD_FIELD
SZSE,MAIN,A_SHARE,002172,澳洋健康,2007-09-21,https://www.szse.cn/api/report/ShowReport/data?SHOWTYPE=JSON&CATALOGID=1110&TABKEY=tab1&PAGENO=35,"{""agdm"": ""002172"", ""agjc"": ""<a href='http://www.szse.cn/certificate/individual/index.html?code=002172' target='_blank'><u>澳洋健康</u></a>"", ""agltgb"": ""7.65"", ""agssrq"": ""2007-09-21"", ""agzgb"": ""7.65"", ""bk"": ""主板"", ""gskzjglx"": ""-"", ""sfjybjqcy"": ""-"", ""sshymc"": ""Q 卫生"", ""ylbz"": ""-""}",OFFICIAL_SZSE_BOARD_FIELD
SZSE,MAIN,A_SHARE,002173,创新医疗,2007-09-25,https://www.szse.cn/api/report/ShowReport/data?SHOWTYPE=JSON&CATALOGID=1110&TABKEY=tab1&PAGENO=35,"{""agdm"": ""002173"", ""agjc"": ""<a href='http://www.szse.cn/certificate/individual/index.html?code=002173' target='_blank'><u>创新医疗</u></a>"", ""agltgb"": ""4.20"", ""agssrq"": ""2007-09-25"", ""agzgb"": ""4.41"", ""bk"": ""主板"", ""gskzjglx"": ""-"", ""sfjybjqcy"": ""-"", ""sshymc"": ""Q 卫生"", ""ylbz"": ""-""}",OFFICIAL_SZSE_BOARD_FIELD
SZSE,MAIN,A_SHARE,002174,游族网络,2007-09-25,https://www.szse.cn/api/report/ShowReport/data?SHOWTYPE=JSON&CATALOGID=1110&TABKEY=tab1&PAGENO=35,"{""agdm"": ""002174"", ""agjc"": ""<a href='http://www.szse.cn/certificate/individual/index.html?code=002174' target='_blank'><u>游族网络</u></a>"", ""agltgb"": ""9.79"", ""agssrq"": ""2007-09-25"", ""agzgb"": ""9.79"", ""bk"": ""主板"", ""gskzjglx"": ""-"", ""sfjybjqcy"": ""-"", ""sshymc"": ""I 信息技术"", ""ylbz"": ""-""}",OFFICIAL_SZSE_BOARD_FIELD
SZSE,MAIN,A_SHARE,002175,*ST东智,2007-10-12,https://www.szse.cn/api/report/ShowReport/data?SHOWTYPE=JSON&CATALOGID=1110&TABKEY=tab1&PAGENO=35,"{""agdm"": ""002175"", ""agjc"": ""<a href='http://www.szse.cn/certificate/individual/index.html?code=002175' target='_blank'><u>*ST东智</u></a>"", ""agltgb"": ""12.76"", ""agssrq"": ""2007-10-12"", ""agzgb"": ""12.76"", ""bk"": ""主板"", ""gskzjglx"": ""-"", ""sfjybjqcy"": ""-"", ""sshymc"": ""C 制造业"", ""ylbz"": ""-""}",OFFICIAL_SZSE_BOARD_FIELD
SZSE,MAIN,A_SHARE,002176,江特电机,2007-10-12,https://www.szse.cn/api/report/ShowReport/data?SHOWTYPE=JSON&CATALOGID=1110&TABKEY=tab1&PAGENO=35,"{""agdm"": ""002176"", ""agjc"": ""<a href='http://www.szse.cn/certificate/individual/index.html?code=002176' target='_blank'><u>江特电机</u></a>"", ""agltgb"": ""17.03"", ""agssrq"": ""2007-10-12"", ""agzgb"": ""17.06"", ""bk"": ""主板"", ""gskzjglx"": ""-"", ""sfjybjqcy"": ""-"", ""sshymc"": ""C 制造业"", ""ylbz"": ""-""}",OFFICIAL_SZSE_BOARD_FIELD
SZSE,MAIN,A_SHARE,002177,御银股份,2007-11-01,https://www.szse.cn/api/report/ShowReport/data?SHOWTYPE=JSON&CATALOGID=1110&TABKEY=tab1&PAGENO=35,"{""agdm"": ""002177"", ""agjc"": ""<a href='http://www.szse.cn/certificate/individual/index.html?code=002177' target='_blank'><u>御银股份</u></a>"", ""agltgb"": ""7.35"", ""agssrq"": ""2007-11-01"", ""agzgb"": ""7.61"", ""bk"": ""主板"", ""gskzjglx"": ""-"", ""sfjybjqcy"": ""-"", ""sshymc"": ""C 制造业"", ""ylbz"": ""-""}",OFFICIAL_SZSE_BOARD_FIELD
SZSE,MAIN,A_SHARE,002178,延华智能,2007-11-01,https://www.szse.cn/api/report/ShowReport/data?SHOWTYPE=JSON&CATALOGID=1110&TABKEY=tab1&PAGENO=35,"{""agdm"": ""002178"", ""agjc"": ""<a href='http://www.szse.cn/certificate/individual/index.html?code=002178' target='_blank'><u>延华智能</u></a>"", ""agltgb"": ""7.11"", ""agssrq"": ""2007-11-01"", ""agzgb"": ""7.12"", ""bk"": ""主板"", ""gskzjglx"": ""-"", ""sfjybjqcy"": ""-"", ""sshymc"": ""I 信息技术"", ""ylbz"": ""-""}",OFFICIAL_SZSE_BOARD_FIELD
SZSE,MAIN,A_SHARE,002179,中航光电,2007-11-01,https://www.szse.cn/api/report/ShowReport/data?SHOWTYPE=JSON&CATALOGID=1110&TABKEY=tab1&PAGENO=35,"{""agdm"": ""002179"", ""agjc"": ""<a href='http://www.szse.cn/certificate/individual/index.html?code=002179' target='_blank'><u>中航光电</u></a>"", ""agltgb"": ""20.99"", ""agssrq"": ""2007-11-01"", ""agzgb"": ""21.00"", ""bk"": ""主板"", ""gskzjglx"": ""-"", ""sfjybjqcy"": ""-"", ""sshymc"": ""C 制造业"", ""ylbz"": ""-""}",OFFICIAL_SZSE_BOARD_FIELD
SZSE,MAIN,A_SHARE,002180,奔图科技,2007-11-13,https://www.szse.cn/api/report/ShowReport/data?SHOWTYPE=JSON&CATALOGID=1110&TABKEY=tab1&PAGENO=36,"{""agdm"": ""002180"", ""agjc"": ""<a href='http://www.szse.cn/certificate/individual/index.html?code=002180' target='_blank'><u>奔图科技</u></a>"", ""agltgb"": ""13.76"", ""agssrq"": ""2007-11-13"", ""agzgb"": ""14.21"", ""bk"": ""主板"", ""gskzjglx"": ""-"", ""sfjybjqcy"": ""-"", ""sshymc"": ""C 制造业"", ""ylbz"": ""-""}",OFFICIAL_SZSE_BOARD_FIELD
SZSE,MAIN,A_SHARE,002181,粤 传 媒,2007-11-16,https://www.szse.cn/api/report/ShowReport/data?SHOWTYPE=JSON&CATALOGID=1110&TABKEY=tab1&PAGENO=36,"{""agdm"": ""002181"", ""agjc"": ""<a href='http://www.szse.cn/certificate/individual/index.html?code=002181' target='_blank'><u>粤 传 媒</u></a>"", ""agltgb"": ""11.34"", ""agssrq"": ""2007-11-16"", ""agzgb"": ""11.61"", ""bk"": ""主板"", ""gskzjglx"": ""-"", ""sfjybjqcy"": ""-"", ""sshymc"": ""L 商务服务"", ""ylbz"": ""-""}",OFFICIAL_SZSE_BOARD_FIELD
SZSE,MAIN,A_SHARE,002182,宝武镁业,2007-11-13,https://www.szse.cn/api/report/ShowReport/data?SHOWTYPE=JSON&CATALOGID=1110&TABKEY=tab1&PAGENO=36,"{""agdm"": ""002182"", ""agjc"": ""<a href='http://www.szse.cn/certificate/individual/index.html?code=002182' target='_blank'><u>宝武镁业</u></a>"", ""agltgb"": ""8.96"", ""agssrq"": ""2007-11-13"", ""agzgb"": ""9.91"", ""bk"": ""主板"", ""gskzjglx"": ""-"", ""sfjybjqcy"": ""-"", ""sshymc"": ""C 制造业"", ""ylbz"": ""-""}",OFFICIAL_SZSE_BOARD_FIELD
SZSE,MAIN,A_SHARE,002183,怡 亚 通,2007-11-13,https://www.szse.cn/api/report/ShowReport/data?SHOWTYPE=JSON&CATALOGID=1110&TABKEY=tab1&PAGENO=36,"{""agdm"": ""002183"", ""agjc"": ""<a href='http://www.szse.cn/certificate/individual/index.html?code=002183' target='_blank'><u>怡 亚 通</u></a>"", ""agltgb"": ""25.96"", ""agssrq"": ""2007-11-13"", ""agzgb"": ""25.97"", ""bk"": ""主板"", ""gskzjglx"": ""-"", ""sfjybjqcy"": ""-"", ""sshymc"": ""L 商务服务"", ""ylbz"": ""-""}",OFFICIAL_SZSE_BOARD_FIELD
SZSE,MAIN,A_SHARE,002184,海得控制,2007-11-16,https://www.szse.cn/api/report/ShowReport/data?SHOWTYPE=JSON&CATALOGID=1110&TABKEY=tab1&PAGENO=36,"{""agdm"": ""002184"", ""agjc"": ""<a href='http://www.szse.cn/certificate/individual/index.html?code=002184' target='_blank'><u>海得控制</u></a>"", ""agltgb"": ""2.48"", ""agssrq"": ""2007-11-16"", ""agzgb"": ""3.51"", ""bk"": ""主板"", ""gskzjglx"": ""-"", ""sfjybjqcy"": ""-"", ""sshymc"": ""C 制造业"", ""ylbz"": ""-""}",OFFICIAL_SZSE_BOARD_FIELD
SZSE,MAIN,A_SHARE,002185,华天科技,2007-11-20,https://www.szse.cn/api/report/ShowReport/data?SHOWTYPE=JSON&CATALOGID=1110&TABKEY=tab1&PAGENO=36,"{""agdm"": ""002185"", ""agjc"": ""<a href='http://www.szse.cn/certificate/individual/index.html?code=002185' target='_blank'><u>华天科技</u></a>"", ""agltgb"": ""33.28"", ""agssrq"": ""2007-11-20"", ""agzgb"": ""33.29"", ""bk"": ""主板"", ""gskzjglx"": ""-"", ""sfjybjqcy"": ""-"", ""sshymc"": ""C 制造业"", ""ylbz"": ""-""}",OFFICIAL_SZSE_BOARD_FIELD
SZSE,MAIN,A_SHARE,002186,全 聚 德,2007-11-20,https://www.szse.cn/api/report/ShowReport/data?SHOWTYPE=JSON&CATALOGID=1110&TABKEY=tab1&PAGENO=36,"{""agdm"": ""002186"", ""agjc"": ""<a href='http://www.szse.cn/certificate/individual/index.html?code=002186' target='_blank'><u>全 聚 德</u></a>"", ""agltgb"": ""3.06"", ""agssrq"": ""2007-11-20"", ""agzgb"": ""3.06"", ""bk"": ""主板"", ""gskzjglx"": ""-"", ""sfjybjqcy"": ""-"", ""sshymc"": ""H 住宿餐饮"", ""ylbz"": ""-""}",OFFICIAL_SZSE_BOARD_FIELD
SZSE,MAIN,A_SHARE,002187,广百股份,2007-11-22,https://www.szse.cn/api/report/ShowReport/data?SHOWTYPE=JSON&CATALOGID=1110&TABKEY=tab1&PAGENO=36,"{""agdm"": ""002187"", ""agjc"": ""<a href='http://www.szse.cn/certificate/individual/index.html?code=002187' target='_blank'><u>广百股份</u></a>"", ""agltgb"": ""7.00"", ""agssrq"": ""2007-11-22"", ""agzgb"": ""7.00"", ""bk"": ""主板"", ""gskzjglx"": ""-"", ""sfjybjqcy"": ""-"", ""sshymc"": ""F 批发零售"", ""ylbz"": ""-""}",OFFICIAL_SZSE_BOARD_FIELD
SZSE,MAIN,A_SHARE,002188,中天服务,2007-11-22,https://www.szse.cn/api/report/ShowReport/data?SHOWTYPE=JSON&CATALOGID=1110&TABKEY=tab1&PAGENO=36,"{""agdm"": ""002188"", ""agjc"": ""<a href='http://www.szse.cn/certificate/individual/index.html?code=002188' target='_blank'><u>中天服务</u></a>"", ""agltgb"": ""2.57"", ""agssrq"": ""2007-11-22"", ""agzgb"": ""3.27"", ""bk"": ""主板"", ""gskzjglx"": ""-"", ""sfjybjqcy"": ""-"", ""sshymc"": ""K 房地产"", ""ylbz"": ""-""}",OFFICIAL_SZSE_BOARD_FIELD
SZSE,MAIN,A_SHARE,002189,中光学,2007-12-03,https://www.szse.cn/api/report/ShowReport/data?SHOWTYPE=JSON&CATALOGID=1110&TABKEY=tab1&PAGENO=36,"{""agdm"": ""002189"", ""agjc"": ""<a href='http://www.szse.cn/certificate/individual/index.html?code=002189' target='_blank'><u>中光学</u></a>"", ""agltgb"": ""2.61"", ""agssrq"": ""2007-12-03"", ""agzgb"": ""2.61"", ""bk"": ""主板"", ""gskzjglx"": ""-"", ""sfjybjqcy"": ""-"", ""sshymc"": ""C 制造业"", ""ylbz"": ""-""}",OFFICIAL_SZSE_BOARD_FIELD
SZSE,MAIN,A_SHARE,002190,成飞集成,2007-12-03,https://www.szse.cn/api/report/ShowReport/data?SHOWTYPE=JSON&CATALOGID=1110&TABKEY=tab1&PAGENO=36,"{""agdm"": ""002190"", ""agjc"": ""<a href='http://www.szse.cn/certificate/individual/index.html?code=002190' target='_blank'><u>成飞集成</u></a>"", ""agltgb"": ""3.58"", ""agssrq"": ""2007-12-03"", ""agzgb"": ""3.58"", ""bk"": ""主板"", ""gskzjglx"": ""-"", ""sfjybjqcy"": ""-"", ""sshymc"": ""C 制造业"", ""ylbz"": ""-""}",OFFICIAL_SZSE_BOARD_FIELD
SZSE,MAIN,A_SHARE,002191,劲嘉股份,2007-12-05,https://www.szse.cn/api/report/ShowReport/data?SHOWTYPE=JSON&CATALOGID=1110&TABKEY=tab1&PAGENO=36,"{""agdm"": ""002191"", ""agjc"": ""<a href='http://www.szse.cn/certificate/individual/index.html?code=002191' target='_blank'><u>劲嘉股份</u></a>"", ""agltgb"": ""14.02"", ""agssrq"": ""2007-12-05"", ""agzgb"": ""14.13"", ""bk"": ""主板"", ""gskzjglx"": ""-"", ""sfjybjqcy"": ""-"", ""sshymc"": ""C 制造业"", ""ylbz"": ""-""}",OFFICIAL_SZSE_BOARD_FIELD
SZSE,MAIN,A_SHARE,002192,融捷股份,2007-12-05,https://www.szse.cn/api/report/ShowReport/data?SHOWTYPE=JSON&CATALOGID=1110&TABKEY=tab1&PAGENO=36,"{""agdm"": ""002192"", ""agjc"": ""<a href='http://www.szse.cn/certificate/individual/index.html?code=002192' target='_blank'><u>融捷股份</u></a>"", ""agltgb"": ""2.59"", ""agssrq"": ""2007-12-05"", ""agzgb"": ""2.59"", ""bk"": ""主板"", ""gskzjglx"": ""-"", ""sfjybjqcy"": ""-"", ""sshymc"": ""B 采矿业"", ""ylbz"": ""-""}",OFFICIAL_SZSE_BOARD_FIELD
SZSE,MAIN,A_SHARE,002193,ST如意,2007-12-07,https://www.szse.cn/api/report/ShowReport/data?SHOWTYPE=JSON&CATALOGID=1110&TABKEY=tab1&PAGENO=36,"{""agdm"": ""002193"", ""agjc"": ""<a href='http://www.szse.cn/certificate/individual/index.html?code=002193' target='_blank'><u>ST如意</u></a>"", ""agltgb"": ""2.61"", ""agssrq"": ""2007-12-07"", ""agzgb"": ""2.61"", ""bk"": ""主板"", ""gskzjglx"": ""-"", ""sfjybjqcy"": ""-"", ""sshymc"": ""C 制造业"", ""ylbz"": ""-""}",OFFICIAL_SZSE_BOARD_FIELD
SZSE,MAIN,A_SHARE,002194,武汉凡谷,2007-12-07,https://www.szse.cn/api/report/ShowReport/data?SHOWTYPE=JSON&CATALOGID=1110&TABKEY=tab1&PAGENO=36,"{""agdm"": ""002194"", ""agjc"": ""<a href='http://www.szse.cn/certificate/individual/index.html?code=002194' target='_blank'><u>武汉凡谷</u></a>"", ""agltgb"": ""5.14"", ""agssrq"": ""2007-12-07"", ""agzgb"": ""6.83"", ""bk"": ""主板"", ""gskzjglx"": ""-"", ""sfjybjqcy"": ""-"", ""sshymc"": ""C 制造业"", ""ylbz"": ""-""}",OFFICIAL_SZSE_BOARD_FIELD
SZSE,MAIN,A_SHARE,002195,岩山科技,2007-12-12,https://www.szse.cn/api/report/ShowReport/data?SHOWTYPE=JSON&CATALOGID=1110&TABKEY=tab1&PAGENO=36,"{""agdm"": ""002195"", ""agjc"": ""<a href='http://www.szse.cn/certificate/individual/index.html?code=002195' target='_blank'><u>岩山科技</u></a>"", ""agltgb"": ""56.15"", ""agssrq"": ""2007-12-12"", ""agzgb"": ""56.66"", ""bk"": ""主板"", ""gskzjglx"": ""-"", ""sfjybjqcy"": ""-"", ""sshymc"": ""I 信息技术"", ""ylbz"": ""-""}",OFFICIAL_SZSE_BOARD_FIELD
SZSE,MAIN,A_SHARE,002196,方正电机,2007-12-12,https://www.szse.cn/api/report/ShowReport/data?SHOWTYPE=JSON&CATALOGID=1110&TABKEY=tab1&PAGENO=36,"{""agdm"": ""002196"", ""agjc"": ""<a href='http://www.szse.cn/certificate/individual/index.html?code=002196' target='_blank'><u>方正电机</u></a>"", ""agltgb"": ""4.90"", ""agssrq"": ""2007-12-12"", ""agzgb"": ""4.95"", ""bk"": ""主板"", ""gskzjglx"": ""-"", ""sfjybjqcy"": ""-"", ""sshymc"": ""C 制造业"", ""ylbz"": ""-""}",OFFICIAL_SZSE_BOARD_FIELD
SZSE,MAIN,A_SHARE,002197,证通电子,2007-12-18,https://www.szse.cn/api/report/ShowReport/data?SHOWTYPE=JSON&CATALOGID=1110&TABKEY=tab1&PAGENO=36,"{""agdm"": ""002197"", ""agjc"": ""<a href='http://www.szse.cn/certificate/individual/index.html?code=002197' target='_blank'><u>证通电子</u></a>"", ""agltgb"": ""5.34"", ""agssrq"": ""2007-12-18"", ""agzgb"": ""6.14"", ""bk"": ""主板"", ""gskzjglx"": ""-"", ""sfjybjqcy"": ""-"", ""sshymc"": ""I 信息技术"", ""ylbz"": ""-""}",OFFICIAL_SZSE_BOARD_FIELD
SZSE,MAIN,A_SHARE,002198,ST嘉应,2007-12-18,https://www.szse.cn/api/report/ShowReport/data?SHOWTYPE=JSON&CATALOGID=1110&TABKEY=tab1&PAGENO=36,"{""agdm"": ""002198"", ""agjc"": ""<a href='http://www.szse.cn/certificate/individual/index.html?code=002198' target='_blank'><u>ST嘉应</u></a>"", ""agltgb"": ""5.07"", ""agssrq"": ""2007-12-18"", ""agzgb"": ""5.07"", ""bk"": ""主板"", ""gskzjglx"": ""-"", ""sfjybjqcy"": ""-"", ""sshymc"": ""C 制造业"", ""ylbz"": ""-""}",OFFICIAL_SZSE_BOARD_FIELD
SZSE,MAIN,A_SHARE,002199,东晶电子,2007-12-21,https://www.szse.cn/api/report/ShowReport/data?SHOWTYPE=JSON&CATALOGID=1110&TABKEY=tab1&PAGENO=36,"{""agdm"": ""002199"", ""agjc"": ""<a href='http://www.szse.cn/certificate/individual/index.html?code=002199' target='_blank'><u>东晶电子</u></a>"", ""agltgb"": ""2.30"", ""agssrq"": ""2007-12-21"", ""agzgb"": ""2.43"", ""bk"": ""主板"", ""gskzjglx"": ""-"", ""sfjybjqcy"": ""-"", ""sshymc"": ""C 制造业"", ""ylbz"": ""-""}",OFFICIAL_SZSE_BOARD_FIELD
SZSE,MAIN,A_SHARE,002200,交投生态,2007-12-21,https://www.szse.cn/api/report/ShowReport/data?SHOWTYPE=JSON&CATALOGID=1110&TABKEY=tab1&PAGENO=37,"{""agdm"": ""002200"", ""agjc"": ""<a href='http://www.szse.cn/certificate/individual/index.html?code=002200' target='_blank'><u>交投生态</u></a>"", ""agltgb"": ""1.95"", ""agssrq"": ""2007-12-21"", ""agzgb"": ""4.51"", ""bk"": ""主板"", ""gskzjglx"": ""-"", ""sfjybjqcy"": ""-"", ""sshymc"": ""E 建筑业"", ""ylbz"": ""-""}",OFFICIAL_SZSE_BOARD_FIELD
SZSE,MAIN,A_SHARE,002201,九鼎新材,2007-12-26,https://www.szse.cn/api/report/ShowReport/data?SHOWTYPE=JSON&CATALOGID=1110&TABKEY=tab1&PAGENO=37,"{""agdm"": ""002201"", ""agjc"": ""<a href='http://www.szse.cn/certificate/individual/index.html?code=002201' target='_blank'><u>九鼎新材</u></a>"", ""agltgb"": ""6.02"", ""agssrq"": ""2007-12-26"", ""agzgb"": ""6.51"", ""bk"": ""主板"", ""gskzjglx"": ""-"", ""sfjybjqcy"": ""-"", ""sshymc"": ""C 制造业"", ""ylbz"": ""-""}",OFFICIAL_SZSE_BOARD_FIELD
SZSE,MAIN,A_SHARE,002202,金风科技,2007-12-26,https://www.szse.cn/api/report/ShowReport/data?SHOWTYPE=JSON&CATALOGID=1110&TABKEY=tab1&PAGENO=37,"{""agdm"": ""002202"", ""agjc"": ""<a href='http://www.szse.cn/certificate/individual/index.html?code=002202' target='_blank'><u>金风科技</u></a>"", ""agltgb"": ""33.63"", ""agssrq"": ""2007-12-26"", ""agzgb"": ""34.50"", ""bk"": ""主板"", ""gskzjglx"": ""-"", ""sfjybjqcy"": ""-"", ""sshymc"": ""C 制造业"", ""ylbz"": ""-""}",OFFICIAL_SZSE_BOARD_FIELD
SZSE,MAIN,A_SHARE,002203,海亮股份,2008-01-16,https://www.szse.cn/api/report/ShowReport/data?SHOWTYPE=JSON&CATALOGID=1110&TABKEY=tab1&PAGENO=37,"{""agdm"": ""002203"", ""agjc"": ""<a href='http://www.szse.cn/certificate/individual/index.html?code=002203' target='_blank'><u>海亮股份</u></a>"", ""agltgb"": ""22.50"", ""agssrq"": ""2008-01-16"", ""agzgb"": ""22.91"", ""bk"": ""主板"", ""gskzjglx"": ""-"", ""sfjybjqcy"": ""-"", ""sshymc"": ""C 制造业"", ""ylbz"": ""-""}",OFFICIAL_SZSE_BOARD_FIELD
SZSE,MAIN,A_SHARE,002204,大连重工,2008-01-16,https://www.szse.cn/api/report/ShowReport/data?SHOWTYPE=JSON&CATALOGID=1110&TABKEY=tab1&PAGENO=37,"{""agdm"": ""002204"", ""agjc"": ""<a href='http://www.szse.cn/certificate/individual/index.html?code=002204' target='_blank'><u>大连重工</u></a>"", ""agltgb"": ""19.31"", ""agssrq"": ""2008-01-16"", ""agzgb"": ""19.31"", ""bk"": ""主板"", ""gskzjglx"": ""-"", ""sfjybjqcy"": ""-"", ""sshymc"": ""C 制造业"", ""ylbz"": ""-""}",OFFICIAL_SZSE_BOARD_FIELD
SZSE,MAIN,A_SHARE,002205,国统股份,2008-01-23,https://www.szse.cn/api/report/ShowReport/data?SHOWTYPE=JSON&CATALOGID=1110&TABKEY=tab1&PAGENO=37,"{""agdm"": ""002205"", ""agjc"": ""<a href='http://www.szse.cn/certificate/individual/index.html?code=002205' target='_blank'><u>国统股份</u></a>"", ""agltgb"": ""1.85"", ""agssrq"": ""2008-01-23"", ""agzgb"": ""1.85"", ""bk"": ""主板"", ""gskzjglx"": ""-"", ""sfjybjqcy"": ""-"", ""sshymc"": ""C 制造业"", ""ylbz"": ""-""}",OFFICIAL_SZSE_BOARD_FIELD
SZSE,MAIN,A_SHARE,002206,海 利 得,2008-01-23,https://www.szse.cn/api/report/ShowReport/data?SHOWTYPE=JSON&CATALOGID=1110&TABKEY=tab1&PAGENO=37,"{""agdm"": ""002206"", ""agjc"": ""<a href='http://www.szse.cn/certificate/individual/index.html?code=002206' target='_blank'><u>海 利 得</u></a>"", ""agltgb"": ""10.56"", ""agssrq"": ""2008-01-23"", ""agzgb"": ""11.62"", ""bk"": ""主板"", ""gskzjglx"": ""-"", ""sfjybjqcy"": ""-"", ""sshymc"": ""C 制造业"", ""ylbz"": ""-""}",OFFICIAL_SZSE_BOARD_FIELD
SZSE,MAIN,A_SHARE,002207,*ST准油,2008-01-28,https://www.szse.cn/api/report/ShowReport/data?SHOWTYPE=JSON&CATALOGID=1110&TABKEY=tab1&PAGENO=37,"{""agdm"": ""002207"", ""agjc"": ""<a href='http://www.szse.cn/certificate/individual/index.html?code=002207' target='_blank'><u>*ST准油</u></a>"", ""agltgb"": ""2.60"", ""agssrq"": ""2008-01-28"", ""agzgb"": ""2.62"", ""bk"": ""主板"", ""gskzjglx"": ""-"", ""sfjybjqcy"": ""-"", ""sshymc"": ""B 采矿业"", ""ylbz"": ""-""}",OFFICIAL_SZSE_BOARD_FIELD
SZSE,MAIN,A_SHARE,002208,合肥城建,2008-01-28,https://www.szse.cn/api/report/ShowReport/data?SHOWTYPE=JSON&CATALOGID=1110&TABKEY=tab1&PAGENO=37,"{""agdm"": ""002208"", ""agjc"": ""<a href='http://www.szse.cn/certificate/individual/index.html?code=002208' target='_blank'><u>合肥城建</u></a>"", ""agltgb"": ""8.03"", ""agssrq"": ""2008-01-28"", ""agzgb"": ""8.03"", ""bk"": ""主板"", ""gskzjglx"": ""-"", ""sfjybjqcy"": ""-"", ""sshymc"": ""K 房地产"", ""ylbz"": ""-""}",OFFICIAL_SZSE_BOARD_FIELD
SZSE,MAIN,A_SHARE,002209,达 意 隆,2008-01-30,https://www.szse.cn/api/report/ShowReport/data?SHOWTYPE=JSON&CATALOGID=1110&TABKEY=tab1&PAGENO=37,"{""agdm"": ""002209"", ""agjc"": ""<a href='http://www.szse.cn/certificate/individual/index.html?code=002209' target='_blank'><u>达 意 隆</u></a>"", ""agltgb"": ""1.57"", ""agssrq"": ""2008-01-30"", ""agzgb"": ""2.04"", ""bk"": ""主板"", ""gskzjglx"": ""-"", ""sfjybjqcy"": ""-"", ""sshymc"": ""C 制造业"", ""ylbz"": ""-""}",OFFICIAL_SZSE_BOARD_FIELD
SZSE,MAIN,A_SHARE,002210,飞马国际,2008-01-30,https://www.szse.cn/api/report/ShowReport/data?SHOWTYPE=JSON&CATALOGID=1110&TABKEY=tab1&PAGENO=37,"{""agdm"": ""002210"", ""agjc"": ""<a href='http://www.szse.cn/certificate/individual/index.html?code=002210' target='_blank'><u>飞马国际</u></a>"", ""agltgb"": ""26.56"", ""agssrq"": ""2008-01-30"", ""agzgb"": ""26.61"", ""bk"": ""主板"", ""gskzjglx"": ""-"", ""sfjybjqcy"": ""-"", ""sshymc"": ""L 商务服务"", ""ylbz"": ""-""}",OFFICIAL_SZSE_BOARD_FIELD
SZSE,MAIN,A_SHARE,002211,ST宏达,2008-02-01,https://www.szse.cn/api/report/ShowReport/data?SHOWTYPE=JSON&CATALOGID=1110&TABKEY=tab1&PAGENO=37,"{""agdm"": ""002211"", ""agjc"": ""<a href='http://www.szse.cn/certificate/individual/index.html?code=002211' target='_blank'><u>ST宏达</u></a>"", ""agltgb"": ""4.32"", ""agssrq"": ""2008-02-01"", ""agzgb"": ""4.32"", ""bk"": ""主板"", ""gskzjglx"": ""-"", ""sfjybjqcy"": ""-"", ""sshymc"": ""C 制造业"", ""ylbz"": ""-""}",OFFICIAL_SZSE_BOARD_FIELD
SZSE,MAIN,A_SHARE,002212,天融信,2008-02-01,https://www.szse.cn/api/report/ShowReport/data?SHOWTYPE=JSON&CATALOGID=1110&TABKEY=tab1&PAGENO=37,"{""agdm"": ""002212"", ""agjc"": ""<a href='http://www.szse.cn/certificate/individual/index.html?code=002212' target='_blank'><u>天融信</u></a>"", ""agltgb"": ""11.66"", ""agssrq"": ""2008-02-01"", ""agzgb"": ""11.79"", ""bk"": ""主板"", ""gskzjglx"": ""-"", ""sfjybjqcy"": ""-"", ""sshymc"": ""I 信息技术"", ""ylbz"": ""-""}",OFFICIAL_SZSE_BOARD_FIELD
SZSE,MAIN,A_SHARE,002213,大为股份,2008-02-01,https://www.szse.cn/api/report/ShowReport/data?SHOWTYPE=JSON&CATALOGID=1110&TABKEY=tab1&PAGENO=37,"{""agdm"": ""002213"", ""agjc"": ""<a href='http://www.szse.cn/certificate/individual/index.html?code=002213' target='_blank'><u>大为股份</u></a>"", ""agltgb"": ""2.06"", ""agssrq"": ""2008-02-01"", ""agzgb"": ""2.37"", ""bk"": ""主板"", ""gskzjglx"": ""-"", ""sfjybjqcy"": ""-"", ""sshymc"": ""C 制造业"", ""ylbz"": ""-""}",OFFICIAL_SZSE_BOARD_FIELD
SZSE,MAIN,A_SHARE,002214,*ST大立,2008-02-18,https://www.szse.cn/api/report/ShowReport/data?SHOWTYPE=JSON&CATALOGID=1110&TABKEY=tab1&PAGENO=37,"{""agdm"": ""002214"", ""agjc"": ""<a href='http://www.szse.cn/certificate/individual/index.html?code=002214' target='_blank'><u>*ST大立</u></a>"", ""agltgb"": ""4.78"", ""agssrq"": ""2008-02-18"", ""agzgb"": ""5.98"", ""bk"": ""主板"", ""gskzjglx"": ""-"", ""sfjybjqcy"": ""-"", ""sshymc"": ""C 制造业"", ""ylbz"": ""-""}",OFFICIAL_SZSE_BOARD_FIELD
SZSE,MAIN,A_SHARE,002215,诺 普 信,2008-02-18,https://www.szse.cn/api/report/ShowReport/data?SHOWTYPE=JSON&CATALOGID=1110&TABKEY=tab1&PAGENO=37,"{""agdm"": ""002215"", ""agjc"": ""<a href='http://www.szse.cn/certificate/individual/index.html?code=002215' target='_blank'><u>诺 普 信</u></a>"", ""agltgb"": ""8.08"", ""agssrq"": ""2008-02-18"", ""agzgb"": ""10.04"", ""bk"": ""主板"", ""gskzjglx"": ""-"", ""sfjybjqcy"": ""-"", ""sshymc"": ""C 制造业"", ""ylbz"": ""-""}",OFFICIAL_SZSE_BOARD_FIELD
SZSE,MAIN,A_SHARE,002216,三全食品,2008-02-20,https://www.szse.cn/api/report/ShowReport/data?SHOWTYPE=JSON&CATALOGID=1110&TABKEY=tab1&PAGENO=37,"{""agdm"": ""002216"", ""agjc"": ""<a href='http://www.szse.cn/certificate/individual/index.html?code=002216' target='_blank'><u>三全食品</u></a>"", ""agltgb"": ""6.30"", ""agssrq"": ""2008-02-20"", ""agzgb"": ""8.79"", ""bk"": ""主板"", ""gskzjglx"": ""-"", ""sfjybjqcy"": ""-"", ""sshymc"": ""C 制造业"", ""ylbz"": ""-""}",OFFICIAL_SZSE_BOARD_FIELD
SZSE,MAIN,A_SHARE,002217,ST合力泰,2008-02-20,https://www.szse.cn/api/report/ShowReport/data?SHOWTYPE=JSON&CATALOGID=1110&TABKEY=tab1&PAGENO=37,"{""agdm"": ""002217"", ""agjc"": ""<a href='http://www.szse.cn/certificate/individual/index.html?code=002217' target='_blank'><u>ST合力泰</u></a>"", ""agltgb"": ""72.79"", ""agssrq"": ""2008-02-20"", ""agzgb"": ""74.79"", ""bk"": ""主板"", ""gskzjglx"": ""-"", ""sfjybjqcy"": ""-"", ""sshymc"": ""C 制造业"", ""ylbz"": ""-""}",OFFICIAL_SZSE_BOARD_FIELD
SZSE,MAIN,A_SHARE,002218,拓日新能,2008-02-28,https://www.szse.cn/api/report/ShowReport/data?SHOWTYPE=JSON&CATALOGID=1110&TABKEY=tab1&PAGENO=37,"{""agdm"": ""002218"", ""agjc"": ""<a href='http://www.szse.cn/certificate/individual/index.html?code=002218' target='_blank'><u>拓日新能</u></a>"", ""agltgb"": ""13.87"", ""agssrq"": ""2008-02-28"", ""agzgb"": ""14.08"", ""bk"": ""主板"", ""gskzjglx"": ""-"", ""sfjybjqcy"": ""-"", ""sshymc"": ""C 制造业"", ""ylbz"": ""-""}",OFFICIAL_SZSE_BOARD_FIELD
SZSE,MAIN,A_SHARE,002219,新里程,2008-03-06,https://www.szse.cn/api/report/ShowReport/data?SHOWTYPE=JSON&CATALOGID=1110&TABKEY=tab1&PAGENO=37,"{""agdm"": ""002219"", ""agjc"": ""<a href='http://www.szse.cn/certificate/individual/index.html?code=002219' target='_blank'><u>新里程</u></a>"", ""agltgb"": ""32.72"", ""agssrq"": ""2008-03-06"", ""agzgb"": ""34.51"", ""bk"": ""主板"", ""gskzjglx"": ""-"", ""sfjybjqcy"": ""-"", ""sshymc"": ""Q 卫生"", ""ylbz"": ""-""}",OFFICIAL_SZSE_BOARD_FIELD
SZSE,MAIN,A_SHARE,002221,东华能源,2008-03-06,https://www.szse.cn/api/report/ShowReport/data?SHOWTYPE=JSON&CATALOGID=1110&TABKEY=tab1&PAGENO=38,"{""agdm"": ""002221"", ""agjc"": ""<a href='http://www.szse.cn/certificate/individual/index.html?code=002221' target='_blank'><u>东华能源</u></a>"", ""agltgb"": ""14.61"", ""agssrq"": ""2008-03-06"", ""agzgb"": ""15.76"", ""bk"": ""主板"", ""gskzjglx"": ""-"", ""sfjybjqcy"": ""-"", ""sshymc"": ""F 批发零售"", ""ylbz"": ""-""}",OFFICIAL_SZSE_BOARD_FIELD
SZSE,MAIN,A_SHARE,002222,福晶科技,2008-03-19,https://www.szse.cn/api/report/ShowReport/data?SHOWTYPE=JSON&CATALOGID=1110&TABKEY=tab1&PAGENO=38,"{""agdm"": ""002222"", ""agjc"": ""<a href='http://www.szse.cn/certificate/individual/index.html?code=002222' target='_blank'><u>福晶科技</u></a>"", ""agltgb"": ""4.67"", ""agssrq"": ""2008-03-19"", ""agzgb"": ""4.70"", ""bk"": ""主板"", ""gskzjglx"": ""-"", ""sfjybjqcy"": ""-"", ""sshymc"": ""C 制造业"", ""ylbz"": ""-""}",OFFICIAL_SZSE_BOARD_FIELD
SZSE,MAIN,A_SHARE,002223,鱼跃医疗,2008-04-18,https://www.szse.cn/api/report/ShowReport/data?SHOWTYPE=JSON&CATALOGID=1110&TABKEY=tab1&PAGENO=38,"{""agdm"": ""002223"", ""agjc"": ""<a href='http://www.szse.cn/certificate/individual/index.html?code=002223' target='_blank'><u>鱼跃医疗</u></a>"", ""agltgb"": ""9.44"", ""agssrq"": ""2008-04-18"", ""agzgb"": ""10.02"", ""bk"": ""主板"", ""gskzjglx"": ""-"", ""sfjybjqcy"": ""-"", ""sshymc"": ""C 制造业"", ""ylbz"": ""-""}",OFFICIAL_SZSE_BOARD_FIELD
SZSE,MAIN,A_SHARE,002224,三 力 士,2008-04-25,https://www.szse.cn/api/report/ShowReport/data?SHOWTYPE=JSON&CATALOGID=1110&TABKEY=tab1&PAGENO=38,"{""agdm"": ""002224"", ""agjc"": ""<a href='http://www.szse.cn/certificate/individual/index.html?code=002224' target='_blank'><u>三 力 士</u></a>"", ""agltgb"": ""8.06"", ""agssrq"": ""2008-04-25"", ""agzgb"": ""9.02"", ""bk"": ""主板"", ""gskzjglx"": ""-"", ""sfjybjqcy"": ""-"", ""sshymc"": ""C 制造业"", ""ylbz"": ""-""}",OFFICIAL_SZSE_BOARD_FIELD
SZSE,MAIN,A_SHARE,002225,濮耐股份,2008-04-25,https://www.szse.cn/api/report/ShowReport/data?SHOWTYPE=JSON&CATALOGID=1110&TABKEY=tab1&PAGENO=38,"{""agdm"": ""002225"", ""agjc"": ""<a href='http://www.szse.cn/certificate/individual/index.html?code=002225' target='_blank'><u>濮耐股份</u></a>"", ""agltgb"": ""9.74"", ""agssrq"": ""2008-04-25"", ""agzgb"": ""11.59"", ""bk"": ""主板"", ""gskzjglx"": ""-"", ""sfjybjqcy"": ""-"", ""sshymc"": ""C 制造业"", ""ylbz"": ""-""}",OFFICIAL_SZSE_BOARD_FIELD
SZSE,MAIN,A_SHARE,002226,江南化工,2008-05-06,https://www.szse.cn/api/report/ShowReport/data?SHOWTYPE=JSON&CATALOGID=1110&TABKEY=tab1&PAGENO=38,"{""agdm"": ""002226"", ""agjc"": ""<a href='http://www.szse.cn/certificate/individual/index.html?code=002226' target='_blank'><u>江南化工</u></a>"", ""agltgb"": ""26.48"", ""agssrq"": ""2008-05-06"", ""agzgb"": ""26.48"", ""bk"": ""主板"", ""gskzjglx"": ""-"", ""sfjybjqcy"": ""-"", ""sshymc"": ""C 制造业"", ""ylbz"": ""-""}",OFFICIAL_SZSE_BOARD_FIELD
SZSE,MAIN,A_SHARE,002227,*ST特迅,2008-05-06,https://www.szse.cn/api/report/ShowReport/data?SHOWTYPE=JSON&CATALOGID=1110&TABKEY=tab1&PAGENO=38,"{""agdm"": ""002227"", ""agjc"": ""<a href='http://www.szse.cn/certificate/individual/index.html?code=002227' target='_blank'><u>*ST特迅</u></a>"", ""agltgb"": ""2.45"", ""agssrq"": ""2008-05-06"", ""agzgb"": ""2.47"", ""bk"": ""主板"", ""gskzjglx"": ""-"", ""sfjybjqcy"": ""-"", ""sshymc"": ""C 制造业"", ""ylbz"": ""-""}",OFFICIAL_SZSE_BOARD_FIELD
SZSE,MAIN,A_SHARE,002228,合兴包装,2008-05-08,https://www.szse.cn/api/report/ShowReport/data?SHOWTYPE=JSON&CATALOGID=1110&TABKEY=tab1&PAGENO=38,"{""agdm"": ""002228"", ""agjc"": ""<a href='http://www.szse.cn/certificate/individual/index.html?code=002228' target='_blank'><u>合兴包装</u></a>"", ""agltgb"": ""12.09"", ""agssrq"": ""2008-05-08"", ""agzgb"": ""12.13"", ""bk"": ""主板"", ""gskzjglx"": ""-"", ""sfjybjqcy"": ""-"", ""sshymc"": ""C 制造业"", ""ylbz"": ""-""}",OFFICIAL_SZSE_BOARD_FIELD
SZSE,MAIN,A_SHARE,002229,鸿博股份,2008-05-08,https://www.szse.cn/api/report/ShowReport/data?SHOWTYPE=JSON&CATALOGID=1110&TABKEY=tab1&PAGENO=38,"{""agdm"": ""002229"", ""agjc"": ""<a href='http://www.szse.cn/certificate/individual/index.html?code=002229' target='_blank'><u>鸿博股份</u></a>"", ""agltgb"": ""4.93"", ""agssrq"": ""2008-05-08"", ""agzgb"": ""4.96"", ""bk"": ""主板"", ""gskzjglx"": ""-"", ""sfjybjqcy"": ""-"", ""sshymc"": ""C 制造业"", ""ylbz"": ""-""}",OFFICIAL_SZSE_BOARD_FIELD
SZSE,MAIN,A_SHARE,002230,科大讯飞,2008-05-12,https://www.szse.cn/api/report/ShowReport/data?SHOWTYPE=JSON&CATALOGID=1110&TABKEY=tab1&PAGENO=38,"{""agdm"": ""002230"", ""agjc"": ""<a href='http://www.szse.cn/certificate/individual/index.html?code=002230' target='_blank'><u>科大讯飞</u></a>"", ""agltgb"": ""21.89"", ""agssrq"": ""2008-05-12"", ""agzgb"": ""24.02"", ""bk"": ""主板"", ""gskzjglx"": ""-"", ""sfjybjqcy"": ""-"", ""sshymc"": ""I 信息技术"", ""ylbz"": ""-""}",OFFICIAL_SZSE_BOARD_FIELD
SZSE,MAIN,A_SHARE,002232,启明信息,2008-05-09,https://www.szse.cn/api/report/ShowReport/data?SHOWTYPE=JSON&CATALOGID=1110&TABKEY=tab1&PAGENO=38,"{""agdm"": ""002232"", ""agjc"": ""<a href='http://www.szse.cn/certificate/individual/index.html?code=002232' target='_blank'><u>启明信息</u></a>"", ""agltgb"": ""4.08"", ""agssrq"": ""2008-05-09"", ""agzgb"": ""4.08"", ""bk"": ""主板"", ""gskzjglx"": ""-"", ""sfjybjqcy"": ""-"", ""sshymc"": ""I 信息技术"", ""ylbz"": ""-""}",OFFICIAL_SZSE_BOARD_FIELD
SZSE,MAIN,A_SHARE,002233,塔牌集团,2008-05-16,https://www.szse.cn/api/report/ShowReport/data?SHOWTYPE=JSON&CATALOGID=1110&TABKEY=tab1&PAGENO=38,"{""agdm"": ""002233"", ""agjc"": ""<a href='http://www.szse.cn/certificate/individual/index.html?code=002233' target='_blank'><u>塔牌集团</u></a>"", ""agltgb"": ""11.73"", ""agssrq"": ""2008-05-16"", ""agzgb"": ""11.74"", ""bk"": ""主板"", ""gskzjglx"": ""-"", ""sfjybjqcy"": ""-"", ""sshymc"": ""C 制造业"", ""ylbz"": ""-""}",OFFICIAL_SZSE_BOARD_FIELD
SZSE,MAIN,A_SHARE,002234,民和股份,2008-05-16,https://www.szse.cn/api/report/ShowReport/data?SHOWTYPE=JSON&CATALOGID=1110&TABKEY=tab1&PAGENO=38,"{""agdm"": ""002234"", ""agjc"": ""<a href='http://www.szse.cn/certificate/individual/index.html?code=002234' target='_blank'><u>民和股份</u></a>"", ""agltgb"": ""3.01"", ""agssrq"": ""2008-05-16"", ""agzgb"": ""3.48"", ""bk"": ""主板"", ""gskzjglx"": ""-"", ""sfjybjqcy"": ""-"", ""sshymc"": ""A 农林牧渔"", ""ylbz"": ""-""}",OFFICIAL_SZSE_BOARD_FIELD
SZSE,MAIN,A_SHARE,002235,安妮股份,2008-05-16,https://www.szse.cn/api/report/ShowReport/data?SHOWTYPE=JSON&CATALOGID=1110&TABKEY=tab1&PAGENO=38,"{""agdm"": ""002235"", ""agjc"": ""<a href='http://www.szse.cn/certificate/individual/index.html?code=002235' target='_blank'><u>安妮股份</u></a>"", ""agltgb"": ""5.53"", ""agssrq"": ""2008-05-16"", ""agzgb"": ""5.79"", ""bk"": ""主板"", ""gskzjglx"": ""-"", ""sfjybjqcy"": ""-"", ""sshymc"": ""C 制造业"", ""ylbz"": ""-""}",OFFICIAL_SZSE_BOARD_FIELD
SZSE,MAIN,A_SHARE,002236,大华股份,2008-05-20,https://www.szse.cn/api/report/ShowReport/data?SHOWTYPE=JSON&CATALOGID=1110&TABKEY=tab1&PAGENO=38,"{""agdm"": ""002236"", ""agjc"": ""<a href='http://www.szse.cn/certificate/individual/index.html?code=002236' target='_blank'><u>大华股份</u></a>"", ""agltgb"": ""23.91"", ""agssrq"": ""2008-05-20"", ""agzgb"": ""32.69"", ""bk"": ""主板"", ""gskzjglx"": ""-"", ""sfjybjqcy"": ""-"", ""sshymc"": ""C 制造业"", ""ylbz"": ""-""}",OFFICIAL_SZSE_BOARD_FIELD
SZSE,MAIN,A_SHARE,002237,恒邦股份,2008-05-20,https://www.szse.cn/api/report/ShowReport/data?SHOWTYPE=JSON&CATALOGID=1110&TABKEY=tab1&PAGENO=38,"{""agdm"": ""002237"", ""agjc"": ""<a href='http://www.szse.cn/certificate/individual/index.html?code=002237' target='_blank'><u>恒邦股份</u></a>"", ""agltgb"": ""11.92"", ""agssrq"": ""2008-05-20"", ""agzgb"": ""14.29"", ""bk"": ""主板"", ""gskzjglx"": ""-"", ""sfjybjqcy"": ""-"", ""sshymc"": ""C 制造业"", ""ylbz"": ""-""}",OFFICIAL_SZSE_BOARD_FIELD
SZSE,MAIN,A_SHARE,002238,天威视讯,2008-05-26,https://www.szse.cn/api/report/ShowReport/data?SHOWTYPE=JSON&CATALOGID=1110&TABKEY=tab1&PAGENO=38,"{""agdm"": ""002238"", ""agjc"": ""<a href='http://www.szse.cn/certificate/individual/index.html?code=002238' target='_blank'><u>天威视讯</u></a>"", ""agltgb"": ""8.02"", ""agssrq"": ""2008-05-26"", ""agzgb"": ""8.02"", ""bk"": ""主板"", ""gskzjglx"": ""-"", ""sfjybjqcy"": ""-"", ""sshymc"": ""I 信息技术"", ""ylbz"": ""-""}",OFFICIAL_SZSE_BOARD_FIELD
SZSE,MAIN,A_SHARE,002239,奥特佳,2008-05-22,https://www.szse.cn/api/report/ShowReport/data?SHOWTYPE=JSON&CATALOGID=1110&TABKEY=tab1&PAGENO=38,"{""agdm"": ""002239"", ""agjc"": ""<a href='http://www.szse.cn/certificate/individual/index.html?code=002239' target='_blank'><u>奥特佳</u></a>"", ""agltgb"": ""32.66"", ""agssrq"": ""2008-05-22"", ""agzgb"": ""35.15"", ""bk"": ""主板"", ""gskzjglx"": ""-"", ""sfjybjqcy"": ""-"", ""sshymc"": ""C 制造业"", ""ylbz"": ""-""}",OFFICIAL_SZSE_BOARD_FIELD
SZSE,MAIN,A_SHARE,002240,盛新锂能,2008-05-23,https://www.szse.cn/api/report/ShowReport/data?SHOWTYPE=JSON&CATALOGID=1110&TABKEY=tab1&PAGENO=38,"{""agdm"": ""002240"", ""agjc"": ""<a href='http://www.szse.cn/certificate/individual/index.html?code=002240' target='_blank'><u>盛新锂能</u></a>"", ""agltgb"": ""9.12"", ""agssrq"": ""2008-05-23"", ""agzgb"": ""9.15"", ""bk"": ""主板"", ""gskzjglx"": ""-"", ""sfjybjqcy"": ""-"", ""sshymc"": ""C 制造业"", ""ylbz"": ""-""}",OFFICIAL_SZSE_BOARD_FIELD
SZSE,MAIN,A_SHARE,002241,歌尔股份,2008-05-22,https://www.szse.cn/api/report/ShowReport/data?SHOWTYPE=JSON&CATALOGID=1110&TABKEY=tab1&PAGENO=38,"{""agdm"": ""002241"", ""agjc"": ""<a href='http://www.szse.cn/certificate/individual/index.html?code=002241' target='_blank'><u>歌尔股份</u></a>"", ""agltgb"": ""31.47"", ""agssrq"": ""2008-05-22"", ""agzgb"": ""35.53"", ""bk"": ""主板"", ""gskzjglx"": ""-"", ""sfjybjqcy"": ""-"", ""sshymc"": ""C 制造业"", ""ylbz"": ""-""}",OFFICIAL_SZSE_BOARD_FIELD
SZSE,MAIN,A_SHARE,002242,九阳股份,2008-05-28,https://www.szse.cn/api/report/ShowReport/data?SHOWTYPE=JSON&CATALOGID=1110&TABKEY=tab1&PAGENO=39,"{""agdm"": ""002242"", ""agjc"": ""<a href='http://www.szse.cn/certificate/individual/index.html?code=002242' target='_blank'><u>九阳股份</u></a>"", ""agltgb"": ""7.61"", ""agssrq"": ""2008-05-28"", ""agzgb"": ""7.63"", ""bk"": ""主板"", ""gskzjglx"": ""-"", ""sfjybjqcy"": ""-"", ""sshymc"": ""C 制造业"", ""ylbz"": ""-""}",OFFICIAL_SZSE_BOARD_FIELD
SZSE,MAIN,A_SHARE,002243,力合科创,2008-05-28,https://www.szse.cn/api/report/ShowReport/data?SHOWTYPE=JSON&CATALOGID=1110&TABKEY=tab1&PAGENO=39,"{""agdm"": ""002243"", ""agjc"": ""<a href='http://www.szse.cn/certificate/individual/index.html?code=002243' target='_blank'><u>力合科创</u></a>"", ""agltgb"": ""12.02"", ""agssrq"": ""2008-05-28"", ""agzgb"": ""12.10"", ""bk"": ""主板"", ""gskzjglx"": ""-"", ""sfjybjqcy"": ""-"", ""sshymc"": ""C 制造业"", ""ylbz"": ""-""}",OFFICIAL_SZSE_BOARD_FIELD
SZSE,MAIN,A_SHARE,002244,滨江集团,2008-05-29,https://www.szse.cn/api/report/ShowReport/data?SHOWTYPE=JSON&CATALOGID=1110&TABKEY=tab1&PAGENO=39,"{""agdm"": ""002244"", ""agjc"": ""<a href='http://www.szse.cn/certificate/individual/index.html?code=002244' target='_blank'><u>滨江集团</u></a>"", ""agltgb"": ""27.57"", ""agssrq"": ""2008-05-29"", ""agzgb"": ""31.11"", ""bk"": ""主板"", ""gskzjglx"": ""-"", ""sfjybjqcy"": ""-"", ""sshymc"": ""K 房地产"", ""ylbz"": ""-""}",OFFICIAL_SZSE_BOARD_FIELD
SZSE,MAIN,A_SHARE,002245,蔚蓝锂芯,2008-06-05,https://www.szse.cn/api/report/ShowReport/data?SHOWTYPE=JSON&CATALOGID=1110&TABKEY=tab1&PAGENO=39,"{""agdm"": ""002245"", ""agjc"": ""<a href='http://www.szse.cn/certificate/individual/index.html?code=002245' target='_blank'><u>蔚蓝锂芯</u></a>"", ""agltgb"": ""16.09"", ""agssrq"": ""2008-06-05"", ""agzgb"": ""17.10"", ""bk"": ""主板"", ""gskzjglx"": ""-"", ""sfjybjqcy"": ""-"", ""sshymc"": ""C 制造业"", ""ylbz"": ""-""}",OFFICIAL_SZSE_BOARD_FIELD
SZSE,MAIN,A_SHARE,002246,北化股份,2008-06-05,https://www.szse.cn/api/report/ShowReport/data?SHOWTYPE=JSON&CATALOGID=1110&TABKEY=tab1&PAGENO=39,"{""agdm"": ""002246"", ""agjc"": ""<a href='http://www.szse.cn/certificate/individual/index.html?code=002246' target='_blank'><u>北化股份</u></a>"", ""agltgb"": ""5.49"", ""agssrq"": ""2008-06-05"", ""agzgb"": ""5.49"", ""bk"": ""主板"", ""gskzjglx"": ""-"", ""sfjybjqcy"": ""-"", ""sshymc"": ""C 制造业"", ""ylbz"": ""-""}",OFFICIAL_SZSE_BOARD_FIELD
SZSE,MAIN,A_SHARE,002247,聚力文化,2008-06-12,https://www.szse.cn/api/report/ShowReport/data?SHOWTYPE=JSON&CATALOGID=1110&TABKEY=tab1&PAGENO=39,"{""agdm"": ""002247"", ""agjc"": ""<a href='http://www.szse.cn/certificate/individual/index.html?code=002247' target='_blank'><u>聚力文化</u></a>"", ""agltgb"": ""6.43"", ""agssrq"": ""2008-06-12"", ""agzgb"": ""8.50"", ""bk"": ""主板"", ""gskzjglx"": ""-"", ""sfjybjqcy"": ""-"", ""sshymc"": ""C 制造业"", ""ylbz"": ""-""}",OFFICIAL_SZSE_BOARD_FIELD
SZSE,MAIN,A_SHARE,002248,华东数控,2008-06-12,https://www.szse.cn/api/report/ShowReport/data?SHOWTYPE=JSON&CATALOGID=1110&TABKEY=tab1&PAGENO=39,"{""agdm"": ""002248"", ""agjc"": ""<a href='http://www.szse.cn/certificate/individual/index.html?code=002248' target='_blank'><u>华东数控</u></a>"", ""agltgb"": ""3.07"", ""agssrq"": ""2008-06-12"", ""agzgb"": ""3.07"", ""bk"": ""主板"", ""gskzjglx"": ""-"", ""sfjybjqcy"": ""-"", ""sshymc"": ""C 制造业"", ""ylbz"": ""-""}",OFFICIAL_SZSE_BOARD_FIELD
SZSE,MAIN,A_SHARE,002249,大洋电机,2008-06-19,https://www.szse.cn/api/report/ShowReport/data?SHOWTYPE=JSON&CATALOGID=1110&TABKEY=tab1&PAGENO=39,"{""agdm"": ""002249"", ""agjc"": ""<a href='http://www.szse.cn/certificate/individual/index.html?code=002249' target='_blank'><u>大洋电机</u></a>"", ""agltgb"": ""18.64"", ""agssrq"": ""2008-06-19"", ""agzgb"": ""24.68"", ""bk"": ""主板"", ""gskzjglx"": ""-"", ""sfjybjqcy"": ""-"", ""sshymc"": ""C 制造业"", ""ylbz"": ""-""}",OFFICIAL_SZSE_BOARD_FIELD
SZSE,MAIN,A_SHARE,002250,联化科技,2008-06-19,https://www.szse.cn/api/report/ShowReport/data?SHOWTYPE=JSON&CATALOGID=1110&TABKEY=tab1&PAGENO=39,"{""agdm"": ""002250"", ""agjc"": ""<a href='http://www.szse.cn/certificate/individual/index.html?code=002250' target='_blank'><u>联化科技</u></a>"", ""agltgb"": ""8.95"", ""agssrq"": ""2008-06-19"", ""agzgb"": ""8.99"", ""bk"": ""主板"", ""gskzjglx"": ""-"", ""sfjybjqcy"": ""-"", ""sshymc"": ""C 制造业"", ""ylbz"": ""-""}",OFFICIAL_SZSE_BOARD_FIELD
SZSE,MAIN,A_SHARE,002251,步步高,2008-06-19,https://www.szse.cn/api/report/ShowReport/data?SHOWTYPE=JSON&CATALOGID=1110&TABKEY=tab1&PAGENO=39,"{""agdm"": ""002251"", ""agjc"": ""<a href='http://www.szse.cn/certificate/individual/index.html?code=002251' target='_blank'><u>步步高</u></a>"", ""agltgb"": ""21.52"", ""agssrq"": ""2008-06-19"", ""agzgb"": ""26.88"", ""bk"": ""主板"", ""gskzjglx"": ""-"", ""sfjybjqcy"": ""-"", ""sshymc"": ""F 批发零售"", ""ylbz"": ""-""}",OFFICIAL_SZSE_BOARD_FIELD
SZSE,MAIN,A_SHARE,002252,上海莱士,2008-06-23,https://www.szse.cn/api/report/ShowReport/data?SHOWTYPE=JSON&CATALOGID=1110&TABKEY=tab1&PAGENO=39,"{""agdm"": ""002252"", ""agjc"": ""<a href='http://www.szse.cn/certificate/individual/index.html?code=002252' target='_blank'><u>上海莱士</u></a>"", ""agltgb"": ""65.88"", ""agssrq"": ""2008-06-23"", ""agzgb"": ""65.92"", ""bk"": ""主板"", ""gskzjglx"": ""-"", ""sfjybjqcy"": ""-"", ""sshymc"": ""C 制造业"", ""ylbz"": ""-""}",OFFICIAL_SZSE_BOARD_FIELD
SZSE,MAIN,A_SHARE,002253,川大智胜,2008-06-23,https://www.szse.cn/api/report/ShowReport/data?SHOWTYPE=JSON&CATALOGID=1110&TABKEY=tab1&PAGENO=39,"{""agdm"": ""002253"", ""agjc"": ""<a href='http://www.szse.cn/certificate/individual/index.html?code=002253' target='_blank'><u>川大智胜</u></a>"", ""agltgb"": ""2.09"", ""agssrq"": ""2008-06-23"", ""agzgb"": ""2.25"", ""bk"": ""主板"", ""gskzjglx"": ""-"", ""sfjybjqcy"": ""-"", ""sshymc"": ""I 信息技术"", ""ylbz"": ""-""}",OFFICIAL_SZSE_BOARD_FIELD
SZSE,MAIN,A_SHARE,002254,泰和新材,2008-06-25,https://www.szse.cn/api/report/ShowReport/data?SHOWTYPE=JSON&CATALOGID=1110&TABKEY=tab1&PAGENO=39,"{""agdm"": ""002254"", ""agjc"": ""<a href='http://www.szse.cn/certificate/individual/index.html?code=002254' target='_blank'><u>泰和新材</u></a>"", ""agltgb"": ""8.50"", ""agssrq"": ""2008-06-25"", ""agzgb"": ""8.51"", ""bk"": ""主板"", ""gskzjglx"": ""-"", ""sfjybjqcy"": ""-"", ""sshymc"": ""C 制造业"", ""ylbz"": ""-""}",OFFICIAL_SZSE_BOARD_FIELD
SZSE,MAIN,A_SHARE,002255,海陆重工,2008-06-25,https://www.szse.cn/api/report/ShowReport/data?SHOWTYPE=JSON&CATALOGID=1110&TABKEY=tab1&PAGENO=39,"{""agdm"": ""002255"", ""agjc"": ""<a href='http://www.szse.cn/certificate/individual/index.html?code=002255' target='_blank'><u>海陆重工</u></a>"", ""agltgb"": ""6.37"", ""agssrq"": ""2008-06-25"", ""agzgb"": ""8.30"", ""bk"": ""主板"", ""gskzjglx"": ""-"", ""sfjybjqcy"": ""-"", ""sshymc"": ""C 制造业"", ""ylbz"": ""-""}",OFFICIAL_SZSE_BOARD_FIELD
SZSE,MAIN,A_SHARE,002256,兆新股份,2008-06-25,https://www.szse.cn/api/report/ShowReport/data?SHOWTYPE=JSON&CATALOGID=1110&TABKEY=tab1&PAGENO=39,"{""agdm"": ""002256"", ""agjc"": ""<a href='http://www.szse.cn/certificate/individual/index.html?code=002256' target='_blank'><u>兆新股份</u></a>"", ""agltgb"": ""20.14"", ""agssrq"": ""2008-06-25"", ""agzgb"": ""20.40"", ""bk"": ""主板"", ""gskzjglx"": ""-"", ""sfjybjqcy"": ""-"", ""sshymc"": ""D 水电煤气"", ""ylbz"": ""-""}",OFFICIAL_SZSE_BOARD_FIELD
SZSE,MAIN,A_SHARE,002258,利尔化学,2008-07-08,https://www.szse.cn/api/report/ShowReport/data?SHOWTYPE=JSON&CATALOGID=1110&TABKEY=tab1&PAGENO=39,"{""agdm"": ""002258"", ""agjc"": ""<a href='http://www.szse.cn/certificate/individual/index.html?code=002258' target='_blank'><u>利尔化学</u></a>"", ""agltgb"": ""7.99"", ""agssrq"": ""2008-07-08"", ""agzgb"": ""8.00"", ""bk"": ""主板"", ""gskzjglx"": ""-"", ""sfjybjqcy"": ""-"", ""sshymc"": ""C 制造业"", ""ylbz"": ""-""}",OFFICIAL_SZSE_BOARD_FIELD
SZSE,MAIN,A_SHARE,002259,升达林业,2008-07-16,https://www.szse.cn/api/report/ShowReport/data?SHOWTYPE=JSON&CATALOGID=1110&TABKEY=tab1&PAGENO=39,"{""agdm"": ""002259"", ""agjc"": ""<a href='http://www.szse.cn/certificate/individual/index.html?code=002259' target='_blank'><u>升达林业</u></a>"", ""agltgb"": ""7.52"", ""agssrq"": ""2008-07-16"", ""agzgb"": ""7.52"", ""bk"": ""主板"", ""gskzjglx"": ""-"", ""sfjybjqcy"": ""-"", ""sshymc"": ""D 水电煤气"", ""ylbz"": ""-""}",OFFICIAL_SZSE_BOARD_FIELD
SZSE,MAIN,A_SHARE,002261,拓维信息,2008-07-23,https://www.szse.cn/api/report/ShowReport/data?SHOWTYPE=JSON&CATALOGID=1110&TABKEY=tab1&PAGENO=39,"{""agdm"": ""002261"", ""agjc"": ""<a href='http://www.szse.cn/certificate/individual/index.html?code=002261' target='_blank'><u>拓维信息</u></a>"", ""agltgb"": ""11.46"", ""agssrq"": ""2008-07-23"", ""agzgb"": ""12.59"", ""bk"": ""主板"", ""gskzjglx"": ""-"", ""sfjybjqcy"": ""-"", ""sshymc"": ""I 信息技术"", ""ylbz"": ""-""}",OFFICIAL_SZSE_BOARD_FIELD
SZSE,MAIN,A_SHARE,002262,恩华药业,2008-07-23,https://www.szse.cn/api/report/ShowReport/data?SHOWTYPE=JSON&CATALOGID=1110&TABKEY=tab1&PAGENO=39,"{""agdm"": ""002262"", ""agjc"": ""<a href='http://www.szse.cn/certificate/individual/index.html?code=002262' target='_blank'><u>恩华药业</u></a>"", ""agltgb"": ""8.83"", ""agssrq"": ""2008-07-23"", ""agzgb"": ""10.15"", ""bk"": ""主板"", ""gskzjglx"": ""-"", ""sfjybjqcy"": ""-"", ""sshymc"": ""C 制造业"", ""ylbz"": ""-""}",OFFICIAL_SZSE_BOARD_FIELD
SZSE,MAIN,A_SHARE,002263,大东南,2008-07-28,https://www.szse.cn/api/report/ShowReport/data?SHOWTYPE=JSON&CATALOGID=1110&TABKEY=tab1&PAGENO=39,"{""agdm"": ""002263"", ""agjc"": ""<a href='http://www.szse.cn/certificate/individual/index.html?code=002263' target='_blank'><u>大东南</u></a>"", ""agltgb"": ""18.78"", ""agssrq"": ""2008-07-28"", ""agzgb"": ""18.78"", ""bk"": ""主板"", ""gskzjglx"": ""-"", ""sfjybjqcy"": ""-"", ""sshymc"": ""C 制造业"", ""ylbz"": ""-""}",OFFICIAL_SZSE_BOARD_FIELD
SZSE,MAIN,A_SHARE,002264,新 华 都,2008-07-31,https://www.szse.cn/api/report/ShowReport/data?SHOWTYPE=JSON&CATALOGID=1110&TABKEY=tab1&PAGENO=40,"{""agdm"": ""002264"", ""agjc"": ""<a href='http://www.szse.cn/certificate/individual/index.html?code=002264' target='_blank'><u>新 华 都</u></a>"", ""agltgb"": ""6.50"", ""agssrq"": ""2008-07-31"", ""agzgb"": ""7.19"", ""bk"": ""主板"", ""gskzjglx"": ""-"", ""sfjybjqcy"": ""-"", ""sshymc"": ""I 信息技术"", ""ylbz"": ""-""}",OFFICIAL_SZSE_BOARD_FIELD
SZSE,MAIN,A_SHARE,002265,建设工业,2008-08-06,https://www.szse.cn/api/report/ShowReport/data?SHOWTYPE=JSON&CATALOGID=1110&TABKEY=tab1&PAGENO=40,"{""agdm"": ""002265"", ""agjc"": ""<a href='http://www.szse.cn/certificate/individual/index.html?code=002265' target='_blank'><u>建设工业</u></a>"", ""agltgb"": ""10.33"", ""agssrq"": ""2008-08-06"", ""agzgb"": ""10.33"", ""bk"": ""主板"", ""gskzjglx"": ""-"", ""sfjybjqcy"": ""-"", ""sshymc"": ""C 制造业"", ""ylbz"": ""-""}",OFFICIAL_SZSE_BOARD_FIELD
SZSE,MAIN,A_SHARE,002266,浙富控股,2008-08-06,https://www.szse.cn/api/report/ShowReport/data?SHOWTYPE=JSON&CATALOGID=1110&TABKEY=tab1&PAGENO=40,"{""agdm"": ""002266"", ""agjc"": ""<a href='http://www.szse.cn/certificate/individual/index.html?code=002266' target='_blank'><u>浙富控股</u></a>"", ""agltgb"": ""48.42"", ""agssrq"": ""2008-08-06"", ""agzgb"": ""52.19"", ""bk"": ""主板"", ""gskzjglx"": ""-"", ""sfjybjqcy"": ""-"", ""sshymc"": ""N 公共环保"", ""ylbz"": ""-""}",OFFICIAL_SZSE_BOARD_FIELD
SZSE,MAIN,A_SHARE,002267,陕天然气,2008-08-13,https://www.szse.cn/api/report/ShowReport/data?SHOWTYPE=JSON&CATALOGID=1110&TABKEY=tab1&PAGENO=40,"{""agdm"": ""002267"", ""agjc"": ""<a href='http://www.szse.cn/certificate/individual/index.html?code=002267' target='_blank'><u>陕天然气</u></a>"", ""agltgb"": ""11.12"", ""agssrq"": ""2008-08-13"", ""agzgb"": ""11.12"", ""bk"": ""主板"", ""gskzjglx"": ""-"", ""sfjybjqcy"": ""-"", ""sshymc"": ""D 水电煤气"", ""ylbz"": ""-""}",OFFICIAL_SZSE_BOARD_FIELD
SZSE,MAIN,A_SHARE,002268,电科网安,2008-08-11,https://www.szse.cn/api/report/ShowReport/data?SHOWTYPE=JSON&CATALOGID=1110&TABKEY=tab1&PAGENO=40,"{""agdm"": ""002268"", ""agjc"": ""<a href='http://www.szse.cn/certificate/individual/index.html?code=002268' target='_blank'><u>电科网安</u></a>"", ""agltgb"": ""8.45"", ""agssrq"": ""2008-08-11"", ""agzgb"": ""8.45"", ""bk"": ""主板"", ""gskzjglx"": ""-"", ""sfjybjqcy"": ""-"", ""sshymc"": ""I 信息技术"", ""ylbz"": ""-""}",OFFICIAL_SZSE_BOARD_FIELD
SZSE,MAIN,A_SHARE,002269,美邦服饰,2008-08-28,https://www.szse.cn/api/report/ShowReport/data?SHOWTYPE=JSON&CATALOGID=1110&TABKEY=tab1&PAGENO=40,"{""agdm"": ""002269"", ""agjc"": ""<a href='http://www.szse.cn/certificate/individual/index.html?code=002269' target='_blank'><u>美邦服饰</u></a>"", ""agltgb"": ""23.43"", ""agssrq"": ""2008-08-28"", ""agzgb"": ""25.12"", ""bk"": ""主板"", ""gskzjglx"": ""-"", ""sfjybjqcy"": ""-"", ""sshymc"": ""C 制造业"", ""ylbz"": ""-""}",OFFICIAL_SZSE_BOARD_FIELD
SZSE,MAIN,A_SHARE,002270,华明装备,2008-09-05,https://www.szse.cn/api/report/ShowReport/data?SHOWTYPE=JSON&CATALOGID=1110&TABKEY=tab1&PAGENO=40,"{""agdm"": ""002270"", ""agjc"": ""<a href='http://www.szse.cn/certificate/individual/index.html?code=002270' target='_blank'><u>华明装备</u></a>"", ""agltgb"": ""8.96"", ""agssrq"": ""2008-09-05"", ""agzgb"": ""8.96"", ""bk"": ""主板"", ""gskzjglx"": ""-"", ""sfjybjqcy"": ""-"", ""sshymc"": ""C 制造业"", ""ylbz"": ""-""}",OFFICIAL_SZSE_BOARD_FIELD
SZSE,MAIN,A_SHARE,002271,东方雨虹,2008-09-10,https://www.szse.cn/api/report/ShowReport/data?SHOWTYPE=JSON&CATALOGID=1110&TABKEY=tab1&PAGENO=40,"{""agdm"": ""002271"", ""agjc"": ""<a href='http://www.szse.cn/certificate/individual/index.html?code=002271' target='_blank'><u>东方雨虹</u></a>"", ""agltgb"": ""19.50"", ""agssrq"": ""2008-09-10"", ""agzgb"": ""23.88"", ""bk"": ""主板"", ""gskzjglx"": ""-"", ""sfjybjqcy"": ""-"", ""sshymc"": ""C 制造业"", ""ylbz"": ""-""}",OFFICIAL_SZSE_BOARD_FIELD
SZSE,MAIN,A_SHARE,002272,川润股份,2008-09-19,https://www.szse.cn/api/report/ShowReport/data?SHOWTYPE=JSON&CATALOGID=1110&TABKEY=tab1&PAGENO=40,"{""agdm"": ""002272"", ""agjc"": ""<a href='http://www.szse.cn/certificate/individual/index.html?code=002272' target='_blank'><u>川润股份</u></a>"", ""agltgb"": ""4.18"", ""agssrq"": ""2008-09-19"", ""agzgb"": ""4.84"", ""bk"": ""主板"", ""gskzjglx"": ""-"", ""sfjybjqcy"": ""-"", ""sshymc"": ""C 制造业"", ""ylbz"": ""-""}",OFFICIAL_SZSE_BOARD_FIELD
SZSE,MAIN,A_SHARE,002273,水晶光电,2008-09-19,https://www.szse.cn/api/report/ShowReport/data?SHOWTYPE=JSON&CATALOGID=1110&TABKEY=tab1&PAGENO=40,"{""agdm"": ""002273"", ""agjc"": ""<a href='http://www.szse.cn/certificate/individual/index.html?code=002273' target='_blank'><u>水晶光电</u></a>"", ""agltgb"": ""13.66"", ""agssrq"": ""2008-09-19"", ""agzgb"": ""13.90"", ""bk"": ""主板"", ""gskzjglx"": ""-"", ""sfjybjqcy"": ""-"", ""sshymc"": ""C 制造业"", ""ylbz"": ""-""}",OFFICIAL_SZSE_BOARD_FIELD
SZSE,MAIN,A_SHARE,002274,华昌化工,2008-09-25,https://www.szse.cn/api/report/ShowReport/data?SHOWTYPE=JSON&CATALOGID=1110&TABKEY=tab1&PAGENO=40,"{""agdm"": ""002274"", ""agjc"": ""<a href='http://www.szse.cn/certificate/individual/index.html?code=002274' target='_blank'><u>华昌化工</u></a>"", ""agltgb"": ""9.37"", ""agssrq"": ""2008-09-25"", ""agzgb"": ""9.52"", ""bk"": ""主板"", ""gskzjglx"": ""-"", ""sfjybjqcy"": ""-"", ""sshymc"": ""C 制造业"", ""ylbz"": ""-""}",OFFICIAL_SZSE_BOARD_FIELD
SZSE,MAIN,A_SHARE,002275,桂林三金,2009-07-10,https://www.szse.cn/api/report/ShowReport/data?SHOWTYPE=JSON&CATALOGID=1110&TABKEY=tab1&PAGENO=40,"{""agdm"": ""002275"", ""agjc"": ""<a href='http://www.szse.cn/certificate/individual/index.html?code=002275' target='_blank'><u>桂林三金</u></a>"", ""agltgb"": ""5.64"", ""agssrq"": ""2009-07-10"", ""agzgb"": ""5.87"", ""bk"": ""主板"", ""gskzjglx"": ""-"", ""sfjybjqcy"": ""-"", ""sshymc"": ""C 制造业"", ""ylbz"": ""-""}",OFFICIAL_SZSE_BOARD_FIELD
SZSE,MAIN,A_SHARE,002276,万马股份,2009-07-10,https://www.szse.cn/api/report/ShowReport/data?SHOWTYPE=JSON&CATALOGID=1110&TABKEY=tab1&PAGENO=40,"{""agdm"": ""002276"", ""agjc"": ""<a href='http://www.szse.cn/certificate/individual/index.html?code=002276' target='_blank'><u>万马股份</u></a>"", ""agltgb"": ""10.07"", ""agssrq"": ""2009-07-10"", ""agzgb"": ""10.11"", ""bk"": ""主板"", ""gskzjglx"": ""-"", ""sfjybjqcy"": ""-"", ""sshymc"": ""C 制造业"", ""ylbz"": ""-""}",OFFICIAL_SZSE_BOARD_FIELD
SZSE,MAIN,A_SHARE,002277,友阿股份,2009-07-17,https://www.szse.cn/api/report/ShowReport/data?SHOWTYPE=JSON&CATALOGID=1110&TABKEY=tab1&PAGENO=40,"{""agdm"": ""002277"", ""agjc"": ""<a href='http://www.szse.cn/certificate/individual/index.html?code=002277' target='_blank'><u>友阿股份</u></a>"", ""agltgb"": ""13.94"", ""agssrq"": ""2009-07-17"", ""agzgb"": ""13.94"", ""bk"": ""主板"", ""gskzjglx"": ""-"", ""sfjybjqcy"": ""-"", ""sshymc"": ""F 批发零售"", ""ylbz"": ""-""}",OFFICIAL_SZSE_BOARD_FIELD
SZSE,MAIN,A_SHARE,002278,神开股份,2009-08-11,https://www.szse.cn/api/report/ShowReport/data?SHOWTYPE=JSON&CATALOGID=1110&TABKEY=tab1&PAGENO=40,"{""agdm"": ""002278"", ""agjc"": ""<a href='http://www.szse.cn/certificate/individual/index.html?code=002278' target='_blank'><u>神开股份</u></a>"", ""agltgb"": ""3.58"", ""agssrq"": ""2009-08-11"", ""agzgb"": ""3.88"", ""bk"": ""主板"", ""gskzjglx"": ""-"", ""sfjybjqcy"": ""-"", ""sshymc"": ""C 制造业"", ""ylbz"": ""-""}",OFFICIAL_SZSE_BOARD_FIELD
SZSE,MAIN,A_SHARE,002279,久其软件,2009-08-11,https://www.szse.cn/api/report/ShowReport/data?SHOWTYPE=JSON&CATALOGID=1110&TABKEY=tab1&PAGENO=40,"{""agdm"": ""002279"", ""agjc"": ""<a href='http://www.szse.cn/certificate/individual/index.html?code=002279' target='_blank'><u>久其软件</u></a>"", ""agltgb"": ""7.96"", ""agssrq"": ""2009-08-11"", ""agzgb"": ""8.62"", ""bk"": ""主板"", ""gskzjglx"": ""-"", ""sfjybjqcy"": ""-"", ""sshymc"": ""I 信息技术"", ""ylbz"": ""-""}",OFFICIAL_SZSE_BOARD_FIELD
SZSE,MAIN,A_SHARE,002281,光迅科技,2009-08-21,https://www.szse.cn/api/report/ShowReport/data?SHOWTYPE=JSON&CATALOGID=1110&TABKEY=tab1&PAGENO=40,"{""agdm"": ""002281"", ""agjc"": ""<a href='http://www.szse.cn/certificate/individual/index.html?code=002281' target='_blank'><u>光迅科技</u></a>"", ""agltgb"": ""7.79"", ""agssrq"": ""2009-08-21"", ""agzgb"": ""8.27"", ""bk"": ""主板"", ""gskzjglx"": ""-"", ""sfjybjqcy"": ""-"", ""sshymc"": ""C 制造业"", ""ylbz"": ""-""}",OFFICIAL_SZSE_BOARD_FIELD
SZSE,MAIN,A_SHARE,002282,博深股份,2009-08-21,https://www.szse.cn/api/report/ShowReport/data?SHOWTYPE=JSON&CATALOGID=1110&TABKEY=tab1&PAGENO=40,"{""agdm"": ""002282"", ""agjc"": ""<a href='http://www.szse.cn/certificate/individual/index.html?code=002282' target='_blank'><u>博深股份</u></a>"", ""agltgb"": ""5.09"", ""agssrq"": ""2009-08-21"", ""agzgb"": ""5.26"", ""bk"": ""主板"", ""gskzjglx"": ""-"", ""sfjybjqcy"": ""-"", ""sshymc"": ""C 制造业"", ""ylbz"": ""-""}",OFFICIAL_SZSE_BOARD_FIELD
SZSE,MAIN,A_SHARE,002283,天润工业,2009-08-21,https://www.szse.cn/api/report/ShowReport/data?SHOWTYPE=JSON&CATALOGID=1110&TABKEY=tab1&PAGENO=40,"{""agdm"": ""002283"", ""agjc"": ""<a href='http://www.szse.cn/certificate/individual/index.html?code=002283' target='_blank'><u>天润工业</u></a>"", ""agltgb"": ""10.08"", ""agssrq"": ""2009-08-21"", ""agzgb"": ""11.39"", ""bk"": ""主板"", ""gskzjglx"": ""-"", ""sfjybjqcy"": ""-"", ""sshymc"": ""C 制造业"", ""ylbz"": ""-""}",OFFICIAL_SZSE_BOARD_FIELD
SZSE,MAIN,A_SHARE,002284,亚太股份,2009-08-28,https://www.szse.cn/api/report/ShowReport/data?SHOWTYPE=JSON&CATALOGID=1110&TABKEY=tab1&PAGENO=40,"{""agdm"": ""002284"", ""agjc"": ""<a href='http://www.szse.cn/certificate/individual/index.html?code=002284' target='_blank'><u>亚太股份</u></a>"", ""agltgb"": ""7.32"", ""agssrq"": ""2009-08-28"", ""agzgb"": ""7.39"", ""bk"": ""主板"", ""gskzjglx"": ""-"", ""sfjybjqcy"": ""-"", ""sshymc"": ""C 制造业"", ""ylbz"": ""-""}",OFFICIAL_SZSE_BOARD_FIELD
SZSE,MAIN,A_SHARE,002285,世联行,2009-08-28,https://www.szse.cn/api/report/ShowReport/data?SHOWTYPE=JSON&CATALOGID=1110&TABKEY=tab1&PAGENO=41,"{""agdm"": ""002285"", ""agjc"": ""<a href='http://www.szse.cn/certificate/individual/index.html?code=002285' target='_blank'><u>世联行</u></a>"", ""agltgb"": ""19.79"", ""agssrq"": ""2009-08-28"", ""agzgb"": ""19.92"", ""bk"": ""主板"", ""gskzjglx"": ""-"", ""sfjybjqcy"": ""-"", ""sshymc"": ""K 房地产"", ""ylbz"": ""-""}",OFFICIAL_SZSE_BOARD_FIELD
SZSE,MAIN,A_SHARE,002286,保龄宝,2009-08-28,https://www.szse.cn/api/report/ShowReport/data?SHOWTYPE=JSON&CATALOGID=1110&TABKEY=tab1&PAGENO=41,"{""agdm"": ""002286"", ""agjc"": ""<a href='http://www.szse.cn/certificate/individual/index.html?code=002286' target='_blank'><u>保龄宝</u></a>"", ""agltgb"": ""3.69"", ""agssrq"": ""2009-08-28"", ""agzgb"": ""3.79"", ""bk"": ""主板"", ""gskzjglx"": ""-"", ""sfjybjqcy"": ""-"", ""sshymc"": ""C 制造业"", ""ylbz"": ""-""}",OFFICIAL_SZSE_BOARD_FIELD
SZSE,MAIN,A_SHARE,002287,奇正藏药,2009-08-28,https://www.szse.cn/api/report/ShowReport/data?SHOWTYPE=JSON&CATALOGID=1110&TABKEY=tab1&PAGENO=41,"{""agdm"": ""002287"", ""agjc"": ""<a href='http://www.szse.cn/certificate/individual/index.html?code=002287' target='_blank'><u>奇正藏药</u></a>"", ""agltgb"": ""5.70"", ""agssrq"": ""2009-08-28"", ""agzgb"": ""5.72"", ""bk"": ""主板"", ""gskzjglx"": ""-"", ""sfjybjqcy"": ""-"", ""sshymc"": ""C 制造业"", ""ylbz"": ""-""}",OFFICIAL_SZSE_BOARD_FIELD
SZSE,MAIN,A_SHARE,002289,宇顺电子,2009-09-03,https://www.szse.cn/api/report/ShowReport/data?SHOWTYPE=JSON&CATALOGID=1110&TABKEY=tab1&PAGENO=41,"{""agdm"": ""002289"", ""agjc"": ""<a href='http://www.szse.cn/certificate/individual/index.html?code=002289' target='_blank'><u>宇顺电子</u></a>"", ""agltgb"": ""2.74"", ""agssrq"": ""2009-09-03"", ""agzgb"": ""2.80"", ""bk"": ""主板"", ""gskzjglx"": ""-"", ""sfjybjqcy"": ""-"", ""sshymc"": ""C 制造业"", ""ylbz"": ""-""}",OFFICIAL_SZSE_BOARD_FIELD
SZSE,MAIN,A_SHARE,002290,禾盛新材,2009-09-03,https://www.szse.cn/api/report/ShowReport/data?SHOWTYPE=JSON&CATALOGID=1110&TABKEY=tab1&PAGENO=41,"{""agdm"": ""002290"", ""agjc"": ""<a href='http://www.szse.cn/certificate/individual/index.html?code=002290' target='_blank'><u>禾盛新材</u></a>"", ""agltgb"": ""2.47"", ""agssrq"": ""2009-09-03"", ""agzgb"": ""2.48"", ""bk"": ""主板"", ""gskzjglx"": ""-"", ""sfjybjqcy"": ""-"", ""sshymc"": ""C 制造业"", ""ylbz"": ""-""}",OFFICIAL_SZSE_BOARD_FIELD
SZSE,MAIN,A_SHARE,002291,遥望科技,2009-09-03,https://www.szse.cn/api/report/ShowReport/data?SHOWTYPE=JSON&CATALOGID=1110&TABKEY=tab1&PAGENO=41,"{""agdm"": ""002291"", ""agjc"": ""<a href='http://www.szse.cn/certificate/individual/index.html?code=002291' target='_blank'><u>遥望科技</u></a>"", ""agltgb"": ""8.69"", ""agssrq"": ""2009-09-03"", ""agzgb"": ""9.35"", ""bk"": ""主板"", ""gskzjglx"": ""-"", ""sfjybjqcy"": ""-"", ""sshymc"": ""I 信息技术"", ""ylbz"": ""-""}",OFFICIAL_SZSE_BOARD_FIELD
SZSE,MAIN,A_SHARE,002292,奥飞娱乐,2009-09-10,https://www.szse.cn/api/report/ShowReport/data?SHOWTYPE=JSON&CATALOGID=1110&TABKEY=tab1&PAGENO=41,"{""agdm"": ""002292"", ""agjc"": ""<a href='http://www.szse.cn/certificate/individual/index.html?code=002292' target='_blank'><u>奥飞娱乐</u></a>"", ""agltgb"": ""10.17"", ""agssrq"": ""2009-09-10"", ""agzgb"": ""14.78"", ""bk"": ""主板"", ""gskzjglx"": ""-"", ""sfjybjqcy"": ""-"", ""sshymc"": ""C 制造业"", ""ylbz"": ""-""}",OFFICIAL_SZSE_BOARD_FIELD
SZSE,MAIN,A_SHARE,002293,罗莱生活,2009-09-10,https://www.szse.cn/api/report/ShowReport/data?SHOWTYPE=JSON&CATALOGID=1110&TABKEY=tab1&PAGENO=41,"{""agdm"": ""002293"", ""agjc"": ""<a href='http://www.szse.cn/certificate/individual/index.html?code=002293' target='_blank'><u>罗莱生活</u></a>"", ""agltgb"": ""8.30"", ""agssrq"": ""2009-09-10"", ""agzgb"": ""8.37"", ""bk"": ""主板"", ""gskzjglx"": ""-"", ""sfjybjqcy"": ""-"", ""sshymc"": ""C 制造业"", ""ylbz"": ""-""}",OFFICIAL_SZSE_BOARD_FIELD
SZSE,MAIN,A_SHARE,002294,信立泰,2009-09-10,https://www.szse.cn/api/report/ShowReport/data?SHOWTYPE=JSON&CATALOGID=1110&TABKEY=tab1&PAGENO=41,"{""agdm"": ""002294"", ""agjc"": ""<a href='http://www.szse.cn/certificate/individual/index.html?code=002294' target='_blank'><u>信立泰</u></a>"", ""agltgb"": ""11.14"", ""agssrq"": ""2009-09-10"", ""agzgb"": ""11.14"", ""bk"": ""主板"", ""gskzjglx"": ""-"", ""sfjybjqcy"": ""-"", ""sshymc"": ""C 制造业"", ""ylbz"": ""-""}",OFFICIAL_SZSE_BOARD_FIELD
SZSE,MAIN,A_SHARE,002295,精艺股份,2009-09-29,https://www.szse.cn/api/report/ShowReport/data?SHOWTYPE=JSON&CATALOGID=1110&TABKEY=tab1&PAGENO=41,"{""agdm"": ""002295"", ""agjc"": ""<a href='http://www.szse.cn/certificate/individual/index.html?code=002295' target='_blank'><u>精艺股份</u></a>"", ""agltgb"": ""2.50"", ""agssrq"": ""2009-09-29"", ""agzgb"": ""2.50"", ""bk"": ""主板"", ""gskzjglx"": ""-"", ""sfjybjqcy"": ""-"", ""sshymc"": ""C 制造业"", ""ylbz"": ""-""}",OFFICIAL_SZSE_BOARD_FIELD
SZSE,MAIN,A_SHARE,002296,辉煌科技,2009-09-29,https://www.szse.cn/api/report/ShowReport/data?SHOWTYPE=JSON&CATALOGID=1110&TABKEY=tab1&PAGENO=41,"{""agdm"": ""002296"", ""agjc"": ""<a href='http://www.szse.cn/certificate/individual/index.html?code=002296' target='_blank'><u>辉煌科技</u></a>"", ""agltgb"": ""3.47"", ""agssrq"": ""2009-09-29"", ""agzgb"": ""3.89"", ""bk"": ""主板"", ""gskzjglx"": ""-"", ""sfjybjqcy"": ""-"", ""sshymc"": ""C 制造业"", ""ylbz"": ""-""}",OFFICIAL_SZSE_BOARD_FIELD
SZSE,MAIN,A_SHARE,002297,博云新材,2009-09-29,https://www.szse.cn/api/report/ShowReport/data?SHOWTYPE=JSON&CATALOGID=1110&TABKEY=tab1&PAGENO=41,"{""agdm"": ""002297"", ""agjc"": ""<a href='http://www.szse.cn/certificate/individual/index.html?code=002297' target='_blank'><u>博云新材</u></a>"", ""agltgb"": ""5.73"", ""agssrq"": ""2009-09-29"", ""agzgb"": ""5.73"", ""bk"": ""主板"", ""gskzjglx"": ""-"", ""sfjybjqcy"": ""-"", ""sshymc"": ""C 制造业"", ""ylbz"": ""-""}",OFFICIAL_SZSE_BOARD_FIELD
SZSE,MAIN,A_SHARE,002298,中电鑫龙,2009-09-29,https://www.szse.cn/api/report/ShowReport/data?SHOWTYPE=JSON&CATALOGID=1110&TABKEY=tab1&PAGENO=41,"{""agdm"": ""002298"", ""agjc"": ""<a href='http://www.szse.cn/certificate/individual/index.html?code=002298' target='_blank'><u>中电鑫龙</u></a>"", ""agltgb"": ""6.65"", ""agssrq"": ""2009-09-29"", ""agzgb"": ""7.40"", ""bk"": ""主板"", ""gskzjglx"": ""-"", ""sfjybjqcy"": ""-"", ""sshymc"": ""C 制造业"", ""ylbz"": ""-""}",OFFICIAL_SZSE_BOARD_FIELD
SZSE,MAIN,A_SHARE,002299,圣农发展,2009-10-21,https://www.szse.cn/api/report/ShowReport/data?SHOWTYPE=JSON&CATALOGID=1110&TABKEY=tab1&PAGENO=41,"{""agdm"": ""002299"", ""agjc"": ""<a href='http://www.szse.cn/certificate/individual/index.html?code=002299' target='_blank'><u>圣农发展</u></a>"", ""agltgb"": ""12.18"", ""agssrq"": ""2009-10-21"", ""agzgb"": ""12.42"", ""bk"": ""主板"", ""gskzjglx"": ""-"", ""sfjybjqcy"": ""-"", ""sshymc"": ""C 制造业"", ""ylbz"": ""-""}",OFFICIAL_SZSE_BOARD_FIELD
SZSE,MAIN,A_SHARE,002300,太阳电缆,2009-10-21,https://www.szse.cn/api/report/ShowReport/data?SHOWTYPE=JSON&CATALOGID=1110&TABKEY=tab1&PAGENO=41,"{""agdm"": ""002300"", ""agjc"": ""<a href='http://www.szse.cn/certificate/individual/index.html?code=002300' target='_blank'><u>太阳电缆</u></a>"", ""agltgb"": ""7.22"", ""agssrq"": ""2009-10-21"", ""agzgb"": ""7.22"", ""bk"": ""主板"", ""gskzjglx"": ""-"", ""sfjybjqcy"": ""-"", ""sshymc"": ""C 制造业"", ""ylbz"": ""-""}",OFFICIAL_SZSE_BOARD_FIELD
SZSE,MAIN,A_SHARE,002301,齐心集团,2009-10-21,https://www.szse.cn/api/report/ShowReport/data?SHOWTYPE=JSON&CATALOGID=1110&TABKEY=tab1&PAGENO=41,"{""agdm"": ""002301"", ""agjc"": ""<a href='http://www.szse.cn/certificate/individual/index.html?code=002301' target='_blank'><u>齐心集团</u></a>"", ""agltgb"": ""7.17"", ""agssrq"": ""2009-10-21"", ""agzgb"": ""7.24"", ""bk"": ""主板"", ""gskzjglx"": ""-"", ""sfjybjqcy"": ""-"", ""sshymc"": ""C 制造业"", ""ylbz"": ""-""}",OFFICIAL_SZSE_BOARD_FIELD
SZSE,MAIN,A_SHARE,002302,西部建设,2009-11-03,https://www.szse.cn/api/report/ShowReport/data?SHOWTYPE=JSON&CATALOGID=1110&TABKEY=tab1&PAGENO=41,"{""agdm"": ""002302"", ""agjc"": ""<a href='http://www.szse.cn/certificate/individual/index.html?code=002302' target='_blank'><u>西部建设</u></a>"", ""agltgb"": ""12.62"", ""agssrq"": ""2009-11-03"", ""agzgb"": ""12.62"", ""bk"": ""主板"", ""gskzjglx"": ""-"", ""sfjybjqcy"": ""-"", ""sshymc"": ""C 制造业"", ""ylbz"": ""-""}",OFFICIAL_SZSE_BOARD_FIELD
SZSE,MAIN,A_SHARE,002303,美盈森,2009-11-03,https://www.szse.cn/api/report/ShowReport/data?SHOWTYPE=JSON&CATALOGID=1110&TABKEY=tab1&PAGENO=41,"{""agdm"": ""002303"", ""agjc"": ""<a href='http://www.szse.cn/certificate/individual/index.html?code=002303' target='_blank'><u>美盈森</u></a>"", ""agltgb"": ""10.67"", ""agssrq"": ""2009-11-03"", ""agzgb"": ""15.31"", ""bk"": ""主板"", ""gskzjglx"": ""-"", ""sfjybjqcy"": ""-"", ""sshymc"": ""C 制造业"", ""ylbz"": ""-""}",OFFICIAL_SZSE_BOARD_FIELD
SZSE,MAIN,A_SHARE,002304,洋河股份,2009-11-06,https://www.szse.cn/api/report/ShowReport/data?SHOWTYPE=JSON&CATALOGID=1110&TABKEY=tab1&PAGENO=41,"{""agdm"": ""002304"", ""agjc"": ""<a href='http://www.szse.cn/certificate/individual/index.html?code=002304' target='_blank'><u>洋河股份</u></a>"", ""agltgb"": ""15.06"", ""agssrq"": ""2009-11-06"", ""agzgb"": ""15.06"", ""bk"": ""主板"", ""gskzjglx"": ""-"", ""sfjybjqcy"": ""-"", ""sshymc"": ""C 制造业"", ""ylbz"": ""-""}",OFFICIAL_SZSE_BOARD_FIELD
SZSE,MAIN,A_SHARE,002305,*ST南置,2009-11-06,https://www.szse.cn/api/report/ShowReport/data?SHOWTYPE=JSON&CATALOGID=1110&TABKEY=tab1&PAGENO=41,"{""agdm"": ""002305"", ""agjc"": ""<a href='http://www.szse.cn/certificate/individual/index.html?code=002305' target='_blank'><u>*ST南置</u></a>"", ""agltgb"": ""17.34"", ""agssrq"": ""2009-11-06"", ""agzgb"": ""17.34"", ""bk"": ""主板"", ""gskzjglx"": ""-"", ""sfjybjqcy"": ""-"", ""sshymc"": ""K 房地产"", ""ylbz"": ""-""}",OFFICIAL_SZSE_BOARD_FIELD
SZSE,MAIN,A_SHARE,002306,ST云网,2009-11-11,https://www.szse.cn/api/report/ShowReport/data?SHOWTYPE=JSON&CATALOGID=1110&TABKEY=tab1&PAGENO=42,"{""agdm"": ""002306"", ""agjc"": ""<a href='http://www.szse.cn/certificate/individual/index.html?code=002306' target='_blank'><u>ST云网</u></a>"", ""agltgb"": ""8.12"", ""agssrq"": ""2009-11-11"", ""agzgb"": ""8.69"", ""bk"": ""主板"", ""gskzjglx"": ""-"", ""sfjybjqcy"": ""-"", ""sshymc"": ""H 住宿餐饮"", ""ylbz"": ""-""}",OFFICIAL_SZSE_BOARD_FIELD
SZSE,MAIN,A_SHARE,002307,北新路桥,2009-11-11,https://www.szse.cn/api/report/ShowReport/data?SHOWTYPE=JSON&CATALOGID=1110&TABKEY=tab1&PAGENO=42,"{""agdm"": ""002307"", ""agjc"": ""<a href='http://www.szse.cn/certificate/individual/index.html?code=002307' target='_blank'><u>北新路桥</u></a>"", ""agltgb"": ""16.29"", ""agssrq"": ""2009-11-11"", ""agzgb"": ""16.48"", ""bk"": ""主板"", ""gskzjglx"": ""-"", ""sfjybjqcy"": ""-"", ""sshymc"": ""E 建筑业"", ""ylbz"": ""-""}",OFFICIAL_SZSE_BOARD_FIELD
SZSE,MAIN,A_SHARE,002309,中利集团,2009-11-27,https://www.szse.cn/api/report/ShowReport/data?SHOWTYPE=JSON&CATALOGID=1110&TABKEY=tab1&PAGENO=42,"{""agdm"": ""002309"", ""agjc"": ""<a href='http://www.szse.cn/certificate/individual/index.html?code=002309' target='_blank'><u>中利集团</u></a>"", ""agltgb"": ""24.06"", ""agssrq"": ""2009-11-27"", ""agzgb"": ""30.07"", ""bk"": ""主板"", ""gskzjglx"": ""-"", ""sfjybjqcy"": ""-"", ""sshymc"": ""C 制造业"", ""ylbz"": ""-""}",OFFICIAL_SZSE_BOARD_FIELD
SZSE,MAIN,A_SHARE,002310,东方新能,2009-11-27,https://www.szse.cn/api/report/ShowReport/data?SHOWTYPE=JSON&CATALOGID=1110&TABKEY=tab1&PAGENO=42,"{""agdm"": ""002310"", ""agjc"": ""<a href='http://www.szse.cn/certificate/individual/index.html?code=002310' target='_blank'><u>东方新能</u></a>"", ""agltgb"": ""43.99"", ""agssrq"": ""2009-11-27"", ""agzgb"": ""59.99"", ""bk"": ""主板"", ""gskzjglx"": ""-"", ""sfjybjqcy"": ""-"", ""sshymc"": ""D 水电煤气"", ""ylbz"": ""-""}",OFFICIAL_SZSE_BOARD_FIELD
SZSE,MAIN,A_SHARE,002311,海大集团,2009-11-27,https://www.szse.cn/api/report/ShowReport/data?SHOWTYPE=JSON&CATALOGID=1110&TABKEY=tab1&PAGENO=42,"{""agdm"": ""002311"", ""agjc"": ""<a href='http://www.szse.cn/certificate/individual/index.html?code=002311' target='_blank'><u>海大集团</u></a>"", ""agltgb"": ""16.54"", ""agssrq"": ""2009-11-27"", ""agzgb"": ""16.55"", ""bk"": ""主板"", ""gskzjglx"": ""-"", ""sfjybjqcy"": ""-"", ""sshymc"": ""C 制造业"", ""ylbz"": ""-""}",OFFICIAL_SZSE_BOARD_FIELD
SZSE,MAIN,A_SHARE,002312,川发龙蟒,2009-12-03,https://www.szse.cn/api/report/ShowReport/data?SHOWTYPE=JSON&CATALOGID=1110&TABKEY=tab1&PAGENO=42,"{""agdm"": ""002312"", ""agjc"": ""<a href='http://www.szse.cn/certificate/individual/index.html?code=002312' target='_blank'><u>川发龙蟒</u></a>"", ""agltgb"": ""18.84"", ""agssrq"": ""2009-12-03"", ""agzgb"": ""18.87"", ""bk"": ""主板"", ""gskzjglx"": ""-"", ""sfjybjqcy"": ""-"", ""sshymc"": ""C 制造业"", ""ylbz"": ""-""}",OFFICIAL_SZSE_BOARD_FIELD
SZSE,MAIN,A_SHARE,002313,日海智能,2009-12-03,https://www.szse.cn/api/report/ShowReport/data?SHOWTYPE=JSON&CATALOGID=1110&TABKEY=tab1&PAGENO=42,"{""agdm"": ""002313"", ""agjc"": ""<a href='http://www.szse.cn/certificate/individual/index.html?code=002313' target='_blank'><u>日海智能</u></a>"", ""agltgb"": ""3.74"", ""agssrq"": ""2009-12-03"", ""agzgb"": ""3.74"", ""bk"": ""主板"", ""gskzjglx"": ""-"", ""sfjybjqcy"": ""-"", ""sshymc"": ""C 制造业"", ""ylbz"": ""-""}",OFFICIAL_SZSE_BOARD_FIELD
SZSE,MAIN,A_SHARE,002314,南山控股,2009-12-03,https://www.szse.cn/api/report/ShowReport/data?SHOWTYPE=JSON&CATALOGID=1110&TABKEY=tab1&PAGENO=42,"{""agdm"": ""002314"", ""agjc"": ""<a href='http://www.szse.cn/certificate/individual/index.html?code=002314' target='_blank'><u>南山控股</u></a>"", ""agltgb"": ""13.38"", ""agssrq"": ""2009-12-03"", ""agzgb"": ""27.07"", ""bk"": ""主板"", ""gskzjglx"": ""-"", ""sfjybjqcy"": ""-"", ""sshymc"": ""K 房地产"", ""ylbz"": ""-""}",OFFICIAL_SZSE_BOARD_FIELD
SZSE,MAIN,A_SHARE,002315,焦点科技,2009-12-09,https://www.szse.cn/api/report/ShowReport/data?SHOWTYPE=JSON&CATALOGID=1110&TABKEY=tab1&PAGENO=42,"{""agdm"": ""002315"", ""agjc"": ""<a href='http://www.szse.cn/certificate/individual/index.html?code=002315' target='_blank'><u>焦点科技</u></a>"", ""agltgb"": ""2.63"", ""agssrq"": ""2009-12-09"", ""agzgb"": ""4.12"", ""bk"": ""主板"", ""gskzjglx"": ""-"", ""sfjybjqcy"": ""-"", ""sshymc"": ""I 信息技术"", ""ylbz"": ""-""}",OFFICIAL_SZSE_BOARD_FIELD
SZSE,MAIN,A_SHARE,002316,亚联发展,2009-12-09,https://www.szse.cn/api/report/ShowReport/data?SHOWTYPE=JSON&CATALOGID=1110&TABKEY=tab1&PAGENO=42,"{""agdm"": ""002316"", ""agjc"": ""<a href='http://www.szse.cn/certificate/individual/index.html?code=002316' target='_blank'><u>亚联发展</u></a>"", ""agltgb"": ""3.40"", ""agssrq"": ""2009-12-09"", ""agzgb"": ""3.93"", ""bk"": ""主板"", ""gskzjglx"": ""-"", ""sfjybjqcy"": ""-"", ""sshymc"": ""I 信息技术"", ""ylbz"": ""-""}",OFFICIAL_SZSE_BOARD_FIELD
SZSE,MAIN,A_SHARE,002317,众生药业,2009-12-11,https://www.szse.cn/api/report/ShowReport/data?SHOWTYPE=JSON&CATALOGID=1110&TABKEY=tab1&PAGENO=42,"{""agdm"": ""002317"", ""agjc"": ""<a href='http://www.szse.cn/certificate/individual/index.html?code=002317' target='_blank'><u>众生药业</u></a>"", ""agltgb"": ""7.68"", ""agssrq"": ""2009-12-11"", ""agzgb"": ""8.49"", ""bk"": ""主板"", ""gskzjglx"": ""-"", ""sfjybjqcy"": ""-"", ""sshymc"": ""C 制造业"", ""ylbz"": ""-""}",OFFICIAL_SZSE_BOARD_FIELD
SZSE,MAIN,A_SHARE,002318,久立特材,2009-12-11,https://www.szse.cn/api/report/ShowReport/data?SHOWTYPE=JSON&CATALOGID=1110&TABKEY=tab1&PAGENO=42,"{""agdm"": ""002318"", ""agjc"": ""<a href='http://www.szse.cn/certificate/individual/index.html?code=002318' target='_blank'><u>久立特材</u></a>"", ""agltgb"": ""9.54"", ""agssrq"": ""2009-12-11"", ""agzgb"": ""9.77"", ""bk"": ""主板"", ""gskzjglx"": ""-"", ""sfjybjqcy"": ""-"", ""sshymc"": ""C 制造业"", ""ylbz"": ""-""}",OFFICIAL_SZSE_BOARD_FIELD
SZSE,MAIN,A_SHARE,002319,乐通股份,2009-12-11,https://www.szse.cn/api/report/ShowReport/data?SHOWTYPE=JSON&CATALOGID=1110&TABKEY=tab1&PAGENO=42,"{""agdm"": ""002319"", ""agjc"": ""<a href='http://www.szse.cn/certificate/individual/index.html?code=002319' target='_blank'><u>乐通股份</u></a>"", ""agltgb"": ""2.09"", ""agssrq"": ""2009-12-11"", ""agzgb"": ""2.09"", ""bk"": ""主板"", ""gskzjglx"": ""-"", ""sfjybjqcy"": ""-"", ""sshymc"": ""C 制造业"", ""ylbz"": ""-""}",OFFICIAL_SZSE_BOARD_FIELD
SZSE,MAIN,A_SHARE,002320,海峡股份,2009-12-16,https://www.szse.cn/api/report/ShowReport/data?SHOWTYPE=JSON&CATALOGID=1110&TABKEY=tab1&PAGENO=42,"{""agdm"": ""002320"", ""agjc"": ""<a href='http://www.szse.cn/certificate/individual/index.html?code=002320' target='_blank'><u>海峡股份</u></a>"", ""agltgb"": ""22.35"", ""agssrq"": ""2009-12-16"", ""agzgb"": ""22.36"", ""bk"": ""主板"", ""gskzjglx"": ""-"", ""sfjybjqcy"": ""-"", ""sshymc"": ""G 运输仓储"", ""ylbz"": ""-""}",OFFICIAL_SZSE_BOARD_FIELD
SZSE,MAIN,A_SHARE,002321,华英农业,2009-12-16,https://www.szse.cn/api/report/ShowReport/data?SHOWTYPE=JSON&CATALOGID=1110&TABKEY=tab1&PAGENO=42,"{""agdm"": ""002321"", ""agjc"": ""<a href='http://www.szse.cn/certificate/individual/index.html?code=002321' target='_blank'><u>华英农业</u></a>"", ""agltgb"": ""21.25"", ""agssrq"": ""2009-12-16"", ""agzgb"": ""21.32"", ""bk"": ""主板"", ""gskzjglx"": ""-"", ""sfjybjqcy"": ""-"", ""sshymc"": ""A 农林牧渔"", ""ylbz"": ""-""}",OFFICIAL_SZSE_BOARD_FIELD
SZSE,MAIN,A_SHARE,002322,理工能科,2009-12-18,https://www.szse.cn/api/report/ShowReport/data?SHOWTYPE=JSON&CATALOGID=1110&TABKEY=tab1&PAGENO=42,"{""agdm"": ""002322"", ""agjc"": ""<a href='http://www.szse.cn/certificate/individual/index.html?code=002322' target='_blank'><u>理工能科</u></a>"", ""agltgb"": ""3.51"", ""agssrq"": ""2009-12-18"", ""agzgb"": ""3.65"", ""bk"": ""主板"", ""gskzjglx"": ""-"", ""sfjybjqcy"": ""-"", ""sshymc"": ""I 信息技术"", ""ylbz"": ""-""}",OFFICIAL_SZSE_BOARD_FIELD
SZSE,MAIN,A_SHARE,002323,*ST雅博,2009-12-18,https://www.szse.cn/api/report/ShowReport/data?SHOWTYPE=JSON&CATALOGID=1110&TABKEY=tab1&PAGENO=42,"{""agdm"": ""002323"", ""agjc"": ""<a href='http://www.szse.cn/certificate/individual/index.html?code=002323' target='_blank'><u>*ST雅博</u></a>"", ""agltgb"": ""21.20"", ""agssrq"": ""2009-12-18"", ""agzgb"": ""21.20"", ""bk"": ""主板"", ""gskzjglx"": ""-"", ""sfjybjqcy"": ""-"", ""sshymc"": ""E 建筑业"", ""ylbz"": ""-""}",OFFICIAL_SZSE_BOARD_FIELD
SZSE,MAIN,A_SHARE,002324,普利特,2009-12-18,https://www.szse.cn/api/report/ShowReport/data?SHOWTYPE=JSON&CATALOGID=1110&TABKEY=tab1&PAGENO=42,"{""agdm"": ""002324"", ""agjc"": ""<a href='http://www.szse.cn/certificate/individual/index.html?code=002324' target='_blank'><u>普利特</u></a>"", ""agltgb"": ""7.76"", ""agssrq"": ""2009-12-18"", ""agzgb"": ""11.12"", ""bk"": ""主板"", ""gskzjglx"": ""-"", ""sfjybjqcy"": ""-"", ""sshymc"": ""C 制造业"", ""ylbz"": ""-""}",OFFICIAL_SZSE_BOARD_FIELD
SZSE,MAIN,A_SHARE,002326,永太科技,2009-12-22,https://www.szse.cn/api/report/ShowReport/data?SHOWTYPE=JSON&CATALOGID=1110&TABKEY=tab1&PAGENO=42,"{""agdm"": ""002326"", ""agjc"": ""<a href='http://www.szse.cn/certificate/individual/index.html?code=002326' target='_blank'><u>永太科技</u></a>"", ""agltgb"": ""8.08"", ""agssrq"": ""2009-12-22"", ""agzgb"": ""9.25"", ""bk"": ""主板"", ""gskzjglx"": ""-"", ""sfjybjqcy"": ""-"", ""sshymc"": ""C 制造业"", ""ylbz"": ""-""}",OFFICIAL_SZSE_BOARD_FIELD
SZSE,MAIN,A_SHARE,002327,富安娜,2009-12-30,https://www.szse.cn/api/report/ShowReport/data?SHOWTYPE=JSON&CATALOGID=1110&TABKEY=tab1&PAGENO=42,"{""agdm"": ""002327"", ""agjc"": ""<a href='http://www.szse.cn/certificate/individual/index.html?code=002327' target='_blank'><u>富安娜</u></a>"", ""agltgb"": ""4.90"", ""agssrq"": ""2009-12-30"", ""agzgb"": ""8.33"", ""bk"": ""主板"", ""gskzjglx"": ""-"", ""sfjybjqcy"": ""-"", ""sshymc"": ""C 制造业"", ""ylbz"": ""-""}",OFFICIAL_SZSE_BOARD_FIELD
SZSE,MAIN,A_SHARE,002328,新朋股份,2009-12-30,https://www.szse.cn/api/report/ShowReport/data?SHOWTYPE=JSON&CATALOGID=1110&TABKEY=tab1&PAGENO=43,"{""agdm"": ""002328"", ""agjc"": ""<a href='http://www.szse.cn/certificate/individual/index.html?code=002328' target='_blank'><u>新朋股份</u></a>"", ""agltgb"": ""5.70"", ""agssrq"": ""2009-12-30"", ""agzgb"": ""7.71"", ""bk"": ""主板"", ""gskzjglx"": ""-"", ""sfjybjqcy"": ""-"", ""sshymc"": ""C 制造业"", ""ylbz"": ""-""}",OFFICIAL_SZSE_BOARD_FIELD
SZSE,MAIN,A_SHARE,002329,皇氏集团,2010-01-06,https://www.szse.cn/api/report/ShowReport/data?SHOWTYPE=JSON&CATALOGID=1110&TABKEY=tab1&PAGENO=43,"{""agdm"": ""002329"", ""agjc"": ""<a href='http://www.szse.cn/certificate/individual/index.html?code=002329' target='_blank'><u>皇氏集团</u></a>"", ""agltgb"": ""6.51"", ""agssrq"": ""2010-01-06"", ""agzgb"": ""8.32"", ""bk"": ""主板"", ""gskzjglx"": ""-"", ""sfjybjqcy"": ""-"", ""sshymc"": ""C 制造业"", ""ylbz"": ""-""}",OFFICIAL_SZSE_BOARD_FIELD
SZSE,MAIN,A_SHARE,002330,得利斯,2010-01-06,https://www.szse.cn/api/report/ShowReport/data?SHOWTYPE=JSON&CATALOGID=1110&TABKEY=tab1&PAGENO=43,"{""agdm"": ""002330"", ""agjc"": ""<a href='http://www.szse.cn/certificate/individual/index.html?code=002330' target='_blank'><u>得利斯</u></a>"", ""agltgb"": ""6.35"", ""agssrq"": ""2010-01-06"", ""agzgb"": ""6.35"", ""bk"": ""主板"", ""gskzjglx"": ""-"", ""sfjybjqcy"": ""-"", ""sshymc"": ""C 制造业"", ""ylbz"": ""-""}",OFFICIAL_SZSE_BOARD_FIELD
SZSE,MAIN,A_SHARE,002331,皖通科技,2010-01-06,https://www.szse.cn/api/report/ShowReport/data?SHOWTYPE=JSON&CATALOGID=1110&TABKEY=tab1&PAGENO=43,"{""agdm"": ""002331"", ""agjc"": ""<a href='http://www.szse.cn/certificate/individual/index.html?code=002331' target='_blank'><u>皖通科技</u></a>"", ""agltgb"": ""4.02"", ""agssrq"": ""2010-01-06"", ""agzgb"": ""4.28"", ""bk"": ""主板"", ""gskzjglx"": ""-"", ""sfjybjqcy"": ""-"", ""sshymc"": ""I 信息技术"", ""ylbz"": ""-""}",OFFICIAL_SZSE_BOARD_FIELD
SZSE,MAIN,A_SHARE,002332,仙琚制药,2010-01-12,https://www.szse.cn/api/report/ShowReport/data?SHOWTYPE=JSON&CATALOGID=1110&TABKEY=tab1&PAGENO=43,"{""agdm"": ""002332"", ""agjc"": ""<a href='http://www.szse.cn/certificate/individual/index.html?code=002332' target='_blank'><u>仙琚制药</u></a>"", ""agltgb"": ""9.85"", ""agssrq"": ""2010-01-12"", ""agzgb"": ""9.89"", ""bk"": ""主板"", ""gskzjglx"": ""-"", ""sfjybjqcy"": ""-"", ""sshymc"": ""C 制造业"", ""ylbz"": ""-""}",OFFICIAL_SZSE_BOARD_FIELD
SZSE,MAIN,A_SHARE,002333,罗普斯金,2010-01-12,https://www.szse.cn/api/report/ShowReport/data?SHOWTYPE=JSON&CATALOGID=1110&TABKEY=tab1&PAGENO=43,"{""agdm"": ""002333"", ""agjc"": ""<a href='http://www.szse.cn/certificate/individual/index.html?code=002333' target='_blank'><u>罗普斯金</u></a>"", ""agltgb"": ""6.66"", ""agssrq"": ""2010-01-12"", ""agzgb"": ""6.74"", ""bk"": ""主板"", ""gskzjglx"": ""-"", ""sfjybjqcy"": ""-"", ""sshymc"": ""C 制造业"", ""ylbz"": ""-""}",OFFICIAL_SZSE_BOARD_FIELD
SZSE,MAIN,A_SHARE,002334,英威腾,2010-01-13,https://www.szse.cn/api/report/ShowReport/data?SHOWTYPE=JSON&CATALOGID=1110&TABKEY=tab1&PAGENO=43,"{""agdm"": ""002334"", ""agjc"": ""<a href='http://www.szse.cn/certificate/individual/index.html?code=002334' target='_blank'><u>英威腾</u></a>"", ""agltgb"": ""7.35"", ""agssrq"": ""2010-01-13"", ""agzgb"": ""8.22"", ""bk"": ""主板"", ""gskzjglx"": ""-"", ""sfjybjqcy"": ""-"", ""sshymc"": ""C 制造业"", ""ylbz"": ""-""}",OFFICIAL_SZSE_BOARD_FIELD
SZSE,MAIN,A_SHARE,002335,科华数据,2010-01-13,https://www.szse.cn/api/report/ShowReport/data?SHOWTYPE=JSON&CATALOGID=1110&TABKEY=tab1&PAGENO=43,"{""agdm"": ""002335"", ""agjc"": ""<a href='http://www.szse.cn/certificate/individual/index.html?code=002335' target='_blank'><u>科华数据</u></a>"", ""agltgb"": ""6.60"", ""agssrq"": ""2010-01-13"", ""agzgb"": ""7.54"", ""bk"": ""主板"", ""gskzjglx"": ""-"", ""sfjybjqcy"": ""-"", ""sshymc"": ""C 制造业"", ""ylbz"": ""-""}",OFFICIAL_SZSE_BOARD_FIELD
SZSE,MAIN,A_SHARE,002337,赛象科技,2010-01-15,https://www.szse.cn/api/report/ShowReport/data?SHOWTYPE=JSON&CATALOGID=1110&TABKEY=tab1&PAGENO=43,"{""agdm"": ""002337"", ""agjc"": ""<a href='http://www.szse.cn/certificate/individual/index.html?code=002337' target='_blank'><u>赛象科技</u></a>"", ""agltgb"": ""5.87"", ""agssrq"": ""2010-01-15"", ""agzgb"": ""5.88"", ""bk"": ""主板"", ""gskzjglx"": ""-"", ""sfjybjqcy"": ""-"", ""sshymc"": ""C 制造业"", ""ylbz"": ""-""}",OFFICIAL_SZSE_BOARD_FIELD
SZSE,MAIN,A_SHARE,002338,奥普光电,2010-01-15,https://www.szse.cn/api/report/ShowReport/data?SHOWTYPE=JSON&CATALOGID=1110&TABKEY=tab1&PAGENO=43,"{""agdm"": ""002338"", ""agjc"": ""<a href='http://www.szse.cn/certificate/individual/index.html?code=002338' target='_blank'><u>奥普光电</u></a>"", ""agltgb"": ""2.39"", ""agssrq"": ""2010-01-15"", ""agzgb"": ""2.40"", ""bk"": ""主板"", ""gskzjglx"": ""-"", ""sfjybjqcy"": ""-"", ""sshymc"": ""C 制造业"", ""ylbz"": ""-""}",OFFICIAL_SZSE_BOARD_FIELD
SZSE,MAIN,A_SHARE,002339,积成电子,2010-01-22,https://www.szse.cn/api/report/ShowReport/data?SHOWTYPE=JSON&CATALOGID=1110&TABKEY=tab1&PAGENO=43,"{""agdm"": ""002339"", ""agjc"": ""<a href='http://www.szse.cn/certificate/individual/index.html?code=002339' target='_blank'><u>积成电子</u></a>"", ""agltgb"": ""4.79"", ""agssrq"": ""2010-01-22"", ""agzgb"": ""5.04"", ""bk"": ""主板"", ""gskzjglx"": ""-"", ""sfjybjqcy"": ""-"", ""sshymc"": ""C 制造业"", ""ylbz"": ""-""}",OFFICIAL_SZSE_BOARD_FIELD
SZSE,MAIN,A_SHARE,002340,格林美,2010-01-22,https://www.szse.cn/api/report/ShowReport/data?SHOWTYPE=JSON&CATALOGID=1110&TABKEY=tab1&PAGENO=43,"{""agdm"": ""002340"", ""agjc"": ""<a href='http://www.szse.cn/certificate/individual/index.html?code=002340' target='_blank'><u>格林美</u></a>"", ""agltgb"": ""50.75"", ""agssrq"": ""2010-01-22"", ""agzgb"": ""51.02"", ""bk"": ""主板"", ""gskzjglx"": ""-"", ""sfjybjqcy"": ""-"", ""sshymc"": ""C 制造业"", ""ylbz"": ""-""}",OFFICIAL_SZSE_BOARD_FIELD
SZSE,MAIN,A_SHARE,002342,巨力索具,2010-01-26,https://www.szse.cn/api/report/ShowReport/data?SHOWTYPE=JSON&CATALOGID=1110&TABKEY=tab1&PAGENO=43,"{""agdm"": ""002342"", ""agjc"": ""<a href='http://www.szse.cn/certificate/individual/index.html?code=002342' target='_blank'><u>巨力索具</u></a>"", ""agltgb"": ""9.54"", ""agssrq"": ""2010-01-26"", ""agzgb"": ""9.60"", ""bk"": ""主板"", ""gskzjglx"": ""-"", ""sfjybjqcy"": ""-"", ""sshymc"": ""C 制造业"", ""ylbz"": ""-""}",OFFICIAL_SZSE_BOARD_FIELD
SZSE,MAIN,A_SHARE,002343,慈文传媒,2010-01-26,https://www.szse.cn/api/report/ShowReport/data?SHOWTYPE=JSON&CATALOGID=1110&TABKEY=tab1&PAGENO=43,"{""agdm"": ""002343"", ""agjc"": ""<a href='http://www.szse.cn/certificate/individual/index.html?code=002343' target='_blank'><u>慈文传媒</u></a>"", ""agltgb"": ""4.73"", ""agssrq"": ""2010-01-26"", ""agzgb"": ""4.73"", ""bk"": ""主板"", ""gskzjglx"": ""-"", ""sfjybjqcy"": ""-"", ""sshymc"": ""R 文化传播"", ""ylbz"": ""-""}",OFFICIAL_SZSE_BOARD_FIELD
SZSE,MAIN,A_SHARE,002344,海宁皮城,2010-01-26,https://www.szse.cn/api/report/ShowReport/data?SHOWTYPE=JSON&CATALOGID=1110&TABKEY=tab1&PAGENO=43,"{""agdm"": ""002344"", ""agjc"": ""<a href='http://www.szse.cn/certificate/individual/index.html?code=002344' target='_blank'><u>海宁皮城</u></a>"", ""agltgb"": ""12.81"", ""agssrq"": ""2010-01-26"", ""agzgb"": ""12.82"", ""bk"": ""主板"", ""gskzjglx"": ""-"", ""sfjybjqcy"": ""-"", ""sshymc"": ""L 商务服务"", ""ylbz"": ""-""}",OFFICIAL_SZSE_BOARD_FIELD
SZSE,MAIN,A_SHARE,002345,潮宏基,2010-01-28,https://www.szse.cn/api/report/ShowReport/data?SHOWTYPE=JSON&CATALOGID=1110&TABKEY=tab1&PAGENO=43,"{""agdm"": ""002345"", ""agjc"": ""<a href='http://www.szse.cn/certificate/individual/index.html?code=002345' target='_blank'><u>潮宏基</u></a>"", ""agltgb"": ""8.67"", ""agssrq"": ""2010-01-28"", ""agzgb"": ""8.88"", ""bk"": ""主板"", ""gskzjglx"": ""-"", ""sfjybjqcy"": ""-"", ""sshymc"": ""C 制造业"", ""ylbz"": ""-""}",OFFICIAL_SZSE_BOARD_FIELD
SZSE,MAIN,A_SHARE,002346,柘中股份,2010-01-28,https://www.szse.cn/api/report/ShowReport/data?SHOWTYPE=JSON&CATALOGID=1110&TABKEY=tab1&PAGENO=43,"{""agdm"": ""002346"", ""agjc"": ""<a href='http://www.szse.cn/certificate/individual/index.html?code=002346' target='_blank'><u>柘中股份</u></a>"", ""agltgb"": ""4.41"", ""agssrq"": ""2010-01-28"", ""agzgb"": ""4.41"", ""bk"": ""主板"", ""gskzjglx"": ""-"", ""sfjybjqcy"": ""-"", ""sshymc"": ""C 制造业"", ""ylbz"": ""-""}",OFFICIAL_SZSE_BOARD_FIELD
SZSE,MAIN,A_SHARE,002347,泰尔股份,2010-01-28,https://www.szse.cn/api/report/ShowReport/data?SHOWTYPE=JSON&CATALOGID=1110&TABKEY=tab1&PAGENO=43,"{""agdm"": ""002347"", ""agjc"": ""<a href='http://www.szse.cn/certificate/individual/index.html?code=002347' target='_blank'><u>泰尔股份</u></a>"", ""agltgb"": ""4.93"", ""agssrq"": ""2010-01-28"", ""agzgb"": ""5.04"", ""bk"": ""主板"", ""gskzjglx"": ""-"", ""sfjybjqcy"": ""-"", ""sshymc"": ""C 制造业"", ""ylbz"": ""-""}",OFFICIAL_SZSE_BOARD_FIELD
SZSE,MAIN,A_SHARE,002348,高乐股份,2010-02-03,https://www.szse.cn/api/report/ShowReport/data?SHOWTYPE=JSON&CATALOGID=1110&TABKEY=tab1&PAGENO=43,"{""agdm"": ""002348"", ""agjc"": ""<a href='http://www.szse.cn/certificate/individual/index.html?code=002348' target='_blank'><u>高乐股份</u></a>"", ""agltgb"": ""9.03"", ""agssrq"": ""2010-02-03"", ""agzgb"": ""9.93"", ""bk"": ""主板"", ""gskzjglx"": ""-"", ""sfjybjqcy"": ""-"", ""sshymc"": ""C 制造业"", ""ylbz"": ""-""}",OFFICIAL_SZSE_BOARD_FIELD
SZSE,MAIN,A_SHARE,002349,精华制药,2010-02-03,https://www.szse.cn/api/report/ShowReport/data?SHOWTYPE=JSON&CATALOGID=1110&TABKEY=tab1&PAGENO=43,"{""agdm"": ""002349"", ""agjc"": ""<a href='http://www.szse.cn/certificate/individual/index.html?code=002349' target='_blank'><u>精华制药</u></a>"", ""agltgb"": ""8.14"", ""agssrq"": ""2010-02-03"", ""agzgb"": ""8.31"", ""bk"": ""主板"", ""gskzjglx"": ""-"", ""sfjybjqcy"": ""-"", ""sshymc"": ""C 制造业"", ""ylbz"": ""-""}",OFFICIAL_SZSE_BOARD_FIELD
SZSE,MAIN,A_SHARE,002350,北京科锐,2010-02-03,https://www.szse.cn/api/report/ShowReport/data?SHOWTYPE=JSON&CATALOGID=1110&TABKEY=tab1&PAGENO=44,"{""agdm"": ""002350"", ""agjc"": ""<a href='http://www.szse.cn/certificate/individual/index.html?code=002350' target='_blank'><u>北京科锐</u></a>"", ""agltgb"": ""5.30"", ""agssrq"": ""2010-02-03"", ""agzgb"": ""5.42"", ""bk"": ""主板"", ""gskzjglx"": ""-"", ""sfjybjqcy"": ""-"", ""sshymc"": ""C 制造业"", ""ylbz"": ""-""}",OFFICIAL_SZSE_BOARD_FIELD
SZSE,MAIN,A_SHARE,002351,漫步者,2010-02-05,https://www.szse.cn/api/report/ShowReport/data?SHOWTYPE=JSON&CATALOGID=1110&TABKEY=tab1&PAGENO=44,"{""agdm"": ""002351"", ""agjc"": ""<a href='http://www.szse.cn/certificate/individual/index.html?code=002351' target='_blank'><u>漫步者</u></a>"", ""agltgb"": ""5.27"", ""agssrq"": ""2010-02-05"", ""agzgb"": ""8.89"", ""bk"": ""主板"", ""gskzjglx"": ""-"", ""sfjybjqcy"": ""-"", ""sshymc"": ""C 制造业"", ""ylbz"": ""-""}",OFFICIAL_SZSE_BOARD_FIELD
SZSE,MAIN,A_SHARE,002352,顺丰控股,2010-02-05,https://www.szse.cn/api/report/ShowReport/data?SHOWTYPE=JSON&CATALOGID=1110&TABKEY=tab1&PAGENO=44,"{""agdm"": ""002352"", ""agjc"": ""<a href='http://www.szse.cn/certificate/individual/index.html?code=002352' target='_blank'><u>顺丰控股</u></a>"", ""agltgb"": ""47.99"", ""agssrq"": ""2010-02-05"", ""agzgb"": ""47.99"", ""bk"": ""主板"", ""gskzjglx"": ""-"", ""sfjybjqcy"": ""-"", ""sshymc"": ""G 运输仓储"", ""ylbz"": ""-""}",OFFICIAL_SZSE_BOARD_FIELD
SZSE,MAIN,A_SHARE,002353,杰瑞股份,2010-02-05,https://www.szse.cn/api/report/ShowReport/data?SHOWTYPE=JSON&CATALOGID=1110&TABKEY=tab1&PAGENO=44,"{""agdm"": ""002353"", ""agjc"": ""<a href='http://www.szse.cn/certificate/individual/index.html?code=002353' target='_blank'><u>杰瑞股份</u></a>"", ""agltgb"": ""6.91"", ""agssrq"": ""2010-02-05"", ""agzgb"": ""10.23"", ""bk"": ""主板"", ""gskzjglx"": ""-"", ""sfjybjqcy"": ""-"", ""sshymc"": ""C 制造业"", ""ylbz"": ""-""}",OFFICIAL_SZSE_BOARD_FIELD
SZSE,MAIN,A_SHARE,002354,天娱数科,2010-02-09,https://www.szse.cn/api/report/ShowReport/data?SHOWTYPE=JSON&CATALOGID=1110&TABKEY=tab1&PAGENO=44,"{""agdm"": ""002354"", ""agjc"": ""<a href='http://www.szse.cn/certificate/individual/index.html?code=002354' target='_blank'><u>天娱数科</u></a>"", ""agltgb"": ""16.26"", ""agssrq"": ""2010-02-09"", ""agzgb"": ""16.54"", ""bk"": ""主板"", ""gskzjglx"": ""-"", ""sfjybjqcy"": ""-"", ""sshymc"": ""I 信息技术"", ""ylbz"": ""-""}",OFFICIAL_SZSE_BOARD_FIELD
SZSE,MAIN,A_SHARE,002355,兴民智通,2010-02-09,https://www.szse.cn/api/report/ShowReport/data?SHOWTYPE=JSON&CATALOGID=1110&TABKEY=tab1&PAGENO=44,"{""agdm"": ""002355"", ""agjc"": ""<a href='http://www.szse.cn/certificate/individual/index.html?code=002355' target='_blank'><u>兴民智通</u></a>"", ""agltgb"": ""6.18"", ""agssrq"": ""2010-02-09"", ""agzgb"": ""6.68"", ""bk"": ""主板"", ""gskzjglx"": ""-"", ""sfjybjqcy"": ""-"", ""sshymc"": ""C 制造业"", ""ylbz"": ""-""}",OFFICIAL_SZSE_BOARD_FIELD
SZSE,MAIN,A_SHARE,002356,鹏飞绿能,2010-02-09,https://www.szse.cn/api/report/ShowReport/data?SHOWTYPE=JSON&CATALOGID=1110&TABKEY=tab1&PAGENO=44,"{""agdm"": ""002356"", ""agjc"": ""<a href='http://www.szse.cn/certificate/individual/index.html?code=002356' target='_blank'><u>鹏飞绿能</u></a>"", ""agltgb"": ""13.11"", ""agssrq"": ""2010-02-09"", ""agzgb"": ""13.11"", ""bk"": ""主板"", ""gskzjglx"": ""-"", ""sfjybjqcy"": ""-"", ""sshymc"": ""F 批发零售"", ""ylbz"": ""-""}",OFFICIAL_SZSE_BOARD_FIELD
SZSE,MAIN,A_SHARE,002357,富临运业,2010-02-10,https://www.szse.cn/api/report/ShowReport/data?SHOWTYPE=JSON&CATALOGID=1110&TABKEY=tab1&PAGENO=44,"{""agdm"": ""002357"", ""agjc"": ""<a href='http://www.szse.cn/certificate/individual/index.html?code=002357' target='_blank'><u>富临运业</u></a>"", ""agltgb"": ""3.13"", ""agssrq"": ""2010-02-10"", ""agzgb"": ""3.13"", ""bk"": ""主板"", ""gskzjglx"": ""-"", ""sfjybjqcy"": ""-"", ""sshymc"": ""G 运输仓储"", ""ylbz"": ""-""}",OFFICIAL_SZSE_BOARD_FIELD
SZSE,MAIN,A_SHARE,002358,森源电气,2010-02-10,https://www.szse.cn/api/report/ShowReport/data?SHOWTYPE=JSON&CATALOGID=1110&TABKEY=tab1&PAGENO=44,"{""agdm"": ""002358"", ""agjc"": ""<a href='http://www.szse.cn/certificate/individual/index.html?code=002358' target='_blank'><u>森源电气</u></a>"", ""agltgb"": ""9.29"", ""agssrq"": ""2010-02-10"", ""agzgb"": ""9.29"", ""bk"": ""主板"", ""gskzjglx"": ""-"", ""sfjybjqcy"": ""-"", ""sshymc"": ""C 制造业"", ""ylbz"": ""-""}",OFFICIAL_SZSE_BOARD_FIELD
SZSE,MAIN,A_SHARE,002360,ST同德,2010-03-03,https://www.szse.cn/api/report/ShowReport/data?SHOWTYPE=JSON&CATALOGID=1110&TABKEY=tab1&PAGENO=44,"{""agdm"": ""002360"", ""agjc"": ""<a href='http://www.szse.cn/certificate/individual/index.html?code=002360' target='_blank'><u>ST同德</u></a>"", ""agltgb"": ""3.08"", ""agssrq"": ""2010-03-03"", ""agzgb"": ""4.01"", ""bk"": ""主板"", ""gskzjglx"": ""-"", ""sfjybjqcy"": ""-"", ""sshymc"": ""C 制造业"", ""ylbz"": ""-""}",OFFICIAL_SZSE_BOARD_FIELD
SZSE,MAIN,A_SHARE,002361,神剑股份,2010-03-03,https://www.szse.cn/api/report/ShowReport/data?SHOWTYPE=JSON&CATALOGID=1110&TABKEY=tab1&PAGENO=44,"{""agdm"": ""002361"", ""agjc"": ""<a href='http://www.szse.cn/certificate/individual/index.html?code=002361' target='_blank'><u>神剑股份</u></a>"", ""agltgb"": ""9.51"", ""agssrq"": ""2010-03-03"", ""agzgb"": ""9.51"", ""bk"": ""主板"", ""gskzjglx"": ""-"", ""sfjybjqcy"": ""-"", ""sshymc"": ""C 制造业"", ""ylbz"": ""-""}",OFFICIAL_SZSE_BOARD_FIELD
SZSE,MAIN,A_SHARE,002362,汉王科技,2010-03-03,https://www.szse.cn/api/report/ShowReport/data?SHOWTYPE=JSON&CATALOGID=1110&TABKEY=tab1&PAGENO=44,"{""agdm"": ""002362"", ""agjc"": ""<a href='http://www.szse.cn/certificate/individual/index.html?code=002362' target='_blank'><u>汉王科技</u></a>"", ""agltgb"": ""2.07"", ""agssrq"": ""2010-03-03"", ""agzgb"": ""2.44"", ""bk"": ""主板"", ""gskzjglx"": ""-"", ""sfjybjqcy"": ""-"", ""sshymc"": ""C 制造业"", ""ylbz"": ""-""}",OFFICIAL_SZSE_BOARD_FIELD
SZSE,MAIN,A_SHARE,002363,隆基机械,2010-03-05,https://www.szse.cn/api/report/ShowReport/data?SHOWTYPE=JSON&CATALOGID=1110&TABKEY=tab1&PAGENO=44,"{""agdm"": ""002363"", ""agjc"": ""<a href='http://www.szse.cn/certificate/individual/index.html?code=002363' target='_blank'><u>隆基机械</u></a>"", ""agltgb"": ""4.15"", ""agssrq"": ""2010-03-05"", ""agzgb"": ""4.16"", ""bk"": ""主板"", ""gskzjglx"": ""-"", ""sfjybjqcy"": ""-"", ""sshymc"": ""C 制造业"", ""ylbz"": ""-""}",OFFICIAL_SZSE_BOARD_FIELD
SZSE,MAIN,A_SHARE,002364,中恒电气,2010-03-05,https://www.szse.cn/api/report/ShowReport/data?SHOWTYPE=JSON&CATALOGID=1110&TABKEY=tab1&PAGENO=44,"{""agdm"": ""002364"", ""agjc"": ""<a href='http://www.szse.cn/certificate/individual/index.html?code=002364' target='_blank'><u>中恒电气</u></a>"", ""agltgb"": ""5.58"", ""agssrq"": ""2010-03-05"", ""agzgb"": ""5.63"", ""bk"": ""主板"", ""gskzjglx"": ""-"", ""sfjybjqcy"": ""-"", ""sshymc"": ""C 制造业"", ""ylbz"": ""-""}",OFFICIAL_SZSE_BOARD_FIELD
SZSE,MAIN,A_SHARE,002365,永安药业,2010-03-05,https://www.szse.cn/api/report/ShowReport/data?SHOWTYPE=JSON&CATALOGID=1110&TABKEY=tab1&PAGENO=44,"{""agdm"": ""002365"", ""agjc"": ""<a href='http://www.szse.cn/certificate/individual/index.html?code=002365' target='_blank'><u>永安药业</u></a>"", ""agltgb"": ""2.45"", ""agssrq"": ""2010-03-05"", ""agzgb"": ""2.94"", ""bk"": ""主板"", ""gskzjglx"": ""-"", ""sfjybjqcy"": ""-"", ""sshymc"": ""C 制造业"", ""ylbz"": ""-""}",OFFICIAL_SZSE_BOARD_FIELD
SZSE,MAIN,A_SHARE,002366,融发核电,2010-03-12,https://www.szse.cn/api/report/ShowReport/data?SHOWTYPE=JSON&CATALOGID=1110&TABKEY=tab1&PAGENO=44,"{""agdm"": ""002366"", ""agjc"": ""<a href='http://www.szse.cn/certificate/individual/index.html?code=002366' target='_blank'><u>融发核电</u></a>"", ""agltgb"": ""18.50"", ""agssrq"": ""2010-03-12"", ""agzgb"": ""20.80"", ""bk"": ""主板"", ""gskzjglx"": ""-"", ""sfjybjqcy"": ""-"", ""sshymc"": ""C 制造业"", ""ylbz"": ""-""}",OFFICIAL_SZSE_BOARD_FIELD
SZSE,MAIN,A_SHARE,002367,康力电梯,2010-03-12,https://www.szse.cn/api/report/ShowReport/data?SHOWTYPE=JSON&CATALOGID=1110&TABKEY=tab1&PAGENO=44,"{""agdm"": ""002367"", ""agjc"": ""<a href='http://www.szse.cn/certificate/individual/index.html?code=002367' target='_blank'><u>康力电梯</u></a>"", ""agltgb"": ""7.94"", ""agssrq"": ""2010-03-12"", ""agzgb"": ""7.97"", ""bk"": ""主板"", ""gskzjglx"": ""-"", ""sfjybjqcy"": ""-"", ""sshymc"": ""C 制造业"", ""ylbz"": ""-""}",OFFICIAL_SZSE_BOARD_FIELD
SZSE,MAIN,A_SHARE,002368,太极股份,2010-03-12,https://www.szse.cn/api/report/ShowReport/data?SHOWTYPE=JSON&CATALOGID=1110&TABKEY=tab1&PAGENO=44,"{""agdm"": ""002368"", ""agjc"": ""<a href='http://www.szse.cn/certificate/individual/index.html?code=002368' target='_blank'><u>太极股份</u></a>"", ""agltgb"": ""6.21"", ""agssrq"": ""2010-03-12"", ""agzgb"": ""6.23"", ""bk"": ""主板"", ""gskzjglx"": ""-"", ""sfjybjqcy"": ""-"", ""sshymc"": ""I 信息技术"", ""ylbz"": ""-""}",OFFICIAL_SZSE_BOARD_FIELD
SZSE,MAIN,A_SHARE,002369,卓翼科技,2010-03-16,https://www.szse.cn/api/report/ShowReport/data?SHOWTYPE=JSON&CATALOGID=1110&TABKEY=tab1&PAGENO=44,"{""agdm"": ""002369"", ""agjc"": ""<a href='http://www.szse.cn/certificate/individual/index.html?code=002369' target='_blank'><u>卓翼科技</u></a>"", ""agltgb"": ""5.66"", ""agssrq"": ""2010-03-16"", ""agzgb"": ""5.66"", ""bk"": ""主板"", ""gskzjglx"": ""-"", ""sfjybjqcy"": ""-"", ""sshymc"": ""C 制造业"", ""ylbz"": ""-""}",OFFICIAL_SZSE_BOARD_FIELD
SZSE,MAIN,A_SHARE,002370,亚太药业,2010-03-16,https://www.szse.cn/api/report/ShowReport/data?SHOWTYPE=JSON&CATALOGID=1110&TABKEY=tab1&PAGENO=44,"{""agdm"": ""002370"", ""agjc"": ""<a href='http://www.szse.cn/certificate/individual/index.html?code=002370' target='_blank'><u>亚太药业</u></a>"", ""agltgb"": ""7.45"", ""agssrq"": ""2010-03-16"", ""agzgb"": ""7.45"", ""bk"": ""主板"", ""gskzjglx"": ""-"", ""sfjybjqcy"": ""-"", ""sshymc"": ""C 制造业"", ""ylbz"": ""-""}",OFFICIAL_SZSE_BOARD_FIELD
SZSE,MAIN,A_SHARE,002371,北方华创,2010-03-16,https://www.szse.cn/api/report/ShowReport/data?SHOWTYPE=JSON&CATALOGID=1110&TABKEY=tab1&PAGENO=45,"{""agdm"": ""002371"", ""agjc"": ""<a href='http://www.szse.cn/certificate/individual/index.html?code=002371' target='_blank'><u>北方华创</u></a>"", ""agltgb"": ""7.25"", ""agssrq"": ""2010-03-16"", ""agzgb"": ""7.25"", ""bk"": ""主板"", ""gskzjglx"": ""-"", ""sfjybjqcy"": ""-"", ""sshymc"": ""C 制造业"", ""ylbz"": ""-""}",OFFICIAL_SZSE_BOARD_FIELD
SZSE,MAIN,A_SHARE,002372,伟星新材,2010-03-18,https://www.szse.cn/api/report/ShowReport/data?SHOWTYPE=JSON&CATALOGID=1110&TABKEY=tab1&PAGENO=45,"{""agdm"": ""002372"", ""agjc"": ""<a href='http://www.szse.cn/certificate/individual/index.html?code=002372' target='_blank'><u>伟星新材</u></a>"", ""agltgb"": ""14.70"", ""agssrq"": ""2010-03-18"", ""agzgb"": ""15.92"", ""bk"": ""主板"", ""gskzjglx"": ""-"", ""sfjybjqcy"": ""-"", ""sshymc"": ""C 制造业"", ""ylbz"": ""-""}",OFFICIAL_SZSE_BOARD_FIELD
SZSE,MAIN,A_SHARE,002373,千方科技,2010-03-18,https://www.szse.cn/api/report/ShowReport/data?SHOWTYPE=JSON&CATALOGID=1110&TABKEY=tab1&PAGENO=45,"{""agdm"": ""002373"", ""agjc"": ""<a href='http://www.szse.cn/certificate/individual/index.html?code=002373' target='_blank'><u>千方科技</u></a>"", ""agltgb"": ""13.77"", ""agssrq"": ""2010-03-18"", ""agzgb"": ""15.80"", ""bk"": ""主板"", ""gskzjglx"": ""-"", ""sfjybjqcy"": ""-"", ""sshymc"": ""I 信息技术"", ""ylbz"": ""-""}",OFFICIAL_SZSE_BOARD_FIELD
SZSE,MAIN,A_SHARE,002374,中锐股份,2010-03-18,https://www.szse.cn/api/report/ShowReport/data?SHOWTYPE=JSON&CATALOGID=1110&TABKEY=tab1&PAGENO=45,"{""agdm"": ""002374"", ""agjc"": ""<a href='http://www.szse.cn/certificate/individual/index.html?code=002374' target='_blank'><u>中锐股份</u></a>"", ""agltgb"": ""10.85"", ""agssrq"": ""2010-03-18"", ""agzgb"": ""10.85"", ""bk"": ""主板"", ""gskzjglx"": ""-"", ""sfjybjqcy"": ""-"", ""sshymc"": ""C 制造业"", ""ylbz"": ""-""}",OFFICIAL_SZSE_BOARD_FIELD
SZSE,MAIN,A_SHARE,002375,亚厦股份,2010-03-23,https://www.szse.cn/api/report/ShowReport/data?SHOWTYPE=JSON&CATALOGID=1110&TABKEY=tab1&PAGENO=45,"{""agdm"": ""002375"", ""agjc"": ""<a href='http://www.szse.cn/certificate/individual/index.html?code=002375' target='_blank'><u>亚厦股份</u></a>"", ""agltgb"": ""13.30"", ""agssrq"": ""2010-03-23"", ""agzgb"": ""13.39"", ""bk"": ""主板"", ""gskzjglx"": ""-"", ""sfjybjqcy"": ""-"", ""sshymc"": ""E 建筑业"", ""ylbz"": ""-""}",OFFICIAL_SZSE_BOARD_FIELD
SZSE,MAIN,A_SHARE,002376,新北洋,2010-03-23,https://www.szse.cn/api/report/ShowReport/data?SHOWTYPE=JSON&CATALOGID=1110&TABKEY=tab1&PAGENO=45,"{""agdm"": ""002376"", ""agjc"": ""<a href='http://www.szse.cn/certificate/individual/index.html?code=002376' target='_blank'><u>新北洋</u></a>"", ""agltgb"": ""7.87"", ""agssrq"": ""2010-03-23"", ""agzgb"": ""8.10"", ""bk"": ""主板"", ""gskzjglx"": ""-"", ""sfjybjqcy"": ""-"", ""sshymc"": ""C 制造业"", ""ylbz"": ""-""}",OFFICIAL_SZSE_BOARD_FIELD
SZSE,MAIN,A_SHARE,002377,国创高新,2010-03-23,https://www.szse.cn/api/report/ShowReport/data?SHOWTYPE=JSON&CATALOGID=1110&TABKEY=tab1&PAGENO=45,"{""agdm"": ""002377"", ""agjc"": ""<a href='http://www.szse.cn/certificate/individual/index.html?code=002377' target='_blank'><u>国创高新</u></a>"", ""agltgb"": ""8.72"", ""agssrq"": ""2010-03-23"", ""agzgb"": ""9.16"", ""bk"": ""主板"", ""gskzjglx"": ""-"", ""sfjybjqcy"": ""-"", ""sshymc"": ""C 制造业"", ""ylbz"": ""-""}",OFFICIAL_SZSE_BOARD_FIELD
SZSE,MAIN,A_SHARE,002378,章源钨业,2010-03-31,https://www.szse.cn/api/report/ShowReport/data?SHOWTYPE=JSON&CATALOGID=1110&TABKEY=tab1&PAGENO=45,"{""agdm"": ""002378"", ""agjc"": ""<a href='http://www.szse.cn/certificate/individual/index.html?code=002378' target='_blank'><u>章源钨业</u></a>"", ""agltgb"": ""11.95"", ""agssrq"": ""2010-03-31"", ""agzgb"": ""12.01"", ""bk"": ""主板"", ""gskzjglx"": ""-"", ""sfjybjqcy"": ""-"", ""sshymc"": ""C 制造业"", ""ylbz"": ""-""}",OFFICIAL_SZSE_BOARD_FIELD
SZSE,MAIN,A_SHARE,002379,宏桥控股,2010-03-31,https://www.szse.cn/api/report/ShowReport/data?SHOWTYPE=JSON&CATALOGID=1110&TABKEY=tab1&PAGENO=45,"{""agdm"": ""002379"", ""agjc"": ""<a href='http://www.szse.cn/certificate/individual/index.html?code=002379' target='_blank'><u>宏桥控股</u></a>"", ""agltgb"": ""11.36"", ""agssrq"": ""2010-03-31"", ""agzgb"": ""130.31"", ""bk"": ""主板"", ""gskzjglx"": ""-"", ""sfjybjqcy"": ""-"", ""sshymc"": ""C 制造业"", ""ylbz"": ""-""}",OFFICIAL_SZSE_BOARD_FIELD
SZSE,MAIN,A_SHARE,002380,科远智慧,2010-03-31,https://www.szse.cn/api/report/ShowReport/data?SHOWTYPE=JSON&CATALOGID=1110&TABKEY=tab1&PAGENO=45,"{""agdm"": ""002380"", ""agjc"": ""<a href='http://www.szse.cn/certificate/individual/index.html?code=002380' target='_blank'><u>科远智慧</u></a>"", ""agltgb"": ""1.42"", ""agssrq"": ""2010-03-31"", ""agzgb"": ""2.39"", ""bk"": ""主板"", ""gskzjglx"": ""-"", ""sfjybjqcy"": ""-"", ""sshymc"": ""I 信息技术"", ""ylbz"": ""-""}",OFFICIAL_SZSE_BOARD_FIELD
SZSE,MAIN,A_SHARE,002381,双箭股份,2010-04-02,https://www.szse.cn/api/report/ShowReport/data?SHOWTYPE=JSON&CATALOGID=1110&TABKEY=tab1&PAGENO=45,"{""agdm"": ""002381"", ""agjc"": ""<a href='http://www.szse.cn/certificate/individual/index.html?code=002381' target='_blank'><u>双箭股份</u></a>"", ""agltgb"": ""3.22"", ""agssrq"": ""2010-04-02"", ""agzgb"": ""4.11"", ""bk"": ""主板"", ""gskzjglx"": ""-"", ""sfjybjqcy"": ""-"", ""sshymc"": ""C 制造业"", ""ylbz"": ""-""}",OFFICIAL_SZSE_BOARD_FIELD
SZSE,MAIN,A_SHARE,002382,蓝帆医疗,2010-04-02,https://www.szse.cn/api/report/ShowReport/data?SHOWTYPE=JSON&CATALOGID=1110&TABKEY=tab1&PAGENO=45,"{""agdm"": ""002382"", ""agjc"": ""<a href='http://www.szse.cn/certificate/individual/index.html?code=002382' target='_blank'><u>蓝帆医疗</u></a>"", ""agltgb"": ""9.97"", ""agssrq"": ""2010-04-02"", ""agzgb"": ""10.07"", ""bk"": ""主板"", ""gskzjglx"": ""-"", ""sfjybjqcy"": ""-"", ""sshymc"": ""C 制造业"", ""ylbz"": ""-""}",OFFICIAL_SZSE_BOARD_FIELD
SZSE,MAIN,A_SHARE,002383,合众思壮,2010-04-02,https://www.szse.cn/api/report/ShowReport/data?SHOWTYPE=JSON&CATALOGID=1110&TABKEY=tab1&PAGENO=45,"{""agdm"": ""002383"", ""agjc"": ""<a href='http://www.szse.cn/certificate/individual/index.html?code=002383' target='_blank'><u>合众思壮</u></a>"", ""agltgb"": ""7.40"", ""agssrq"": ""2010-04-02"", ""agzgb"": ""7.40"", ""bk"": ""主板"", ""gskzjglx"": ""-"", ""sfjybjqcy"": ""-"", ""sshymc"": ""C 制造业"", ""ylbz"": ""-""}",OFFICIAL_SZSE_BOARD_FIELD
SZSE,MAIN,A_SHARE,002384,东山精密,2010-04-09,https://www.szse.cn/api/report/ShowReport/data?SHOWTYPE=JSON&CATALOGID=1110&TABKEY=tab1&PAGENO=45,"{""agdm"": ""002384"", ""agjc"": ""<a href='http://www.szse.cn/certificate/individual/index.html?code=002384' target='_blank'><u>东山精密</u></a>"", ""agltgb"": ""13.86"", ""agssrq"": ""2010-04-09"", ""agzgb"": ""18.31"", ""bk"": ""主板"", ""gskzjglx"": ""-"", ""sfjybjqcy"": ""-"", ""sshymc"": ""C 制造业"", ""ylbz"": ""-""}",OFFICIAL_SZSE_BOARD_FIELD
SZSE,MAIN,A_SHARE,002385,大北农,2010-04-09,https://www.szse.cn/api/report/ShowReport/data?SHOWTYPE=JSON&CATALOGID=1110&TABKEY=tab1&PAGENO=45,"{""agdm"": ""002385"", ""agjc"": ""<a href='http://www.szse.cn/certificate/individual/index.html?code=002385' target='_blank'><u>大北农</u></a>"", ""agltgb"": ""34.60"", ""agssrq"": ""2010-04-09"", ""agzgb"": ""43.00"", ""bk"": ""主板"", ""gskzjglx"": ""-"", ""sfjybjqcy"": ""-"", ""sshymc"": ""C 制造业"", ""ylbz"": ""-""}",OFFICIAL_SZSE_BOARD_FIELD
SZSE,MAIN,A_SHARE,002386,天原股份,2010-04-09,https://www.szse.cn/api/report/ShowReport/data?SHOWTYPE=JSON&CATALOGID=1110&TABKEY=tab1&PAGENO=45,"{""agdm"": ""002386"", ""agjc"": ""<a href='http://www.szse.cn/certificate/individual/index.html?code=002386' target='_blank'><u>天原股份</u></a>"", ""agltgb"": ""13.01"", ""agssrq"": ""2010-04-09"", ""agzgb"": ""13.01"", ""bk"": ""主板"", ""gskzjglx"": ""-"", ""sfjybjqcy"": ""-"", ""sshymc"": ""C 制造业"", ""ylbz"": ""-""}",OFFICIAL_SZSE_BOARD_FIELD
SZSE,MAIN,A_SHARE,002387,维信诺,2010-04-13,https://www.szse.cn/api/report/ShowReport/data?SHOWTYPE=JSON&CATALOGID=1110&TABKEY=tab1&PAGENO=45,"{""agdm"": ""002387"", ""agjc"": ""<a href='http://www.szse.cn/certificate/individual/index.html?code=002387' target='_blank'><u>维信诺</u></a>"", ""agltgb"": ""13.94"", ""agssrq"": ""2010-04-13"", ""agzgb"": ""13.96"", ""bk"": ""主板"", ""gskzjglx"": ""-"", ""sfjybjqcy"": ""-"", ""sshymc"": ""C 制造业"", ""ylbz"": ""-""}",OFFICIAL_SZSE_BOARD_FIELD
SZSE,MAIN,A_SHARE,002388,新亚制程,2010-04-13,https://www.szse.cn/api/report/ShowReport/data?SHOWTYPE=JSON&CATALOGID=1110&TABKEY=tab1&PAGENO=45,"{""agdm"": ""002388"", ""agjc"": ""<a href='http://www.szse.cn/certificate/individual/index.html?code=002388' target='_blank'><u>新亚制程</u></a>"", ""agltgb"": ""5.06"", ""agssrq"": ""2010-04-13"", ""agzgb"": ""5.10"", ""bk"": ""主板"", ""gskzjglx"": ""-"", ""sfjybjqcy"": ""-"", ""sshymc"": ""C 制造业"", ""ylbz"": ""-""}",OFFICIAL_SZSE_BOARD_FIELD
SZSE,MAIN,A_SHARE,002389,航天彩虹,2010-04-13,https://www.szse.cn/api/report/ShowReport/data?SHOWTYPE=JSON&CATALOGID=1110&TABKEY=tab1&PAGENO=45,"{""agdm"": ""002389"", ""agjc"": ""<a href='http://www.szse.cn/certificate/individual/index.html?code=002389' target='_blank'><u>航天彩虹</u></a>"", ""agltgb"": ""9.84"", ""agssrq"": ""2010-04-13"", ""agzgb"": ""9.84"", ""bk"": ""主板"", ""gskzjglx"": ""-"", ""sfjybjqcy"": ""-"", ""sshymc"": ""C 制造业"", ""ylbz"": ""-""}",OFFICIAL_SZSE_BOARD_FIELD
SZSE,MAIN,A_SHARE,002390,信邦制药,2010-04-16,https://www.szse.cn/api/report/ShowReport/data?SHOWTYPE=JSON&CATALOGID=1110&TABKEY=tab1&PAGENO=45,"{""agdm"": ""002390"", ""agjc"": ""<a href='http://www.szse.cn/certificate/individual/index.html?code=002390' target='_blank'><u>信邦制药</u></a>"", ""agltgb"": ""19.27"", ""agssrq"": ""2010-04-16"", ""agzgb"": ""19.43"", ""bk"": ""主板"", ""gskzjglx"": ""-"", ""sfjybjqcy"": ""-"", ""sshymc"": ""F 批发零售"", ""ylbz"": ""-""}",OFFICIAL_SZSE_BOARD_FIELD
SZSE,MAIN,A_SHARE,002391,长青股份,2010-04-16,https://www.szse.cn/api/report/ShowReport/data?SHOWTYPE=JSON&CATALOGID=1110&TABKEY=tab1&PAGENO=46,"{""agdm"": ""002391"", ""agjc"": ""<a href='http://www.szse.cn/certificate/individual/index.html?code=002391' target='_blank'><u>长青股份</u></a>"", ""agltgb"": ""4.64"", ""agssrq"": ""2010-04-16"", ""agzgb"": ""6.49"", ""bk"": ""主板"", ""gskzjglx"": ""-"", ""sfjybjqcy"": ""-"", ""sshymc"": ""C 制造业"", ""ylbz"": ""-""}",OFFICIAL_SZSE_BOARD_FIELD
SZSE,MAIN,A_SHARE,002392,北京利尔,2010-04-23,https://www.szse.cn/api/report/ShowReport/data?SHOWTYPE=JSON&CATALOGID=1110&TABKEY=tab1&PAGENO=46,"{""agdm"": ""002392"", ""agjc"": ""<a href='http://www.szse.cn/certificate/individual/index.html?code=002392' target='_blank'><u>北京利尔</u></a>"", ""agltgb"": ""11.57"", ""agssrq"": ""2010-04-23"", ""agzgb"": ""11.90"", ""bk"": ""主板"", ""gskzjglx"": ""-"", ""sfjybjqcy"": ""-"", ""sshymc"": ""C 制造业"", ""ylbz"": ""-""}",OFFICIAL_SZSE_BOARD_FIELD
SZSE,MAIN,A_SHARE,002393,力生制药,2010-04-23,https://www.szse.cn/api/report/ShowReport/data?SHOWTYPE=JSON&CATALOGID=1110&TABKEY=tab1&PAGENO=46,"{""agdm"": ""002393"", ""agjc"": ""<a href='http://www.szse.cn/certificate/individual/index.html?code=002393' target='_blank'><u>力生制药</u></a>"", ""agltgb"": ""3.00"", ""agssrq"": ""2010-04-23"", ""agzgb"": ""3.08"", ""bk"": ""主板"", ""gskzjglx"": ""-"", ""sfjybjqcy"": ""-"", ""sshymc"": ""C 制造业"", ""ylbz"": ""-""}",OFFICIAL_SZSE_BOARD_FIELD
SZSE,MAIN,A_SHARE,002394,联发股份,2010-04-23,https://www.szse.cn/api/report/ShowReport/data?SHOWTYPE=JSON&CATALOGID=1110&TABKEY=tab1&PAGENO=46,"{""agdm"": ""002394"", ""agjc"": ""<a href='http://www.szse.cn/certificate/individual/index.html?code=002394' target='_blank'><u>联发股份</u></a>"", ""agltgb"": ""3.23"", ""agssrq"": ""2010-04-23"", ""agzgb"": ""3.23"", ""bk"": ""主板"", ""gskzjglx"": ""-"", ""sfjybjqcy"": ""-"", ""sshymc"": ""C 制造业"", ""ylbz"": ""-""}",OFFICIAL_SZSE_BOARD_FIELD
SZSE,MAIN,A_SHARE,002395,双象股份,2010-04-29,https://www.szse.cn/api/report/ShowReport/data?SHOWTYPE=JSON&CATALOGID=1110&TABKEY=tab1&PAGENO=46,"{""agdm"": ""002395"", ""agjc"": ""<a href='http://www.szse.cn/certificate/individual/index.html?code=002395' target='_blank'><u>双象股份</u></a>"", ""agltgb"": ""2.68"", ""agssrq"": ""2010-04-29"", ""agzgb"": ""2.68"", ""bk"": ""主板"", ""gskzjglx"": ""-"", ""sfjybjqcy"": ""-"", ""sshymc"": ""C 制造业"", ""ylbz"": ""-""}",OFFICIAL_SZSE_BOARD_FIELD
SZSE,MAIN,A_SHARE,002396,星网锐捷,2010-06-23,https://www.szse.cn/api/report/ShowReport/data?SHOWTYPE=JSON&CATALOGID=1110&TABKEY=tab1&PAGENO=46,"{""agdm"": ""002396"", ""agjc"": ""<a href='http://www.szse.cn/certificate/individual/index.html?code=002396' target='_blank'><u>星网锐捷</u></a>"", ""agltgb"": ""7.57"", ""agssrq"": ""2010-06-23"", ""agzgb"": ""7.60"", ""bk"": ""主板"", ""gskzjglx"": ""-"", ""sfjybjqcy"": ""-"", ""sshymc"": ""C 制造业"", ""ylbz"": ""-""}",OFFICIAL_SZSE_BOARD_FIELD
SZSE,MAIN,A_SHARE,002397,梦洁股份,2010-04-29,https://www.szse.cn/api/report/ShowReport/data?SHOWTYPE=JSON&CATALOGID=1110&TABKEY=tab1&PAGENO=46,"{""agdm"": ""002397"", ""agjc"": ""<a href='http://www.szse.cn/certificate/individual/index.html?code=002397' target='_blank'><u>梦洁股份</u></a>"", ""agltgb"": ""6.49"", ""agssrq"": ""2010-04-29"", ""agzgb"": ""7.47"", ""bk"": ""主板"", ""gskzjglx"": ""-"", ""sfjybjqcy"": ""-"", ""sshymc"": ""C 制造业"", ""ylbz"": ""-""}",OFFICIAL_SZSE_BOARD_FIELD
SZSE,MAIN,A_SHARE,002398,垒知集团,2010-05-06,https://www.szse.cn/api/report/ShowReport/data?SHOWTYPE=JSON&CATALOGID=1110&TABKEY=tab1&PAGENO=46,"{""agdm"": ""002398"", ""agjc"": ""<a href='http://www.szse.cn/certificate/individual/index.html?code=002398' target='_blank'><u>垒知集团</u></a>"", ""agltgb"": ""5.99"", ""agssrq"": ""2010-05-06"", ""agzgb"": ""6.88"", ""bk"": ""主板"", ""gskzjglx"": ""-"", ""sfjybjqcy"": ""-"", ""sshymc"": ""C 制造业"", ""ylbz"": ""-""}",OFFICIAL_SZSE_BOARD_FIELD
SZSE,MAIN,A_SHARE,002399,海普瑞,2010-05-06,https://www.szse.cn/api/report/ShowReport/data?SHOWTYPE=JSON&CATALOGID=1110&TABKEY=tab1&PAGENO=46,"{""agdm"": ""002399"", ""agjc"": ""<a href='http://www.szse.cn/certificate/individual/index.html?code=002399' target='_blank'><u>海普瑞</u></a>"", ""agltgb"": ""12.47"", ""agssrq"": ""2010-05-06"", ""agzgb"": ""12.47"", ""bk"": ""主板"", ""gskzjglx"": ""-"", ""sfjybjqcy"": ""-"", ""sshymc"": ""C 制造业"", ""ylbz"": ""-""}",OFFICIAL_SZSE_BOARD_FIELD
SZSE,MAIN,A_SHARE,002400,省广集团,2010-05-06,https://www.szse.cn/api/report/ShowReport/data?SHOWTYPE=JSON&CATALOGID=1110&TABKEY=tab1&PAGENO=46,"{""agdm"": ""002400"", ""agjc"": ""<a href='http://www.szse.cn/certificate/individual/index.html?code=002400' target='_blank'><u>省广集团</u></a>"", ""agltgb"": ""17.26"", ""agssrq"": ""2010-05-06"", ""agzgb"": ""17.43"", ""bk"": ""主板"", ""gskzjglx"": ""-"", ""sfjybjqcy"": ""-"", ""sshymc"": ""L 商务服务"", ""ylbz"": ""-""}",OFFICIAL_SZSE_BOARD_FIELD
SZSE,MAIN,A_SHARE,002401,中远海科,2010-05-06,https://www.szse.cn/api/report/ShowReport/data?SHOWTYPE=JSON&CATALOGID=1110&TABKEY=tab1&PAGENO=46,"{""agdm"": ""002401"", ""agjc"": ""<a href='http://www.szse.cn/certificate/individual/index.html?code=002401' target='_blank'><u>中远海科</u></a>"", ""agltgb"": ""3.71"", ""agssrq"": ""2010-05-06"", ""agzgb"": ""3.71"", ""bk"": ""主板"", ""gskzjglx"": ""-"", ""sfjybjqcy"": ""-"", ""sshymc"": ""I 信息技术"", ""ylbz"": ""-""}",OFFICIAL_SZSE_BOARD_FIELD
SZSE,MAIN,A_SHARE,002402,和而泰,2010-05-11,https://www.szse.cn/api/report/ShowReport/data?SHOWTYPE=JSON&CATALOGID=1110&TABKEY=tab1&PAGENO=46,"{""agdm"": ""002402"", ""agjc"": ""<a href='http://www.szse.cn/certificate/individual/index.html?code=002402' target='_blank'><u>和而泰</u></a>"", ""agltgb"": ""8.18"", ""agssrq"": ""2010-05-11"", ""agzgb"": ""9.23"", ""bk"": ""主板"", ""gskzjglx"": ""-"", ""sfjybjqcy"": ""-"", ""sshymc"": ""C 制造业"", ""ylbz"": ""-""}",OFFICIAL_SZSE_BOARD_FIELD
SZSE,MAIN,A_SHARE,002403,爱仕达,2010-05-11,https://www.szse.cn/api/report/ShowReport/data?SHOWTYPE=JSON&CATALOGID=1110&TABKEY=tab1&PAGENO=46,"{""agdm"": ""002403"", ""agjc"": ""<a href='http://www.szse.cn/certificate/individual/index.html?code=002403' target='_blank'><u>爱仕达</u></a>"", ""agltgb"": ""2.97"", ""agssrq"": ""2010-05-11"", ""agzgb"": ""3.40"", ""bk"": ""主板"", ""gskzjglx"": ""-"", ""sfjybjqcy"": ""-"", ""sshymc"": ""C 制造业"", ""ylbz"": ""-""}",OFFICIAL_SZSE_BOARD_FIELD
SZSE,MAIN,A_SHARE,002404,嘉欣丝绸,2010-05-11,https://www.szse.cn/api/report/ShowReport/data?SHOWTYPE=JSON&CATALOGID=1110&TABKEY=tab1&PAGENO=46,"{""agdm"": ""002404"", ""agjc"": ""<a href='http://www.szse.cn/certificate/individual/index.html?code=002404' target='_blank'><u>嘉欣丝绸</u></a>"", ""agltgb"": ""4.55"", ""agssrq"": ""2010-05-11"", ""agzgb"": ""5.60"", ""bk"": ""主板"", ""gskzjglx"": ""-"", ""sfjybjqcy"": ""-"", ""sshymc"": ""C 制造业"", ""ylbz"": ""-""}",OFFICIAL_SZSE_BOARD_FIELD
SZSE,MAIN,A_SHARE,002405,四维图新,2010-05-18,https://www.szse.cn/api/report/ShowReport/data?SHOWTYPE=JSON&CATALOGID=1110&TABKEY=tab1&PAGENO=46,"{""agdm"": ""002405"", ""agjc"": ""<a href='http://www.szse.cn/certificate/individual/index.html?code=002405' target='_blank'><u>四维图新</u></a>"", ""agltgb"": ""23.55"", ""agssrq"": ""2010-05-18"", ""agzgb"": ""23.70"", ""bk"": ""主板"", ""gskzjglx"": ""-"", ""sfjybjqcy"": ""-"", ""sshymc"": ""I 信息技术"", ""ylbz"": ""-""}",OFFICIAL_SZSE_BOARD_FIELD
SZSE,MAIN,A_SHARE,002406,远东传动,2010-05-18,https://www.szse.cn/api/report/ShowReport/data?SHOWTYPE=JSON&CATALOGID=1110&TABKEY=tab1&PAGENO=46,"{""agdm"": ""002406"", ""agjc"": ""<a href='http://www.szse.cn/certificate/individual/index.html?code=002406' target='_blank'><u>远东传动</u></a>"", ""agltgb"": ""5.62"", ""agssrq"": ""2010-05-18"", ""agzgb"": ""7.30"", ""bk"": ""主板"", ""gskzjglx"": ""-"", ""sfjybjqcy"": ""-"", ""sshymc"": ""C 制造业"", ""ylbz"": ""-""}",OFFICIAL_SZSE_BOARD_FIELD
SZSE,MAIN,A_SHARE,002407,多氟多,2010-05-18,https://www.szse.cn/api/report/ShowReport/data?SHOWTYPE=JSON&CATALOGID=1110&TABKEY=tab1&PAGENO=46,"{""agdm"": ""002407"", ""agjc"": ""<a href='http://www.szse.cn/certificate/individual/index.html?code=002407' target='_blank'><u>多氟多</u></a>"", ""agltgb"": ""10.80"", ""agssrq"": ""2010-05-18"", ""agzgb"": ""11.90"", ""bk"": ""主板"", ""gskzjglx"": ""-"", ""sfjybjqcy"": ""-"", ""sshymc"": ""C 制造业"", ""ylbz"": ""-""}",OFFICIAL_SZSE_BOARD_FIELD
SZSE,MAIN,A_SHARE,002408,齐翔腾达,2010-05-18,https://www.szse.cn/api/report/ShowReport/data?SHOWTYPE=JSON&CATALOGID=1110&TABKEY=tab1&PAGENO=46,"{""agdm"": ""002408"", ""agjc"": ""<a href='http://www.szse.cn/certificate/individual/index.html?code=002408' target='_blank'><u>齐翔腾达</u></a>"", ""agltgb"": ""27.51"", ""agssrq"": ""2010-05-18"", ""agzgb"": ""28.42"", ""bk"": ""主板"", ""gskzjglx"": ""-"", ""sfjybjqcy"": ""-"", ""sshymc"": ""C 制造业"", ""ylbz"": ""-""}",OFFICIAL_SZSE_BOARD_FIELD
SZSE,MAIN,A_SHARE,002409,雅克科技,2010-05-25,https://www.szse.cn/api/report/ShowReport/data?SHOWTYPE=JSON&CATALOGID=1110&TABKEY=tab1&PAGENO=46,"{""agdm"": ""002409"", ""agjc"": ""<a href='http://www.szse.cn/certificate/individual/index.html?code=002409' target='_blank'><u>雅克科技</u></a>"", ""agltgb"": ""3.18"", ""agssrq"": ""2010-05-25"", ""agzgb"": ""4.75"", ""bk"": ""主板"", ""gskzjglx"": ""-"", ""sfjybjqcy"": ""-"", ""sshymc"": ""C 制造业"", ""ylbz"": ""-""}",OFFICIAL_SZSE_BOARD_FIELD
SZSE,MAIN,A_SHARE,002410,广联达,2010-05-25,https://www.szse.cn/api/report/ShowReport/data?SHOWTYPE=JSON&CATALOGID=1110&TABKEY=tab1&PAGENO=46,"{""agdm"": ""002410"", ""agjc"": ""<a href='http://www.szse.cn/certificate/individual/index.html?code=002410' target='_blank'><u>广联达</u></a>"", ""agltgb"": ""15.88"", ""agssrq"": ""2010-05-25"", ""agzgb"": ""16.51"", ""bk"": ""主板"", ""gskzjglx"": ""-"", ""sfjybjqcy"": ""-"", ""sshymc"": ""I 信息技术"", ""ylbz"": ""-""}",OFFICIAL_SZSE_BOARD_FIELD
SZSE,MAIN,A_SHARE,002412,汉森制药,2010-05-25,https://www.szse.cn/api/report/ShowReport/data?SHOWTYPE=JSON&CATALOGID=1110&TABKEY=tab1&PAGENO=47,"{""agdm"": ""002412"", ""agjc"": ""<a href='http://www.szse.cn/certificate/individual/index.html?code=002412' target='_blank'><u>汉森制药</u></a>"", ""agltgb"": ""4.97"", ""agssrq"": ""2010-05-25"", ""agzgb"": ""5.03"", ""bk"": ""主板"", ""gskzjglx"": ""-"", ""sfjybjqcy"": ""-"", ""sshymc"": ""C 制造业"", ""ylbz"": ""-""}",OFFICIAL_SZSE_BOARD_FIELD
SZSE,MAIN,A_SHARE,002413,雷科防务,2010-05-28,https://www.szse.cn/api/report/ShowReport/data?SHOWTYPE=JSON&CATALOGID=1110&TABKEY=tab1&PAGENO=47,"{""agdm"": ""002413"", ""agjc"": ""<a href='http://www.szse.cn/certificate/individual/index.html?code=002413' target='_blank'><u>雷科防务</u></a>"", ""agltgb"": ""12.95"", ""agssrq"": ""2010-05-28"", ""agzgb"": ""13.19"", ""bk"": ""主板"", ""gskzjglx"": ""-"", ""sfjybjqcy"": ""-"", ""sshymc"": ""C 制造业"", ""ylbz"": ""-""}",OFFICIAL_SZSE_BOARD_FIELD
SZSE,MAIN,A_SHARE,002414,高德红外,2010-07-16,https://www.szse.cn/api/report/ShowReport/data?SHOWTYPE=JSON&CATALOGID=1110&TABKEY=tab1&PAGENO=47,"{""agdm"": ""002414"", ""agjc"": ""<a href='http://www.szse.cn/certificate/individual/index.html?code=002414' target='_blank'><u>高德红外</u></a>"", ""agltgb"": ""33.98"", ""agssrq"": ""2010-07-16"", ""agzgb"": ""42.70"", ""bk"": ""主板"", ""gskzjglx"": ""-"", ""sfjybjqcy"": ""-"", ""sshymc"": ""C 制造业"", ""ylbz"": ""-""}",OFFICIAL_SZSE_BOARD_FIELD
SZSE,MAIN,A_SHARE,002415,海康威视,2010-05-28,https://www.szse.cn/api/report/ShowReport/data?SHOWTYPE=JSON&CATALOGID=1110&TABKEY=tab1&PAGENO=47,"{""agdm"": ""002415"", ""agjc"": ""<a href='http://www.szse.cn/certificate/individual/index.html?code=002415' target='_blank'><u>海康威视</u></a>"", ""agltgb"": ""90.46"", ""agssrq"": ""2010-05-28"", ""agzgb"": ""91.64"", ""bk"": ""主板"", ""gskzjglx"": ""-"", ""sfjybjqcy"": ""-"", ""sshymc"": ""C 制造业"", ""ylbz"": ""-""}",OFFICIAL_SZSE_BOARD_FIELD
SZSE,MAIN,A_SHARE,002416,爱施德,2010-05-28,https://www.szse.cn/api/report/ShowReport/data?SHOWTYPE=JSON&CATALOGID=1110&TABKEY=tab1&PAGENO=47,"{""agdm"": ""002416"", ""agjc"": ""<a href='http://www.szse.cn/certificate/individual/index.html?code=002416' target='_blank'><u>爱施德</u></a>"", ""agltgb"": ""12.21"", ""agssrq"": ""2010-05-28"", ""agzgb"": ""12.39"", ""bk"": ""主板"", ""gskzjglx"": ""-"", ""sfjybjqcy"": ""-"", ""sshymc"": ""F 批发零售"", ""ylbz"": ""-""}",OFFICIAL_SZSE_BOARD_FIELD
SZSE,MAIN,A_SHARE,002418,康盛股份,2010-06-01,https://www.szse.cn/api/report/ShowReport/data?SHOWTYPE=JSON&CATALOGID=1110&TABKEY=tab1&PAGENO=47,"{""agdm"": ""002418"", ""agjc"": ""<a href='http://www.szse.cn/certificate/individual/index.html?code=002418' target='_blank'><u>康盛股份</u></a>"", ""agltgb"": ""11.36"", ""agssrq"": ""2010-06-01"", ""agzgb"": ""11.36"", ""bk"": ""主板"", ""gskzjglx"": ""-"", ""sfjybjqcy"": ""-"", ""sshymc"": ""C 制造业"", ""ylbz"": ""-""}",OFFICIAL_SZSE_BOARD_FIELD
SZSE,MAIN,A_SHARE,002419,天虹股份,2010-06-01,https://www.szse.cn/api/report/ShowReport/data?SHOWTYPE=JSON&CATALOGID=1110&TABKEY=tab1&PAGENO=47,"{""agdm"": ""002419"", ""agjc"": ""<a href='http://www.szse.cn/certificate/individual/index.html?code=002419' target='_blank'><u>天虹股份</u></a>"", ""agltgb"": ""11.41"", ""agssrq"": ""2010-06-01"", ""agzgb"": ""11.41"", ""bk"": ""主板"", ""gskzjglx"": ""-"", ""sfjybjqcy"": ""-"", ""sshymc"": ""F 批发零售"", ""ylbz"": ""-""}",OFFICIAL_SZSE_BOARD_FIELD
SZSE,MAIN,A_SHARE,002420,毅昌科技,2010-06-01,https://www.szse.cn/api/report/ShowReport/data?SHOWTYPE=JSON&CATALOGID=1110&TABKEY=tab1&PAGENO=47,"{""agdm"": ""002420"", ""agjc"": ""<a href='http://www.szse.cn/certificate/individual/index.html?code=002420' target='_blank'><u>毅昌科技</u></a>"", ""agltgb"": ""4.03"", ""agssrq"": ""2010-06-01"", ""agzgb"": ""4.11"", ""bk"": ""主板"", ""gskzjglx"": ""-"", ""sfjybjqcy"": ""-"", ""sshymc"": ""C 制造业"", ""ylbz"": ""-""}",OFFICIAL_SZSE_BOARD_FIELD
SZSE,MAIN,A_SHARE,002421,达实智能,2010-06-03,https://www.szse.cn/api/report/ShowReport/data?SHOWTYPE=JSON&CATALOGID=1110&TABKEY=tab1&PAGENO=47,"{""agdm"": ""002421"", ""agjc"": ""<a href='http://www.szse.cn/certificate/individual/index.html?code=002421' target='_blank'><u>达实智能</u></a>"", ""agltgb"": ""20.36"", ""agssrq"": ""2010-06-03"", ""agzgb"": ""21.20"", ""bk"": ""主板"", ""gskzjglx"": ""-"", ""sfjybjqcy"": ""-"", ""sshymc"": ""I 信息技术"", ""ylbz"": ""-""}",OFFICIAL_SZSE_BOARD_FIELD
SZSE,MAIN,A_SHARE,002422,科伦药业,2010-06-03,https://www.szse.cn/api/report/ShowReport/data?SHOWTYPE=JSON&CATALOGID=1110&TABKEY=tab1&PAGENO=47,"{""agdm"": ""002422"", ""agjc"": ""<a href='http://www.szse.cn/certificate/individual/index.html?code=002422' target='_blank'><u>科伦药业</u></a>"", ""agltgb"": ""12.98"", ""agssrq"": ""2010-06-03"", ""agzgb"": ""15.90"", ""bk"": ""主板"", ""gskzjglx"": ""-"", ""sfjybjqcy"": ""-"", ""sshymc"": ""C 制造业"", ""ylbz"": ""-""}",OFFICIAL_SZSE_BOARD_FIELD
SZSE,MAIN,A_SHARE,002423,中粮资本,2010-06-03,https://www.szse.cn/api/report/ShowReport/data?SHOWTYPE=JSON&CATALOGID=1110&TABKEY=tab1&PAGENO=47,"{""agdm"": ""002423"", ""agjc"": ""<a href='http://www.szse.cn/certificate/individual/index.html?code=002423' target='_blank'><u>中粮资本</u></a>"", ""agltgb"": ""23.04"", ""agssrq"": ""2010-06-03"", ""agzgb"": ""23.04"", ""bk"": ""主板"", ""gskzjglx"": ""-"", ""sfjybjqcy"": ""-"", ""sshymc"": ""J 金融业"", ""ylbz"": ""-""}",OFFICIAL_SZSE_BOARD_FIELD
SZSE,MAIN,A_SHARE,002424,ST百灵,2010-06-03,https://www.szse.cn/api/report/ShowReport/data?SHOWTYPE=JSON&CATALOGID=1110&TABKEY=tab1&PAGENO=47,"{""agdm"": ""002424"", ""agjc"": ""<a href='http://www.szse.cn/certificate/individual/index.html?code=002424' target='_blank'><u>ST百灵</u></a>"", ""agltgb"": ""11.51"", ""agssrq"": ""2010-06-03"", ""agzgb"": ""13.97"", ""bk"": ""主板"", ""gskzjglx"": ""-"", ""sfjybjqcy"": ""-"", ""sshymc"": ""C 制造业"", ""ylbz"": ""-""}",OFFICIAL_SZSE_BOARD_FIELD
SZSE,MAIN,A_SHARE,002425,凯撒文化,2010-06-08,https://www.szse.cn/api/report/ShowReport/data?SHOWTYPE=JSON&CATALOGID=1110&TABKEY=tab1&PAGENO=47,"{""agdm"": ""002425"", ""agjc"": ""<a href='http://www.szse.cn/certificate/individual/index.html?code=002425' target='_blank'><u>凯撒文化</u></a>"", ""agltgb"": ""9.20"", ""agssrq"": ""2010-06-08"", ""agzgb"": ""9.56"", ""bk"": ""主板"", ""gskzjglx"": ""-"", ""sfjybjqcy"": ""-"", ""sshymc"": ""I 信息技术"", ""ylbz"": ""-""}",OFFICIAL_SZSE_BOARD_FIELD
SZSE,MAIN,A_SHARE,002426,胜利精密,2010-06-08,https://www.szse.cn/api/report/ShowReport/data?SHOWTYPE=JSON&CATALOGID=1110&TABKEY=tab1&PAGENO=47,"{""agdm"": ""002426"", ""agjc"": ""<a href='http://www.szse.cn/certificate/individual/index.html?code=002426' target='_blank'><u>胜利精密</u></a>"", ""agltgb"": ""31.94"", ""agssrq"": ""2010-06-08"", ""agzgb"": ""34.02"", ""bk"": ""主板"", ""gskzjglx"": ""-"", ""sfjybjqcy"": ""-"", ""sshymc"": ""C 制造业"", ""ylbz"": ""-""}",OFFICIAL_SZSE_BOARD_FIELD
SZSE,MAIN,A_SHARE,002427,尤夫股份,2010-06-08,https://www.szse.cn/api/report/ShowReport/data?SHOWTYPE=JSON&CATALOGID=1110&TABKEY=tab1&PAGENO=47,"{""agdm"": ""002427"", ""agjc"": ""<a href='http://www.szse.cn/certificate/individual/index.html?code=002427' target='_blank'><u>尤夫股份</u></a>"", ""agltgb"": ""9.84"", ""agssrq"": ""2010-06-08"", ""agzgb"": ""9.85"", ""bk"": ""主板"", ""gskzjglx"": ""-"", ""sfjybjqcy"": ""-"", ""sshymc"": ""C 制造业"", ""ylbz"": ""-""}",OFFICIAL_SZSE_BOARD_FIELD
SZSE,MAIN,A_SHARE,002428,云南锗业,2010-06-08,https://www.szse.cn/api/report/ShowReport/data?SHOWTYPE=JSON&CATALOGID=1110&TABKEY=tab1&PAGENO=47,"{""agdm"": ""002428"", ""agjc"": ""<a href='http://www.szse.cn/certificate/individual/index.html?code=002428' target='_blank'><u>云南锗业</u></a>"", ""agltgb"": ""6.53"", ""agssrq"": ""2010-06-08"", ""agzgb"": ""6.53"", ""bk"": ""主板"", ""gskzjglx"": ""-"", ""sfjybjqcy"": ""-"", ""sshymc"": ""C 制造业"", ""ylbz"": ""-""}",OFFICIAL_SZSE_BOARD_FIELD
SZSE,MAIN,A_SHARE,002429,兆驰股份,2010-06-10,https://www.szse.cn/api/report/ShowReport/data?SHOWTYPE=JSON&CATALOGID=1110&TABKEY=tab1&PAGENO=47,"{""agdm"": ""002429"", ""agjc"": ""<a href='http://www.szse.cn/certificate/individual/index.html?code=002429' target='_blank'><u>兆驰股份</u></a>"", ""agltgb"": ""45.24"", ""agssrq"": ""2010-06-10"", ""agzgb"": ""45.26"", ""bk"": ""主板"", ""gskzjglx"": ""-"", ""sfjybjqcy"": ""-"", ""sshymc"": ""C 制造业"", ""ylbz"": ""-""}",OFFICIAL_SZSE_BOARD_FIELD
SZSE,MAIN,A_SHARE,002430,杭氧股份,2010-06-10,https://www.szse.cn/api/report/ShowReport/data?SHOWTYPE=JSON&CATALOGID=1110&TABKEY=tab1&PAGENO=47,"{""agdm"": ""002430"", ""agjc"": ""<a href='http://www.szse.cn/certificate/individual/index.html?code=002430' target='_blank'><u>杭氧股份</u></a>"", ""agltgb"": ""9.77"", ""agssrq"": ""2010-06-10"", ""agzgb"": ""9.78"", ""bk"": ""主板"", ""gskzjglx"": ""-"", ""sfjybjqcy"": ""-"", ""sshymc"": ""C 制造业"", ""ylbz"": ""-""}",OFFICIAL_SZSE_BOARD_FIELD
SZSE,MAIN,A_SHARE,002431,ST棕榈,2010-06-10,https://www.szse.cn/api/report/ShowReport/data?SHOWTYPE=JSON&CATALOGID=1110&TABKEY=tab1&PAGENO=47,"{""agdm"": ""002431"", ""agjc"": ""<a href='http://www.szse.cn/certificate/individual/index.html?code=002431' target='_blank'><u>ST棕榈</u></a>"", ""agltgb"": ""18.02"", ""agssrq"": ""2010-06-10"", ""agzgb"": ""18.02"", ""bk"": ""主板"", ""gskzjglx"": ""-"", ""sfjybjqcy"": ""-"", ""sshymc"": ""E 建筑业"", ""ylbz"": ""-""}",OFFICIAL_SZSE_BOARD_FIELD
SZSE,MAIN,A_SHARE,002432,九安医疗,2010-06-10,https://www.szse.cn/api/report/ShowReport/data?SHOWTYPE=JSON&CATALOGID=1110&TABKEY=tab1&PAGENO=47,"{""agdm"": ""002432"", ""agjc"": ""<a href='http://www.szse.cn/certificate/individual/index.html?code=002432' target='_blank'><u>九安医疗</u></a>"", ""agltgb"": ""4.65"", ""agssrq"": ""2010-06-10"", ""agzgb"": ""4.66"", ""bk"": ""主板"", ""gskzjglx"": ""-"", ""sfjybjqcy"": ""-"", ""sshymc"": ""C 制造业"", ""ylbz"": ""-""}",OFFICIAL_SZSE_BOARD_FIELD
SZSE,MAIN,A_SHARE,002434,万里扬,2010-06-18,https://www.szse.cn/api/report/ShowReport/data?SHOWTYPE=JSON&CATALOGID=1110&TABKEY=tab1&PAGENO=48,"{""agdm"": ""002434"", ""agjc"": ""<a href='http://www.szse.cn/certificate/individual/index.html?code=002434' target='_blank'><u>万里扬</u></a>"", ""agltgb"": ""13.11"", ""agssrq"": ""2010-06-18"", ""agzgb"": ""13.12"", ""bk"": ""主板"", ""gskzjglx"": ""-"", ""sfjybjqcy"": ""-"", ""sshymc"": ""C 制造业"", ""ylbz"": ""-""}",OFFICIAL_SZSE_BOARD_FIELD
SZSE,MAIN,A_SHARE,002436,兴森科技,2010-06-18,https://www.szse.cn/api/report/ShowReport/data?SHOWTYPE=JSON&CATALOGID=1110&TABKEY=tab1&PAGENO=48,"{""agdm"": ""002436"", ""agjc"": ""<a href='http://www.szse.cn/certificate/individual/index.html?code=002436' target='_blank'><u>兴森科技</u></a>"", ""agltgb"": ""15.17"", ""agssrq"": ""2010-06-18"", ""agzgb"": ""16.99"", ""bk"": ""主板"", ""gskzjglx"": ""-"", ""sfjybjqcy"": ""-"", ""sshymc"": ""C 制造业"", ""ylbz"": ""-""}",OFFICIAL_SZSE_BOARD_FIELD
SZSE,MAIN,A_SHARE,002437,誉衡药业,2010-06-23,https://www.szse.cn/api/report/ShowReport/data?SHOWTYPE=JSON&CATALOGID=1110&TABKEY=tab1&PAGENO=48,"{""agdm"": ""002437"", ""agjc"": ""<a href='http://www.szse.cn/certificate/individual/index.html?code=002437' target='_blank'><u>誉衡药业</u></a>"", ""agltgb"": ""21.02"", ""agssrq"": ""2010-06-23"", ""agzgb"": ""22.29"", ""bk"": ""主板"", ""gskzjglx"": ""-"", ""sfjybjqcy"": ""-"", ""sshymc"": ""C 制造业"", ""ylbz"": ""-""}",OFFICIAL_SZSE_BOARD_FIELD
SZSE,MAIN,A_SHARE,002438,江苏神通,2010-06-23,https://www.szse.cn/api/report/ShowReport/data?SHOWTYPE=JSON&CATALOGID=1110&TABKEY=tab1&PAGENO=48,"{""agdm"": ""002438"", ""agjc"": ""<a href='http://www.szse.cn/certificate/individual/index.html?code=002438' target='_blank'><u>江苏神通</u></a>"", ""agltgb"": ""4.68"", ""agssrq"": ""2010-06-23"", ""agzgb"": ""5.07"", ""bk"": ""主板"", ""gskzjglx"": ""-"", ""sfjybjqcy"": ""-"", ""sshymc"": ""C 制造业"", ""ylbz"": ""-""}",OFFICIAL_SZSE_BOARD_FIELD
SZSE,MAIN,A_SHARE,002439,启明星辰,2010-06-23,https://www.szse.cn/api/report/ShowReport/data?SHOWTYPE=JSON&CATALOGID=1110&TABKEY=tab1&PAGENO=48,"{""agdm"": ""002439"", ""agjc"": ""<a href='http://www.szse.cn/certificate/individual/index.html?code=002439' target='_blank'><u>启明星辰</u></a>"", ""agltgb"": ""7.28"", ""agssrq"": ""2010-06-23"", ""agzgb"": ""12.11"", ""bk"": ""主板"", ""gskzjglx"": ""-"", ""sfjybjqcy"": ""-"", ""sshymc"": ""I 信息技术"", ""ylbz"": ""-""}",OFFICIAL_SZSE_BOARD_FIELD
SZSE,MAIN,A_SHARE,002440,闰土股份,2010-07-06,https://www.szse.cn/api/report/ShowReport/data?SHOWTYPE=JSON&CATALOGID=1110&TABKEY=tab1&PAGENO=48,"{""agdm"": ""002440"", ""agjc"": ""<a href='http://www.szse.cn/certificate/individual/index.html?code=002440' target='_blank'><u>闰土股份</u></a>"", ""agltgb"": ""9.46"", ""agssrq"": ""2010-07-06"", ""agzgb"": ""11.23"", ""bk"": ""主板"", ""gskzjglx"": ""-"", ""sfjybjqcy"": ""-"", ""sshymc"": ""C 制造业"", ""ylbz"": ""-""}",OFFICIAL_SZSE_BOARD_FIELD
SZSE,MAIN,A_SHARE,002441,众业达,2010-07-06,https://www.szse.cn/api/report/ShowReport/data?SHOWTYPE=JSON&CATALOGID=1110&TABKEY=tab1&PAGENO=48,"{""agdm"": ""002441"", ""agjc"": ""<a href='http://www.szse.cn/certificate/individual/index.html?code=002441' target='_blank'><u>众业达</u></a>"", ""agltgb"": ""3.98"", ""agssrq"": ""2010-07-06"", ""agzgb"": ""5.44"", ""bk"": ""主板"", ""gskzjglx"": ""-"", ""sfjybjqcy"": ""-"", ""sshymc"": ""F 批发零售"", ""ylbz"": ""-""}",OFFICIAL_SZSE_BOARD_FIELD
SZSE,MAIN,A_SHARE,002442,龙星科技,2010-07-06,https://www.szse.cn/api/report/ShowReport/data?SHOWTYPE=JSON&CATALOGID=1110&TABKEY=tab1&PAGENO=48,"{""agdm"": ""002442"", ""agjc"": ""<a href='http://www.szse.cn/certificate/individual/index.html?code=002442' target='_blank'><u>龙星科技</u></a>"", ""agltgb"": ""4.91"", ""agssrq"": ""2010-07-06"", ""agzgb"": ""5.03"", ""bk"": ""主板"", ""gskzjglx"": ""-"", ""sfjybjqcy"": ""-"", ""sshymc"": ""C 制造业"", ""ylbz"": ""-""}",OFFICIAL_SZSE_BOARD_FIELD
SZSE,MAIN,A_SHARE,002443,金洲管道,2010-07-06,https://www.szse.cn/api/report/ShowReport/data?SHOWTYPE=JSON&CATALOGID=1110&TABKEY=tab1&PAGENO=48,"{""agdm"": ""002443"", ""agjc"": ""<a href='http://www.szse.cn/certificate/individual/index.html?code=002443' target='_blank'><u>金洲管道</u></a>"", ""agltgb"": ""5.20"", ""agssrq"": ""2010-07-06"", ""agzgb"": ""5.20"", ""bk"": ""主板"", ""gskzjglx"": ""-"", ""sfjybjqcy"": ""-"", ""sshymc"": ""C 制造业"", ""ylbz"": ""-""}",OFFICIAL_SZSE_BOARD_FIELD
SZSE,MAIN,A_SHARE,002444,巨星科技,2010-07-13,https://www.szse.cn/api/report/ShowReport/data?SHOWTYPE=JSON&CATALOGID=1110&TABKEY=tab1&PAGENO=48,"{""agdm"": ""002444"", ""agjc"": ""<a href='http://www.szse.cn/certificate/individual/index.html?code=002444' target='_blank'><u>巨星科技</u></a>"", ""agltgb"": ""11.44"", ""agssrq"": ""2010-07-13"", ""agzgb"": ""11.94"", ""bk"": ""主板"", ""gskzjglx"": ""-"", ""sfjybjqcy"": ""-"", ""sshymc"": ""C 制造业"", ""ylbz"": ""-""}",OFFICIAL_SZSE_BOARD_FIELD
SZSE,MAIN,A_SHARE,002445,中南文化,2010-07-13,https://www.szse.cn/api/report/ShowReport/data?SHOWTYPE=JSON&CATALOGID=1110&TABKEY=tab1&PAGENO=48,"{""agdm"": ""002445"", ""agjc"": ""<a href='http://www.szse.cn/certificate/individual/index.html?code=002445' target='_blank'><u>中南文化</u></a>"", ""agltgb"": ""23.66"", ""agssrq"": ""2010-07-13"", ""agzgb"": ""23.76"", ""bk"": ""主板"", ""gskzjglx"": ""-"", ""sfjybjqcy"": ""-"", ""sshymc"": ""C 制造业"", ""ylbz"": ""-""}",OFFICIAL_SZSE_BOARD_FIELD
SZSE,MAIN,A_SHARE,002446,盛路通信,2010-07-13,https://www.szse.cn/api/report/ShowReport/data?SHOWTYPE=JSON&CATALOGID=1110&TABKEY=tab1&PAGENO=48,"{""agdm"": ""002446"", ""agjc"": ""<a href='http://www.szse.cn/certificate/individual/index.html?code=002446' target='_blank'><u>盛路通信</u></a>"", ""agltgb"": ""8.47"", ""agssrq"": ""2010-07-13"", ""agzgb"": ""9.15"", ""bk"": ""主板"", ""gskzjglx"": ""-"", ""sfjybjqcy"": ""-"", ""sshymc"": ""C 制造业"", ""ylbz"": ""-""}",OFFICIAL_SZSE_BOARD_FIELD
SZSE,MAIN,A_SHARE,002448,中原内配,2010-07-16,https://www.szse.cn/api/report/ShowReport/data?SHOWTYPE=JSON&CATALOGID=1110&TABKEY=tab1&PAGENO=48,"{""agdm"": ""002448"", ""agjc"": ""<a href='http://www.szse.cn/certificate/individual/index.html?code=002448' target='_blank'><u>中原内配</u></a>"", ""agltgb"": ""5.80"", ""agssrq"": ""2010-07-16"", ""agzgb"": ""5.88"", ""bk"": ""主板"", ""gskzjglx"": ""-"", ""sfjybjqcy"": ""-"", ""sshymc"": ""C 制造业"", ""ylbz"": ""-""}",OFFICIAL_SZSE_BOARD_FIELD
SZSE,MAIN,A_SHARE,002449,国星光电,2010-07-16,https://www.szse.cn/api/report/ShowReport/data?SHOWTYPE=JSON&CATALOGID=1110&TABKEY=tab1&PAGENO=48,"{""agdm"": ""002449"", ""agjc"": ""<a href='http://www.szse.cn/certificate/individual/index.html?code=002449' target='_blank'><u>国星光电</u></a>"", ""agltgb"": ""6.18"", ""agssrq"": ""2010-07-16"", ""agzgb"": ""6.18"", ""bk"": ""主板"", ""gskzjglx"": ""-"", ""sfjybjqcy"": ""-"", ""sshymc"": ""C 制造业"", ""ylbz"": ""-""}",OFFICIAL_SZSE_BOARD_FIELD
SZSE,MAIN,A_SHARE,002451,摩恩电气,2010-07-20,https://www.szse.cn/api/report/ShowReport/data?SHOWTYPE=JSON&CATALOGID=1110&TABKEY=tab1&PAGENO=48,"{""agdm"": ""002451"", ""agjc"": ""<a href='http://www.szse.cn/certificate/individual/index.html?code=002451' target='_blank'><u>摩恩电气</u></a>"", ""agltgb"": ""4.39"", ""agssrq"": ""2010-07-20"", ""agzgb"": ""4.40"", ""bk"": ""主板"", ""gskzjglx"": ""-"", ""sfjybjqcy"": ""-"", ""sshymc"": ""C 制造业"", ""ylbz"": ""-""}",OFFICIAL_SZSE_BOARD_FIELD
SZSE,MAIN,A_SHARE,002452,长高电气,2010-07-20,https://www.szse.cn/api/report/ShowReport/data?SHOWTYPE=JSON&CATALOGID=1110&TABKEY=tab1&PAGENO=48,"{""agdm"": ""002452"", ""agjc"": ""<a href='http://www.szse.cn/certificate/individual/index.html?code=002452' target='_blank'><u>长高电气</u></a>"", ""agltgb"": ""5.17"", ""agssrq"": ""2010-07-20"", ""agzgb"": ""6.20"", ""bk"": ""主板"", ""gskzjglx"": ""-"", ""sfjybjqcy"": ""-"", ""sshymc"": ""C 制造业"", ""ylbz"": ""-""}",OFFICIAL_SZSE_BOARD_FIELD
SZSE,MAIN,A_SHARE,002453,华软科技,2010-07-20,https://www.szse.cn/api/report/ShowReport/data?SHOWTYPE=JSON&CATALOGID=1110&TABKEY=tab1&PAGENO=48,"{""agdm"": ""002453"", ""agjc"": ""<a href='http://www.szse.cn/certificate/individual/index.html?code=002453' target='_blank'><u>华软科技</u></a>"", ""agltgb"": ""6.43"", ""agssrq"": ""2010-07-20"", ""agzgb"": ""8.12"", ""bk"": ""主板"", ""gskzjglx"": ""-"", ""sfjybjqcy"": ""-"", ""sshymc"": ""C 制造业"", ""ylbz"": ""-""}",OFFICIAL_SZSE_BOARD_FIELD
SZSE,MAIN,A_SHARE,002454,松芝股份,2010-07-20,https://www.szse.cn/api/report/ShowReport/data?SHOWTYPE=JSON&CATALOGID=1110&TABKEY=tab1&PAGENO=48,"{""agdm"": ""002454"", ""agjc"": ""<a href='http://www.szse.cn/certificate/individual/index.html?code=002454' target='_blank'><u>松芝股份</u></a>"", ""agltgb"": ""8.77"", ""agssrq"": ""2010-07-20"", ""agzgb"": ""8.79"", ""bk"": ""主板"", ""gskzjglx"": ""-"", ""sfjybjqcy"": ""-"", ""sshymc"": ""C 制造业"", ""ylbz"": ""-""}",OFFICIAL_SZSE_BOARD_FIELD
SZSE,MAIN,A_SHARE,002455,百川股份,2010-08-03,https://www.szse.cn/api/report/ShowReport/data?SHOWTYPE=JSON&CATALOGID=1110&TABKEY=tab1&PAGENO=48,"{""agdm"": ""002455"", ""agjc"": ""<a href='http://www.szse.cn/certificate/individual/index.html?code=002455' target='_blank'><u>百川股份</u></a>"", ""agltgb"": ""6.60"", ""agssrq"": ""2010-08-03"", ""agzgb"": ""7.22"", ""bk"": ""主板"", ""gskzjglx"": ""-"", ""sfjybjqcy"": ""-"", ""sshymc"": ""C 制造业"", ""ylbz"": ""-""}",OFFICIAL_SZSE_BOARD_FIELD
SZSE,MAIN,A_SHARE,002456,欧菲光,2010-08-03,https://www.szse.cn/api/report/ShowReport/data?SHOWTYPE=JSON&CATALOGID=1110&TABKEY=tab1&PAGENO=48,"{""agdm"": ""002456"", ""agjc"": ""<a href='http://www.szse.cn/certificate/individual/index.html?code=002456' target='_blank'><u>欧菲光</u></a>"", ""agltgb"": ""33.17"", ""agssrq"": ""2010-08-03"", ""agzgb"": ""34.95"", ""bk"": ""主板"", ""gskzjglx"": ""-"", ""sfjybjqcy"": ""-"", ""sshymc"": ""C 制造业"", ""ylbz"": ""-""}",OFFICIAL_SZSE_BOARD_FIELD
SZSE,MAIN,A_SHARE,002457,青龙管业,2010-08-03,https://www.szse.cn/api/report/ShowReport/data?SHOWTYPE=JSON&CATALOGID=1110&TABKEY=tab1&PAGENO=49,"{""agdm"": ""002457"", ""agjc"": ""<a href='http://www.szse.cn/certificate/individual/index.html?code=002457' target='_blank'><u>青龙管业</u></a>"", ""agltgb"": ""3.33"", ""agssrq"": ""2010-08-03"", ""agzgb"": ""3.33"", ""bk"": ""主板"", ""gskzjglx"": ""-"", ""sfjybjqcy"": ""-"", ""sshymc"": ""C 制造业"", ""ylbz"": ""-""}",OFFICIAL_SZSE_BOARD_FIELD
SZSE,MAIN,A_SHARE,002458,益生股份,2010-08-10,https://www.szse.cn/api/report/ShowReport/data?SHOWTYPE=JSON&CATALOGID=1110&TABKEY=tab1&PAGENO=49,"{""agdm"": ""002458"", ""agjc"": ""<a href='http://www.szse.cn/certificate/individual/index.html?code=002458' target='_blank'><u>益生股份</u></a>"", ""agltgb"": ""9.66"", ""agssrq"": ""2010-08-10"", ""agzgb"": ""14.31"", ""bk"": ""主板"", ""gskzjglx"": ""-"", ""sfjybjqcy"": ""-"", ""sshymc"": ""A 农林牧渔"", ""ylbz"": ""-""}",OFFICIAL_SZSE_BOARD_FIELD
SZSE,MAIN,A_SHARE,002459,晶澳科技,2010-08-10,https://www.szse.cn/api/report/ShowReport/data?SHOWTYPE=JSON&CATALOGID=1110&TABKEY=tab1&PAGENO=49,"{""agdm"": ""002459"", ""agjc"": ""<a href='http://www.szse.cn/certificate/individual/index.html?code=002459' target='_blank'><u>晶澳科技</u></a>"", ""agltgb"": ""33.06"", ""agssrq"": ""2010-08-10"", ""agzgb"": ""33.09"", ""bk"": ""主板"", ""gskzjglx"": ""-"", ""sfjybjqcy"": ""-"", ""sshymc"": ""C 制造业"", ""ylbz"": ""-""}",OFFICIAL_SZSE_BOARD_FIELD
SZSE,MAIN,A_SHARE,002460,赣锋锂业,2010-08-10,https://www.szse.cn/api/report/ShowReport/data?SHOWTYPE=JSON&CATALOGID=1110&TABKEY=tab1&PAGENO=49,"{""agdm"": ""002460"", ""agjc"": ""<a href='http://www.szse.cn/certificate/individual/index.html?code=002460' target='_blank'><u>赣锋锂业</u></a>"", ""agltgb"": ""12.11"", ""agssrq"": ""2010-08-10"", ""agzgb"": ""16.13"", ""bk"": ""主板"", ""gskzjglx"": ""-"", ""sfjybjqcy"": ""-"", ""sshymc"": ""C 制造业"", ""ylbz"": ""-""}",OFFICIAL_SZSE_BOARD_FIELD
SZSE,MAIN,A_SHARE,002461,珠江啤酒,2010-08-18,https://www.szse.cn/api/report/ShowReport/data?SHOWTYPE=JSON&CATALOGID=1110&TABKEY=tab1&PAGENO=49,"{""agdm"": ""002461"", ""agjc"": ""<a href='http://www.szse.cn/certificate/individual/index.html?code=002461' target='_blank'><u>珠江啤酒</u></a>"", ""agltgb"": ""22.13"", ""agssrq"": ""2010-08-18"", ""agzgb"": ""22.13"", ""bk"": ""主板"", ""gskzjglx"": ""-"", ""sfjybjqcy"": ""-"", ""sshymc"": ""C 制造业"", ""ylbz"": ""-""}",OFFICIAL_SZSE_BOARD_FIELD
SZSE,MAIN,A_SHARE,002462,嘉事堂,2010-08-18,https://www.szse.cn/api/report/ShowReport/data?SHOWTYPE=JSON&CATALOGID=1110&TABKEY=tab1&PAGENO=49,"{""agdm"": ""002462"", ""agjc"": ""<a href='http://www.szse.cn/certificate/individual/index.html?code=002462' target='_blank'><u>嘉事堂</u></a>"", ""agltgb"": ""2.91"", ""agssrq"": ""2010-08-18"", ""agzgb"": ""2.91"", ""bk"": ""主板"", ""gskzjglx"": ""-"", ""sfjybjqcy"": ""-"", ""sshymc"": ""F 批发零售"", ""ylbz"": ""-""}",OFFICIAL_SZSE_BOARD_FIELD
SZSE,MAIN,A_SHARE,002463,沪电股份,2010-08-18,https://www.szse.cn/api/report/ShowReport/data?SHOWTYPE=JSON&CATALOGID=1110&TABKEY=tab1&PAGENO=49,"{""agdm"": ""002463"", ""agjc"": ""<a href='http://www.szse.cn/certificate/individual/index.html?code=002463' target='_blank'><u>沪电股份</u></a>"", ""agltgb"": ""19.22"", ""agssrq"": ""2010-08-18"", ""agzgb"": ""19.24"", ""bk"": ""主板"", ""gskzjglx"": ""-"", ""sfjybjqcy"": ""-"", ""sshymc"": ""C 制造业"", ""ylbz"": ""-""}",OFFICIAL_SZSE_BOARD_FIELD
SZSE,MAIN,A_SHARE,002465,海格通信,2010-08-31,https://www.szse.cn/api/report/ShowReport/data?SHOWTYPE=JSON&CATALOGID=1110&TABKEY=tab1&PAGENO=49,"{""agdm"": ""002465"", ""agjc"": ""<a href='http://www.szse.cn/certificate/individual/index.html?code=002465' target='_blank'><u>海格通信</u></a>"", ""agltgb"": ""24.77"", ""agssrq"": ""2010-08-31"", ""agzgb"": ""24.81"", ""bk"": ""主板"", ""gskzjglx"": ""-"", ""sfjybjqcy"": ""-"", ""sshymc"": ""C 制造业"", ""ylbz"": ""-""}",OFFICIAL_SZSE_BOARD_FIELD
SZSE,MAIN,A_SHARE,002466,天齐锂业,2010-08-31,https://www.szse.cn/api/report/ShowReport/data?SHOWTYPE=JSON&CATALOGID=1110&TABKEY=tab1&PAGENO=49,"{""agdm"": ""002466"", ""agjc"": ""<a href='http://www.szse.cn/certificate/individual/index.html?code=002466' target='_blank'><u>天齐锂业</u></a>"", ""agltgb"": ""14.75"", ""agssrq"": ""2010-08-31"", ""agzgb"": ""14.77"", ""bk"": ""主板"", ""gskzjglx"": ""-"", ""sfjybjqcy"": ""-"", ""sshymc"": ""C 制造业"", ""ylbz"": ""-""}",OFFICIAL_SZSE_BOARD_FIELD
SZSE,MAIN,A_SHARE,002467,二六三,2010-09-08,https://www.szse.cn/api/report/ShowReport/data?SHOWTYPE=JSON&CATALOGID=1110&TABKEY=tab1&PAGENO=49,"{""agdm"": ""002467"", ""agjc"": ""<a href='http://www.szse.cn/certificate/individual/index.html?code=002467' target='_blank'><u>二六三</u></a>"", ""agltgb"": ""13.68"", ""agssrq"": ""2010-09-08"", ""agzgb"": ""13.75"", ""bk"": ""主板"", ""gskzjglx"": ""-"", ""sfjybjqcy"": ""-"", ""sshymc"": ""I 信息技术"", ""ylbz"": ""-""}",OFFICIAL_SZSE_BOARD_FIELD
SZSE,MAIN,A_SHARE,002468,申通快递,2010-09-08,https://www.szse.cn/api/report/ShowReport/data?SHOWTYPE=JSON&CATALOGID=1110&TABKEY=tab1&PAGENO=49,"{""agdm"": ""002468"", ""agjc"": ""<a href='http://www.szse.cn/certificate/individual/index.html?code=002468' target='_blank'><u>申通快递</u></a>"", ""agltgb"": ""14.64"", ""agssrq"": ""2010-09-08"", ""agzgb"": ""15.30"", ""bk"": ""主板"", ""gskzjglx"": ""-"", ""sfjybjqcy"": ""-"", ""sshymc"": ""G 运输仓储"", ""ylbz"": ""-""}",OFFICIAL_SZSE_BOARD_FIELD
SZSE,MAIN,A_SHARE,002469,三维化学,2010-09-08,https://www.szse.cn/api/report/ShowReport/data?SHOWTYPE=JSON&CATALOGID=1110&TABKEY=tab1&PAGENO=49,"{""agdm"": ""002469"", ""agjc"": ""<a href='http://www.szse.cn/certificate/individual/index.html?code=002469' target='_blank'><u>三维化学</u></a>"", ""agltgb"": ""6.28"", ""agssrq"": ""2010-09-08"", ""agzgb"": ""6.48"", ""bk"": ""主板"", ""gskzjglx"": ""-"", ""sfjybjqcy"": ""-"", ""sshymc"": ""C 制造业"", ""ylbz"": ""-""}",OFFICIAL_SZSE_BOARD_FIELD
SZSE,MAIN,A_SHARE,002470,金正大,2010-09-08,https://www.szse.cn/api/report/ShowReport/data?SHOWTYPE=JSON&CATALOGID=1110&TABKEY=tab1&PAGENO=49,"{""agdm"": ""002470"", ""agjc"": ""<a href='http://www.szse.cn/certificate/individual/index.html?code=002470' target='_blank'><u>金正大</u></a>"", ""agltgb"": ""32.85"", ""agssrq"": ""2010-09-08"", ""agzgb"": ""32.86"", ""bk"": ""主板"", ""gskzjglx"": ""-"", ""sfjybjqcy"": ""-"", ""sshymc"": ""C 制造业"", ""ylbz"": ""-""}",OFFICIAL_SZSE_BOARD_FIELD
SZSE,MAIN,A_SHARE,002471,中超控股,2010-09-10,https://www.szse.cn/api/report/ShowReport/data?SHOWTYPE=JSON&CATALOGID=1110&TABKEY=tab1&PAGENO=49,"{""agdm"": ""002471"", ""agjc"": ""<a href='http://www.szse.cn/certificate/individual/index.html?code=002471' target='_blank'><u>中超控股</u></a>"", ""agltgb"": ""13.44"", ""agssrq"": ""2010-09-10"", ""agzgb"": ""13.68"", ""bk"": ""主板"", ""gskzjglx"": ""-"", ""sfjybjqcy"": ""-"", ""sshymc"": ""C 制造业"", ""ylbz"": ""-""}",OFFICIAL_SZSE_BOARD_FIELD
SZSE,MAIN,A_SHARE,002472,双环传动,2010-09-10,https://www.szse.cn/api/report/ShowReport/data?SHOWTYPE=JSON&CATALOGID=1110&TABKEY=tab1&PAGENO=49,"{""agdm"": ""002472"", ""agjc"": ""<a href='http://www.szse.cn/certificate/individual/index.html?code=002472' target='_blank'><u>双环传动</u></a>"", ""agltgb"": ""7.56"", ""agssrq"": ""2010-09-10"", ""agzgb"": ""8.49"", ""bk"": ""主板"", ""gskzjglx"": ""-"", ""sfjybjqcy"": ""-"", ""sshymc"": ""C 制造业"", ""ylbz"": ""-""}",OFFICIAL_SZSE_BOARD_FIELD
SZSE,MAIN,A_SHARE,002474,榕基软件,2010-09-15,https://www.szse.cn/api/report/ShowReport/data?SHOWTYPE=JSON&CATALOGID=1110&TABKEY=tab1&PAGENO=49,"{""agdm"": ""002474"", ""agjc"": ""<a href='http://www.szse.cn/certificate/individual/index.html?code=002474' target='_blank'><u>榕基软件</u></a>"", ""agltgb"": ""5.37"", ""agssrq"": ""2010-09-15"", ""agzgb"": ""6.22"", ""bk"": ""主板"", ""gskzjglx"": ""-"", ""sfjybjqcy"": ""-"", ""sshymc"": ""I 信息技术"", ""ylbz"": ""-""}",OFFICIAL_SZSE_BOARD_FIELD
SZSE,MAIN,A_SHARE,002475,立讯精密,2010-09-15,https://www.szse.cn/api/report/ShowReport/data?SHOWTYPE=JSON&CATALOGID=1110&TABKEY=tab1&PAGENO=49,"{""agdm"": ""002475"", ""agjc"": ""<a href='http://www.szse.cn/certificate/individual/index.html?code=002475' target='_blank'><u>立讯精密</u></a>"", ""agltgb"": ""73.25"", ""agssrq"": ""2010-09-15"", ""agzgb"": ""73.41"", ""bk"": ""主板"", ""gskzjglx"": ""-"", ""sfjybjqcy"": ""-"", ""sshymc"": ""C 制造业"", ""ylbz"": ""-""}",OFFICIAL_SZSE_BOARD_FIELD
SZSE,MAIN,A_SHARE,002476,新叶股份,2010-09-15,https://www.szse.cn/api/report/ShowReport/data?SHOWTYPE=JSON&CATALOGID=1110&TABKEY=tab1&PAGENO=49,"{""agdm"": ""002476"", ""agjc"": ""<a href='http://www.szse.cn/certificate/individual/index.html?code=002476' target='_blank'><u>新叶股份</u></a>"", ""agltgb"": ""6.12"", ""agssrq"": ""2010-09-15"", ""agzgb"": ""6.12"", ""bk"": ""主板"", ""gskzjglx"": ""-"", ""sfjybjqcy"": ""-"", ""sshymc"": ""C 制造业"", ""ylbz"": ""-""}",OFFICIAL_SZSE_BOARD_FIELD
SZSE,MAIN,A_SHARE,002478,常宝股份,2010-09-21,https://www.szse.cn/api/report/ShowReport/data?SHOWTYPE=JSON&CATALOGID=1110&TABKEY=tab1&PAGENO=49,"{""agdm"": ""002478"", ""agjc"": ""<a href='http://www.szse.cn/certificate/individual/index.html?code=002478' target='_blank'><u>常宝股份</u></a>"", ""agltgb"": ""7.22"", ""agssrq"": ""2010-09-21"", ""agzgb"": ""9.00"", ""bk"": ""主板"", ""gskzjglx"": ""-"", ""sfjybjqcy"": ""-"", ""sshymc"": ""C 制造业"", ""ylbz"": ""-""}",OFFICIAL_SZSE_BOARD_FIELD
SZSE,MAIN,A_SHARE,002479,富春环保,2010-09-21,https://www.szse.cn/api/report/ShowReport/data?SHOWTYPE=JSON&CATALOGID=1110&TABKEY=tab1&PAGENO=49,"{""agdm"": ""002479"", ""agjc"": ""<a href='http://www.szse.cn/certificate/individual/index.html?code=002479' target='_blank'><u>富春环保</u></a>"", ""agltgb"": ""8.63"", ""agssrq"": ""2010-09-21"", ""agzgb"": ""8.65"", ""bk"": ""主板"", ""gskzjglx"": ""-"", ""sfjybjqcy"": ""-"", ""sshymc"": ""D 水电煤气"", ""ylbz"": ""-""}",OFFICIAL_SZSE_BOARD_FIELD
SZSE,MAIN,A_SHARE,002480,新筑股份,2010-09-21,https://www.szse.cn/api/report/ShowReport/data?SHOWTYPE=JSON&CATALOGID=1110&TABKEY=tab1&PAGENO=50,"{""agdm"": ""002480"", ""agjc"": ""<a href='http://www.szse.cn/certificate/individual/index.html?code=002480' target='_blank'><u>新筑股份</u></a>"", ""agltgb"": ""7.67"", ""agssrq"": ""2010-09-21"", ""agzgb"": ""7.69"", ""bk"": ""主板"", ""gskzjglx"": ""-"", ""sfjybjqcy"": ""-"", ""sshymc"": ""C 制造业"", ""ylbz"": ""-""}",OFFICIAL_SZSE_BOARD_FIELD
SZSE,MAIN,A_SHARE,002481,双塔食品,2010-09-21,https://www.szse.cn/api/report/ShowReport/data?SHOWTYPE=JSON&CATALOGID=1110&TABKEY=tab1&PAGENO=50,"{""agdm"": ""002481"", ""agjc"": ""<a href='http://www.szse.cn/certificate/individual/index.html?code=002481' target='_blank'><u>双塔食品</u></a>"", ""agltgb"": ""11.18"", ""agssrq"": ""2010-09-21"", ""agzgb"": ""12.33"", ""bk"": ""主板"", ""gskzjglx"": ""-"", ""sfjybjqcy"": ""-"", ""sshymc"": ""C 制造业"", ""ylbz"": ""-""}",OFFICIAL_SZSE_BOARD_FIELD
SZSE,MAIN,A_SHARE,002482,广田集团,2010-09-29,https://www.szse.cn/api/report/ShowReport/data?SHOWTYPE=JSON&CATALOGID=1110&TABKEY=tab1&PAGENO=50,"{""agdm"": ""002482"", ""agjc"": ""<a href='http://www.szse.cn/certificate/individual/index.html?code=002482' target='_blank'><u>广田集团</u></a>"", ""agltgb"": ""37.43"", ""agssrq"": ""2010-09-29"", ""agzgb"": ""37.50"", ""bk"": ""主板"", ""gskzjglx"": ""-"", ""sfjybjqcy"": ""-"", ""sshymc"": ""E 建筑业"", ""ylbz"": ""-""}",OFFICIAL_SZSE_BOARD_FIELD
SZSE,MAIN,A_SHARE,002483,润邦股份,2010-09-29,https://www.szse.cn/api/report/ShowReport/data?SHOWTYPE=JSON&CATALOGID=1110&TABKEY=tab1&PAGENO=50,"{""agdm"": ""002483"", ""agjc"": ""<a href='http://www.szse.cn/certificate/individual/index.html?code=002483' target='_blank'><u>润邦股份</u></a>"", ""agltgb"": ""8.85"", ""agssrq"": ""2010-09-29"", ""agzgb"": ""8.86"", ""bk"": ""主板"", ""gskzjglx"": ""-"", ""sfjybjqcy"": ""-"", ""sshymc"": ""C 制造业"", ""ylbz"": ""-""}",OFFICIAL_SZSE_BOARD_FIELD
SZSE,MAIN,A_SHARE,002484,江海股份,2010-09-29,https://www.szse.cn/api/report/ShowReport/data?SHOWTYPE=JSON&CATALOGID=1110&TABKEY=tab1&PAGENO=50,"{""agdm"": ""002484"", ""agjc"": ""<a href='http://www.szse.cn/certificate/individual/index.html?code=002484' target='_blank'><u>江海股份</u></a>"", ""agltgb"": ""8.20"", ""agssrq"": ""2010-09-29"", ""agzgb"": ""8.50"", ""bk"": ""主板"", ""gskzjglx"": ""-"", ""sfjybjqcy"": ""-"", ""sshymc"": ""C 制造业"", ""ylbz"": ""-""}",OFFICIAL_SZSE_BOARD_FIELD
SZSE,MAIN,A_SHARE,002485,ST雪发,2010-10-15,https://www.szse.cn/api/report/ShowReport/data?SHOWTYPE=JSON&CATALOGID=1110&TABKEY=tab1&PAGENO=50,"{""agdm"": ""002485"", ""agjc"": ""<a href='http://www.szse.cn/certificate/individual/index.html?code=002485' target='_blank'><u>ST雪发</u></a>"", ""agltgb"": ""5.44"", ""agssrq"": ""2010-10-15"", ""agzgb"": ""5.44"", ""bk"": ""主板"", ""gskzjglx"": ""-"", ""sfjybjqcy"": ""-"", ""sshymc"": ""L 商务服务"", ""ylbz"": ""-""}",OFFICIAL_SZSE_BOARD_FIELD
SZSE,MAIN,A_SHARE,002486,嘉麟杰,2010-10-15,https://www.szse.cn/api/report/ShowReport/data?SHOWTYPE=JSON&CATALOGID=1110&TABKEY=tab1&PAGENO=50,"{""agdm"": ""002486"", ""agjc"": ""<a href='http://www.szse.cn/certificate/individual/index.html?code=002486' target='_blank'><u>嘉麟杰</u></a>"", ""agltgb"": ""8.20"", ""agssrq"": ""2010-10-15"", ""agzgb"": ""8.24"", ""bk"": ""主板"", ""gskzjglx"": ""-"", ""sfjybjqcy"": ""-"", ""sshymc"": ""C 制造业"", ""ylbz"": ""-""}",OFFICIAL_SZSE_BOARD_FIELD
SZSE,MAIN,A_SHARE,002487,大金重工,2010-10-15,https://www.szse.cn/api/report/ShowReport/data?SHOWTYPE=JSON&CATALOGID=1110&TABKEY=tab1&PAGENO=50,"{""agdm"": ""002487"", ""agjc"": ""<a href='http://www.szse.cn/certificate/individual/index.html?code=002487' target='_blank'><u>大金重工</u></a>"", ""agltgb"": ""6.30"", ""agssrq"": ""2010-10-15"", ""agzgb"": ""6.37"", ""bk"": ""主板"", ""gskzjglx"": ""-"", ""sfjybjqcy"": ""-"", ""sshymc"": ""C 制造业"", ""ylbz"": ""-""}",OFFICIAL_SZSE_BOARD_FIELD
SZSE,MAIN,A_SHARE,002488,金固股份,2010-10-21,https://www.szse.cn/api/report/ShowReport/data?SHOWTYPE=JSON&CATALOGID=1110&TABKEY=tab1&PAGENO=50,"{""agdm"": ""002488"", ""agjc"": ""<a href='http://www.szse.cn/certificate/individual/index.html?code=002488' target='_blank'><u>金固股份</u></a>"", ""agltgb"": ""9.20"", ""agssrq"": ""2010-10-21"", ""agzgb"": ""9.95"", ""bk"": ""主板"", ""gskzjglx"": ""-"", ""sfjybjqcy"": ""-"", ""sshymc"": ""C 制造业"", ""ylbz"": ""-""}",OFFICIAL_SZSE_BOARD_FIELD
SZSE,MAIN,A_SHARE,002489,浙江永强,2010-10-21,https://www.szse.cn/api/report/ShowReport/data?SHOWTYPE=JSON&CATALOGID=1110&TABKEY=tab1&PAGENO=50,"{""agdm"": ""002489"", ""agjc"": ""<a href='http://www.szse.cn/certificate/individual/index.html?code=002489' target='_blank'><u>浙江永强</u></a>"", ""agltgb"": ""19.13"", ""agssrq"": ""2010-10-21"", ""agzgb"": ""21.69"", ""bk"": ""主板"", ""gskzjglx"": ""-"", ""sfjybjqcy"": ""-"", ""sshymc"": ""C 制造业"", ""ylbz"": ""-""}",OFFICIAL_SZSE_BOARD_FIELD
SZSE,MAIN,A_SHARE,002490,山东墨龙,2010-10-21,https://www.szse.cn/api/report/ShowReport/data?SHOWTYPE=JSON&CATALOGID=1110&TABKEY=tab1&PAGENO=50,"{""agdm"": ""002490"", ""agjc"": ""<a href='http://www.szse.cn/certificate/individual/index.html?code=002490' target='_blank'><u>山东墨龙</u></a>"", ""agltgb"": ""5.41"", ""agssrq"": ""2010-10-21"", ""agzgb"": ""5.41"", ""bk"": ""主板"", ""gskzjglx"": ""-"", ""sfjybjqcy"": ""-"", ""sshymc"": ""C 制造业"", ""ylbz"": ""-""}",OFFICIAL_SZSE_BOARD_FIELD
SZSE,MAIN,A_SHARE,002491,通鼎互联,2010-10-21,https://www.szse.cn/api/report/ShowReport/data?SHOWTYPE=JSON&CATALOGID=1110&TABKEY=tab1&PAGENO=50,"{""agdm"": ""002491"", ""agjc"": ""<a href='http://www.szse.cn/certificate/individual/index.html?code=002491' target='_blank'><u>通鼎互联</u></a>"", ""agltgb"": ""11.76"", ""agssrq"": ""2010-10-21"", ""agzgb"": ""12.29"", ""bk"": ""主板"", ""gskzjglx"": ""-"", ""sfjybjqcy"": ""-"", ""sshymc"": ""C 制造业"", ""ylbz"": ""-""}",OFFICIAL_SZSE_BOARD_FIELD
SZSE,MAIN,A_SHARE,002492,恒基达鑫,2010-11-02,https://www.szse.cn/api/report/ShowReport/data?SHOWTYPE=JSON&CATALOGID=1110&TABKEY=tab1&PAGENO=50,"{""agdm"": ""002492"", ""agjc"": ""<a href='http://www.szse.cn/certificate/individual/index.html?code=002492' target='_blank'><u>恒基达鑫</u></a>"", ""agltgb"": ""3.97"", ""agssrq"": ""2010-11-02"", ""agzgb"": ""4.05"", ""bk"": ""主板"", ""gskzjglx"": ""-"", ""sfjybjqcy"": ""-"", ""sshymc"": ""G 运输仓储"", ""ylbz"": ""-""}",OFFICIAL_SZSE_BOARD_FIELD
SZSE,MAIN,A_SHARE,002493,荣盛石化,2010-11-02,https://www.szse.cn/api/report/ShowReport/data?SHOWTYPE=JSON&CATALOGID=1110&TABKEY=tab1&PAGENO=50,"{""agdm"": ""002493"", ""agjc"": ""<a href='http://www.szse.cn/certificate/individual/index.html?code=002493' target='_blank'><u>荣盛石化</u></a>"", ""agltgb"": ""93.62"", ""agssrq"": ""2010-11-02"", ""agzgb"": ""99.89"", ""bk"": ""主板"", ""gskzjglx"": ""-"", ""sfjybjqcy"": ""-"", ""sshymc"": ""C 制造业"", ""ylbz"": ""-""}",OFFICIAL_SZSE_BOARD_FIELD
SZSE,MAIN,A_SHARE,002494,华斯股份,2010-11-02,https://www.szse.cn/api/report/ShowReport/data?SHOWTYPE=JSON&CATALOGID=1110&TABKEY=tab1&PAGENO=50,"{""agdm"": ""002494"", ""agjc"": ""<a href='http://www.szse.cn/certificate/individual/index.html?code=002494' target='_blank'><u>华斯股份</u></a>"", ""agltgb"": ""2.86"", ""agssrq"": ""2010-11-02"", ""agzgb"": ""3.77"", ""bk"": ""主板"", ""gskzjglx"": ""-"", ""sfjybjqcy"": ""-"", ""sshymc"": ""C 制造业"", ""ylbz"": ""-""}",OFFICIAL_SZSE_BOARD_FIELD
SZSE,MAIN,A_SHARE,002495,佳隆股份,2010-11-02,https://www.szse.cn/api/report/ShowReport/data?SHOWTYPE=JSON&CATALOGID=1110&TABKEY=tab1&PAGENO=50,"{""agdm"": ""002495"", ""agjc"": ""<a href='http://www.szse.cn/certificate/individual/index.html?code=002495' target='_blank'><u>佳隆股份</u></a>"", ""agltgb"": ""7.00"", ""agssrq"": ""2010-11-02"", ""agzgb"": ""9.35"", ""bk"": ""主板"", ""gskzjglx"": ""-"", ""sfjybjqcy"": ""-"", ""sshymc"": ""C 制造业"", ""ylbz"": ""-""}",OFFICIAL_SZSE_BOARD_FIELD
SZSE,MAIN,A_SHARE,002496,辉丰股份,2010-11-09,https://www.szse.cn/api/report/ShowReport/data?SHOWTYPE=JSON&CATALOGID=1110&TABKEY=tab1&PAGENO=50,"{""agdm"": ""002496"", ""agjc"": ""<a href='http://www.szse.cn/certificate/individual/index.html?code=002496' target='_blank'><u>辉丰股份</u></a>"", ""agltgb"": ""11.81"", ""agssrq"": ""2010-11-09"", ""agzgb"": ""15.07"", ""bk"": ""主板"", ""gskzjglx"": ""-"", ""sfjybjqcy"": ""-"", ""sshymc"": ""C 制造业"", ""ylbz"": ""-""}",OFFICIAL_SZSE_BOARD_FIELD
SZSE,MAIN,A_SHARE,002497,雅化集团,2010-11-09,https://www.szse.cn/api/report/ShowReport/data?SHOWTYPE=JSON&CATALOGID=1110&TABKEY=tab1&PAGENO=50,"{""agdm"": ""002497"", ""agjc"": ""<a href='http://www.szse.cn/certificate/individual/index.html?code=002497' target='_blank'><u>雅化集团</u></a>"", ""agltgb"": ""10.59"", ""agssrq"": ""2010-11-09"", ""agzgb"": ""11.52"", ""bk"": ""主板"", ""gskzjglx"": ""-"", ""sfjybjqcy"": ""-"", ""sshymc"": ""C 制造业"", ""ylbz"": ""-""}",OFFICIAL_SZSE_BOARD_FIELD
SZSE,MAIN,A_SHARE,002498,汉缆股份,2010-11-09,https://www.szse.cn/api/report/ShowReport/data?SHOWTYPE=JSON&CATALOGID=1110&TABKEY=tab1&PAGENO=50,"{""agdm"": ""002498"", ""agjc"": ""<a href='http://www.szse.cn/certificate/individual/index.html?code=002498' target='_blank'><u>汉缆股份</u></a>"", ""agltgb"": ""33.26"", ""agssrq"": ""2010-11-09"", ""agzgb"": ""33.26"", ""bk"": ""主板"", ""gskzjglx"": ""-"", ""sfjybjqcy"": ""-"", ""sshymc"": ""C 制造业"", ""ylbz"": ""-""}",OFFICIAL_SZSE_BOARD_FIELD
SZSE,MAIN,A_SHARE,002500,山西证券,2010-11-15,https://www.szse.cn/api/report/ShowReport/data?SHOWTYPE=JSON&CATALOGID=1110&TABKEY=tab1&PAGENO=50,"{""agdm"": ""002500"", ""agjc"": ""<a href='http://www.szse.cn/certificate/individual/index.html?code=002500' target='_blank'><u>山西证券</u></a>"", ""agltgb"": ""35.89"", ""agssrq"": ""2010-11-15"", ""agzgb"": ""35.89"", ""bk"": ""主板"", ""gskzjglx"": ""-"", ""sfjybjqcy"": ""-"", ""sshymc"": ""J 金融业"", ""ylbz"": ""-""}",OFFICIAL_SZSE_BOARD_FIELD
SZSE,MAIN,A_SHARE,002501,*ST利源,2010-11-17,https://www.szse.cn/api/report/ShowReport/data?SHOWTYPE=JSON&CATALOGID=1110&TABKEY=tab1&PAGENO=51,"{""agdm"": ""002501"", ""agjc"": ""<a href='http://www.szse.cn/certificate/individual/index.html?code=002501' target='_blank'><u>*ST利源</u></a>"", ""agltgb"": ""35.45"", ""agssrq"": ""2010-11-17"", ""agzgb"": ""35.50"", ""bk"": ""主板"", ""gskzjglx"": ""-"", ""sfjybjqcy"": ""-"", ""sshymc"": ""C 制造业"", ""ylbz"": ""-""}",OFFICIAL_SZSE_BOARD_FIELD
SZSE,MAIN,A_SHARE,002506,协鑫集成,2010-11-18,https://www.szse.cn/api/report/ShowReport/data?SHOWTYPE=JSON&CATALOGID=1110&TABKEY=tab1&PAGENO=51,"{""agdm"": ""002506"", ""agjc"": ""<a href='http://www.szse.cn/certificate/individual/index.html?code=002506' target='_blank'><u>协鑫集成</u></a>"", ""agltgb"": ""58.44"", ""agssrq"": ""2010-11-18"", ""agzgb"": ""58.50"", ""bk"": ""主板"", ""gskzjglx"": ""-"", ""sfjybjqcy"": ""-"", ""sshymc"": ""C 制造业"", ""ylbz"": ""-""}",OFFICIAL_SZSE_BOARD_FIELD
SZSE,MAIN,A_SHARE,002507,涪陵榨菜,2010-11-23,https://www.szse.cn/api/report/ShowReport/data?SHOWTYPE=JSON&CATALOGID=1110&TABKEY=tab1&PAGENO=51,"{""agdm"": ""002507"", ""agjc"": ""<a href='http://www.szse.cn/certificate/individual/index.html?code=002507' target='_blank'><u>涪陵榨菜</u></a>"", ""agltgb"": ""11.53"", ""agssrq"": ""2010-11-23"", ""agzgb"": ""11.53"", ""bk"": ""主板"", ""gskzjglx"": ""-"", ""sfjybjqcy"": ""-"", ""sshymc"": ""C 制造业"", ""ylbz"": ""-""}",OFFICIAL_SZSE_BOARD_FIELD
SZSE,MAIN,A_SHARE,002508,老板电器,2010-11-23,https://www.szse.cn/api/report/ShowReport/data?SHOWTYPE=JSON&CATALOGID=1110&TABKEY=tab1&PAGENO=51,"{""agdm"": ""002508"", ""agjc"": ""<a href='http://www.szse.cn/certificate/individual/index.html?code=002508' target='_blank'><u>老板电器</u></a>"", ""agltgb"": ""9.33"", ""agssrq"": ""2010-11-23"", ""agzgb"": ""9.44"", ""bk"": ""主板"", ""gskzjglx"": ""-"", ""sfjybjqcy"": ""-"", ""sshymc"": ""C 制造业"", ""ylbz"": ""-""}",OFFICIAL_SZSE_BOARD_FIELD
SZSE,MAIN,A_SHARE,002510,天汽模,2010-11-25,https://www.szse.cn/api/report/ShowReport/data?SHOWTYPE=JSON&CATALOGID=1110&TABKEY=tab1&PAGENO=51,"{""agdm"": ""002510"", ""agjc"": ""<a href='http://www.szse.cn/certificate/individual/index.html?code=002510' target='_blank'><u>天汽模</u></a>"", ""agltgb"": ""10.15"", ""agssrq"": ""2010-11-25"", ""agzgb"": ""10.15"", ""bk"": ""主板"", ""gskzjglx"": ""-"", ""sfjybjqcy"": ""-"", ""sshymc"": ""C 制造业"", ""ylbz"": ""-""}",OFFICIAL_SZSE_BOARD_FIELD
SZSE,MAIN,A_SHARE,002511,中顺洁柔,2010-11-25,https://www.szse.cn/api/report/ShowReport/data?SHOWTYPE=JSON&CATALOGID=1110&TABKEY=tab1&PAGENO=51,"{""agdm"": ""002511"", ""agjc"": ""<a href='http://www.szse.cn/certificate/individual/index.html?code=002511' target='_blank'><u>中顺洁柔</u></a>"", ""agltgb"": ""12.65"", ""agssrq"": ""2010-11-25"", ""agzgb"": ""12.86"", ""bk"": ""主板"", ""gskzjglx"": ""-"", ""sfjybjqcy"": ""-"", ""sshymc"": ""C 制造业"", ""ylbz"": ""-""}",OFFICIAL_SZSE_BOARD_FIELD
SZSE,MAIN,A_SHARE,002512,ST达华,2010-12-03,https://www.szse.cn/api/report/ShowReport/data?SHOWTYPE=JSON&CATALOGID=1110&TABKEY=tab1&PAGENO=51,"{""agdm"": ""002512"", ""agjc"": ""<a href='http://www.szse.cn/certificate/individual/index.html?code=002512' target='_blank'><u>ST达华</u></a>"", ""agltgb"": ""10.94"", ""agssrq"": ""2010-12-03"", ""agzgb"": ""11.02"", ""bk"": ""主板"", ""gskzjglx"": ""-"", ""sfjybjqcy"": ""-"", ""sshymc"": ""C 制造业"", ""ylbz"": ""-""}",OFFICIAL_SZSE_BOARD_FIELD
SZSE,MAIN,A_SHARE,002513,蓝丰生化,2010-12-03,https://www.szse.cn/api/report/ShowReport/data?SHOWTYPE=JSON&CATALOGID=1110&TABKEY=tab1&PAGENO=51,"{""agdm"": ""002513"", ""agjc"": ""<a href='http://www.szse.cn/certificate/individual/index.html?code=002513' target='_blank'><u>蓝丰生化</u></a>"", ""agltgb"": ""2.89"", ""agssrq"": ""2010-12-03"", ""agzgb"": ""3.75"", ""bk"": ""主板"", ""gskzjglx"": ""-"", ""sfjybjqcy"": ""-"", ""sshymc"": ""C 制造业"", ""ylbz"": ""-""}",OFFICIAL_SZSE_BOARD_FIELD
SZSE,MAIN,A_SHARE,002514,*ST宝馨,2010-12-03,https://www.szse.cn/api/report/ShowReport/data?SHOWTYPE=JSON&CATALOGID=1110&TABKEY=tab1&PAGENO=51,"{""agdm"": ""002514"", ""agjc"": ""<a href='http://www.szse.cn/certificate/individual/index.html?code=002514' target='_blank'><u>*ST宝馨</u></a>"", ""agltgb"": ""5.54"", ""agssrq"": ""2010-12-03"", ""agzgb"": ""7.20"", ""bk"": ""主板"", ""gskzjglx"": ""-"", ""sfjybjqcy"": ""-"", ""sshymc"": ""C 制造业"", ""ylbz"": ""-""}",OFFICIAL_SZSE_BOARD_FIELD
SZSE,MAIN,A_SHARE,002515,金字火腿,2010-12-03,https://www.szse.cn/api/report/ShowReport/data?SHOWTYPE=JSON&CATALOGID=1110&TABKEY=tab1&PAGENO=51,"{""agdm"": ""002515"", ""agjc"": ""<a href='http://www.szse.cn/certificate/individual/index.html?code=002515' target='_blank'><u>金字火腿</u></a>"", ""agltgb"": ""11.01"", ""agssrq"": ""2010-12-03"", ""agzgb"": ""12.10"", ""bk"": ""主板"", ""gskzjglx"": ""-"", ""sfjybjqcy"": ""-"", ""sshymc"": ""C 制造业"", ""ylbz"": ""-""}",OFFICIAL_SZSE_BOARD_FIELD
SZSE,MAIN,A_SHARE,002516,旷达科技,2010-12-07,https://www.szse.cn/api/report/ShowReport/data?SHOWTYPE=JSON&CATALOGID=1110&TABKEY=tab1&PAGENO=51,"{""agdm"": ""002516"", ""agjc"": ""<a href='http://www.szse.cn/certificate/individual/index.html?code=002516' target='_blank'><u>旷达科技</u></a>"", ""agltgb"": ""14.57"", ""agssrq"": ""2010-12-07"", ""agzgb"": ""14.70"", ""bk"": ""主板"", ""gskzjglx"": ""-"", ""sfjybjqcy"": ""-"", ""sshymc"": ""C 制造业"", ""ylbz"": ""-""}",OFFICIAL_SZSE_BOARD_FIELD
SZSE,MAIN,A_SHARE,002517,恺英网络,2010-12-07,https://www.szse.cn/api/report/ShowReport/data?SHOWTYPE=JSON&CATALOGID=1110&TABKEY=tab1&PAGENO=51,"{""agdm"": ""002517"", ""agjc"": ""<a href='http://www.szse.cn/certificate/individual/index.html?code=002517' target='_blank'><u>恺英网络</u></a>"", ""agltgb"": ""18.79"", ""agssrq"": ""2010-12-07"", ""agzgb"": ""21.36"", ""bk"": ""主板"", ""gskzjglx"": ""-"", ""sfjybjqcy"": ""-"", ""sshymc"": ""I 信息技术"", ""ylbz"": ""-""}",OFFICIAL_SZSE_BOARD_FIELD
SZSE,MAIN,A_SHARE,002518,科士达,2010-12-07,https://www.szse.cn/api/report/ShowReport/data?SHOWTYPE=JSON&CATALOGID=1110&TABKEY=tab1&PAGENO=51,"{""agdm"": ""002518"", ""agjc"": ""<a href='http://www.szse.cn/certificate/individual/index.html?code=002518' target='_blank'><u>科士达</u></a>"", ""agltgb"": ""5.65"", ""agssrq"": ""2010-12-07"", ""agzgb"": ""5.82"", ""bk"": ""主板"", ""gskzjglx"": ""-"", ""sfjybjqcy"": ""-"", ""sshymc"": ""C 制造业"", ""ylbz"": ""-""}",OFFICIAL_SZSE_BOARD_FIELD
SZSE,MAIN,A_SHARE,002519,银河电子,2010-12-07,https://www.szse.cn/api/report/ShowReport/data?SHOWTYPE=JSON&CATALOGID=1110&TABKEY=tab1&PAGENO=51,"{""agdm"": ""002519"", ""agjc"": ""<a href='http://www.szse.cn/certificate/individual/index.html?code=002519' target='_blank'><u>银河电子</u></a>"", ""agltgb"": ""11.23"", ""agssrq"": ""2010-12-07"", ""agzgb"": ""11.26"", ""bk"": ""主板"", ""gskzjglx"": ""-"", ""sfjybjqcy"": ""-"", ""sshymc"": ""C 制造业"", ""ylbz"": ""-""}",OFFICIAL_SZSE_BOARD_FIELD
SZSE,MAIN,A_SHARE,002520,日发精机,2010-12-10,https://www.szse.cn/api/report/ShowReport/data?SHOWTYPE=JSON&CATALOGID=1110&TABKEY=tab1&PAGENO=51,"{""agdm"": ""002520"", ""agjc"": ""<a href='http://www.szse.cn/certificate/individual/index.html?code=002520' target='_blank'><u>日发精机</u></a>"", ""agltgb"": ""7.17"", ""agssrq"": ""2010-12-10"", ""agzgb"": ""7.50"", ""bk"": ""主板"", ""gskzjglx"": ""-"", ""sfjybjqcy"": ""-"", ""sshymc"": ""C 制造业"", ""ylbz"": ""-""}",OFFICIAL_SZSE_BOARD_FIELD
SZSE,MAIN,A_SHARE,002521,齐峰新材,2010-12-10,https://www.szse.cn/api/report/ShowReport/data?SHOWTYPE=JSON&CATALOGID=1110&TABKEY=tab1&PAGENO=51,"{""agdm"": ""002521"", ""agjc"": ""<a href='http://www.szse.cn/certificate/individual/index.html?code=002521' target='_blank'><u>齐峰新材</u></a>"", ""agltgb"": ""4.19"", ""agssrq"": ""2010-12-10"", ""agzgb"": ""5.60"", ""bk"": ""主板"", ""gskzjglx"": ""-"", ""sfjybjqcy"": ""-"", ""sshymc"": ""C 制造业"", ""ylbz"": ""-""}",OFFICIAL_SZSE_BOARD_FIELD
SZSE,MAIN,A_SHARE,002522,浙江众成,2010-12-10,https://www.szse.cn/api/report/ShowReport/data?SHOWTYPE=JSON&CATALOGID=1110&TABKEY=tab1&PAGENO=51,"{""agdm"": ""002522"", ""agjc"": ""<a href='http://www.szse.cn/certificate/individual/index.html?code=002522' target='_blank'><u>浙江众成</u></a>"", ""agltgb"": ""9.05"", ""agssrq"": ""2010-12-10"", ""agzgb"": ""9.05"", ""bk"": ""主板"", ""gskzjglx"": ""-"", ""sfjybjqcy"": ""-"", ""sshymc"": ""C 制造业"", ""ylbz"": ""-""}",OFFICIAL_SZSE_BOARD_FIELD
SZSE,MAIN,A_SHARE,002523,天桥起重,2010-12-10,https://www.szse.cn/api/report/ShowReport/data?SHOWTYPE=JSON&CATALOGID=1110&TABKEY=tab1&PAGENO=51,"{""agdm"": ""002523"", ""agjc"": ""<a href='http://www.szse.cn/certificate/individual/index.html?code=002523' target='_blank'><u>天桥起重</u></a>"", ""agltgb"": ""14.11"", ""agssrq"": ""2010-12-10"", ""agzgb"": ""14.16"", ""bk"": ""主板"", ""gskzjglx"": ""-"", ""sfjybjqcy"": ""-"", ""sshymc"": ""C 制造业"", ""ylbz"": ""-""}",OFFICIAL_SZSE_BOARD_FIELD
SZSE,MAIN,A_SHARE,002524,光正眼科,2010-12-17,https://www.szse.cn/api/report/ShowReport/data?SHOWTYPE=JSON&CATALOGID=1110&TABKEY=tab1&PAGENO=51,"{""agdm"": ""002524"", ""agjc"": ""<a href='http://www.szse.cn/certificate/individual/index.html?code=002524' target='_blank'><u>光正眼科</u></a>"", ""agltgb"": ""5.10"", ""agssrq"": ""2010-12-17"", ""agzgb"": ""5.15"", ""bk"": ""主板"", ""gskzjglx"": ""-"", ""sfjybjqcy"": ""-"", ""sshymc"": ""Q 卫生"", ""ylbz"": ""-""}",OFFICIAL_SZSE_BOARD_FIELD
SZSE,MAIN,A_SHARE,002526,山东矿机,2010-12-17,https://www.szse.cn/api/report/ShowReport/data?SHOWTYPE=JSON&CATALOGID=1110&TABKEY=tab1&PAGENO=51,"{""agdm"": ""002526"", ""agjc"": ""<a href='http://www.szse.cn/certificate/individual/index.html?code=002526' target='_blank'><u>山东矿机</u></a>"", ""agltgb"": ""17.71"", ""agssrq"": ""2010-12-17"", ""agzgb"": ""17.82"", ""bk"": ""主板"", ""gskzjglx"": ""-"", ""sfjybjqcy"": ""-"", ""sshymc"": ""C 制造业"", ""ylbz"": ""-""}",OFFICIAL_SZSE_BOARD_FIELD
SZSE,MAIN,A_SHARE,002527,新时达,2010-12-24,https://www.szse.cn/api/report/ShowReport/data?SHOWTYPE=JSON&CATALOGID=1110&TABKEY=tab1&PAGENO=52,"{""agdm"": ""002527"", ""agjc"": ""<a href='http://www.szse.cn/certificate/individual/index.html?code=002527' target='_blank'><u>新时达</u></a>"", ""agltgb"": ""5.58"", ""agssrq"": ""2010-12-24"", ""agzgb"": ""6.63"", ""bk"": ""主板"", ""gskzjglx"": ""-"", ""sfjybjqcy"": ""-"", ""sshymc"": ""C 制造业"", ""ylbz"": ""-""}",OFFICIAL_SZSE_BOARD_FIELD
SZSE,MAIN,A_SHARE,002528,*ST英飞,2010-12-24,https://www.szse.cn/api/report/ShowReport/data?SHOWTYPE=JSON&CATALOGID=1110&TABKEY=tab1&PAGENO=52,"{""agdm"": ""002528"", ""agjc"": ""<a href='http://www.szse.cn/certificate/individual/index.html?code=002528' target='_blank'><u>*ST英飞</u></a>"", ""agltgb"": ""10.50"", ""agssrq"": ""2010-12-24"", ""agzgb"": ""11.98"", ""bk"": ""主板"", ""gskzjglx"": ""-"", ""sfjybjqcy"": ""-"", ""sshymc"": ""C 制造业"", ""ylbz"": ""-""}",OFFICIAL_SZSE_BOARD_FIELD
SZSE,MAIN,A_SHARE,002529,海源复材,2010-12-24,https://www.szse.cn/api/report/ShowReport/data?SHOWTYPE=JSON&CATALOGID=1110&TABKEY=tab1&PAGENO=52,"{""agdm"": ""002529"", ""agjc"": ""<a href='http://www.szse.cn/certificate/individual/index.html?code=002529' target='_blank'><u>海源复材</u></a>"", ""agltgb"": ""2.59"", ""agssrq"": ""2010-12-24"", ""agzgb"": ""2.60"", ""bk"": ""主板"", ""gskzjglx"": ""-"", ""sfjybjqcy"": ""-"", ""sshymc"": ""C 制造业"", ""ylbz"": ""-""}",OFFICIAL_SZSE_BOARD_FIELD
SZSE,MAIN,A_SHARE,002530,金财互联,2010-12-31,https://www.szse.cn/api/report/ShowReport/data?SHOWTYPE=JSON&CATALOGID=1110&TABKEY=tab1&PAGENO=52,"{""agdm"": ""002530"", ""agjc"": ""<a href='http://www.szse.cn/certificate/individual/index.html?code=002530' target='_blank'><u>金财互联</u></a>"", ""agltgb"": ""7.79"", ""agssrq"": ""2010-12-31"", ""agzgb"": ""7.79"", ""bk"": ""主板"", ""gskzjglx"": ""-"", ""sfjybjqcy"": ""-"", ""sshymc"": ""C 制造业"", ""ylbz"": ""-""}",OFFICIAL_SZSE_BOARD_FIELD
SZSE,MAIN,A_SHARE,002531,天顺风能,2010-12-31,https://www.szse.cn/api/report/ShowReport/data?SHOWTYPE=JSON&CATALOGID=1110&TABKEY=tab1&PAGENO=52,"{""agdm"": ""002531"", ""agjc"": ""<a href='http://www.szse.cn/certificate/individual/index.html?code=002531' target='_blank'><u>天顺风能</u></a>"", ""agltgb"": ""17.86"", ""agssrq"": ""2010-12-31"", ""agzgb"": ""17.96"", ""bk"": ""主板"", ""gskzjglx"": ""-"", ""sfjybjqcy"": ""-"", ""sshymc"": ""C 制造业"", ""ylbz"": ""-""}",OFFICIAL_SZSE_BOARD_FIELD
SZSE,MAIN,A_SHARE,002532,天山铝业,2010-12-31,https://www.szse.cn/api/report/ShowReport/data?SHOWTYPE=JSON&CATALOGID=1110&TABKEY=tab1&PAGENO=52,"{""agdm"": ""002532"", ""agjc"": ""<a href='http://www.szse.cn/certificate/individual/index.html?code=002532' target='_blank'><u>天山铝业</u></a>"", ""agltgb"": ""41.06"", ""agssrq"": ""2010-12-31"", ""agzgb"": ""46.28"", ""bk"": ""主板"", ""gskzjglx"": ""-"", ""sfjybjqcy"": ""-"", ""sshymc"": ""C 制造业"", ""ylbz"": ""-""}",OFFICIAL_SZSE_BOARD_FIELD
SZSE,MAIN,A_SHARE,002533,金杯电工,2010-12-31,https://www.szse.cn/api/report/ShowReport/data?SHOWTYPE=JSON&CATALOGID=1110&TABKEY=tab1&PAGENO=52,"{""agdm"": ""002533"", ""agjc"": ""<a href='http://www.szse.cn/certificate/individual/index.html?code=002533' target='_blank'><u>金杯电工</u></a>"", ""agltgb"": ""6.46"", ""agssrq"": ""2010-12-31"", ""agzgb"": ""7.33"", ""bk"": ""主板"", ""gskzjglx"": ""-"", ""sfjybjqcy"": ""-"", ""sshymc"": ""C 制造业"", ""ylbz"": ""-""}",OFFICIAL_SZSE_BOARD_FIELD
SZSE,MAIN,A_SHARE,002534,西子洁能,2011-01-10,https://www.szse.cn/api/report/ShowReport/data?SHOWTYPE=JSON&CATALOGID=1110&TABKEY=tab1&PAGENO=52,"{""agdm"": ""002534"", ""agjc"": ""<a href='http://www.szse.cn/certificate/individual/index.html?code=002534' target='_blank'><u>西子洁能</u></a>"", ""agltgb"": ""8.25"", ""agssrq"": ""2011-01-10"", ""agzgb"": ""8.35"", ""bk"": ""主板"", ""gskzjglx"": ""-"", ""sfjybjqcy"": ""-"", ""sshymc"": ""C 制造业"", ""ylbz"": ""-""}",OFFICIAL_SZSE_BOARD_FIELD
SZSE,MAIN,A_SHARE,002535,林州重机,2011-01-11,https://www.szse.cn/api/report/ShowReport/data?SHOWTYPE=JSON&CATALOGID=1110&TABKEY=tab1&PAGENO=52,"{""agdm"": ""002535"", ""agjc"": ""<a href='http://www.szse.cn/certificate/individual/index.html?code=002535' target='_blank'><u>林州重机</u></a>"", ""agltgb"": ""7.46"", ""agssrq"": ""2011-01-11"", ""agzgb"": ""8.01"", ""bk"": ""主板"", ""gskzjglx"": ""-"", ""sfjybjqcy"": ""-"", ""sshymc"": ""C 制造业"", ""ylbz"": ""-""}",OFFICIAL_SZSE_BOARD_FIELD
SZSE,MAIN,A_SHARE,002536,飞龙股份,2011-01-11,https://www.szse.cn/api/report/ShowReport/data?SHOWTYPE=JSON&CATALOGID=1110&TABKEY=tab1&PAGENO=52,"{""agdm"": ""002536"", ""agjc"": ""<a href='http://www.szse.cn/certificate/individual/index.html?code=002536' target='_blank'><u>飞龙股份</u></a>"", ""agltgb"": ""5.45"", ""agssrq"": ""2011-01-11"", ""agzgb"": ""5.74"", ""bk"": ""主板"", ""gskzjglx"": ""-"", ""sfjybjqcy"": ""-"", ""sshymc"": ""C 制造业"", ""ylbz"": ""-""}",OFFICIAL_SZSE_BOARD_FIELD
SZSE,MAIN,A_SHARE,002537,海联金汇,2011-01-10,https://www.szse.cn/api/report/ShowReport/data?SHOWTYPE=JSON&CATALOGID=1110&TABKEY=tab1&PAGENO=52,"{""agdm"": ""002537"", ""agjc"": ""<a href='http://www.szse.cn/certificate/individual/index.html?code=002537' target='_blank'><u>海联金汇</u></a>"", ""agltgb"": ""11.70"", ""agssrq"": ""2011-01-10"", ""agzgb"": ""11.74"", ""bk"": ""主板"", ""gskzjglx"": ""-"", ""sfjybjqcy"": ""-"", ""sshymc"": ""C 制造业"", ""ylbz"": ""-""}",OFFICIAL_SZSE_BOARD_FIELD
SZSE,MAIN,A_SHARE,002538,ST司特,2011-01-18,https://www.szse.cn/api/report/ShowReport/data?SHOWTYPE=JSON&CATALOGID=1110&TABKEY=tab1&PAGENO=52,"{""agdm"": ""002538"", ""agjc"": ""<a href='http://www.szse.cn/certificate/individual/index.html?code=002538' target='_blank'><u>ST司特</u></a>"", ""agltgb"": ""8.53"", ""agssrq"": ""2011-01-18"", ""agzgb"": ""8.53"", ""bk"": ""主板"", ""gskzjglx"": ""-"", ""sfjybjqcy"": ""-"", ""sshymc"": ""C 制造业"", ""ylbz"": ""-""}",OFFICIAL_SZSE_BOARD_FIELD
SZSE,MAIN,A_SHARE,002539,云图控股,2011-01-18,https://www.szse.cn/api/report/ShowReport/data?SHOWTYPE=JSON&CATALOGID=1110&TABKEY=tab1&PAGENO=52,"{""agdm"": ""002539"", ""agjc"": ""<a href='http://www.szse.cn/certificate/individual/index.html?code=002539' target='_blank'><u>云图控股</u></a>"", ""agltgb"": ""8.89"", ""agssrq"": ""2011-01-18"", ""agzgb"": ""12.07"", ""bk"": ""主板"", ""gskzjglx"": ""-"", ""sfjybjqcy"": ""-"", ""sshymc"": ""C 制造业"", ""ylbz"": ""-""}",OFFICIAL_SZSE_BOARD_FIELD
SZSE,MAIN,A_SHARE,002540,亚太科技,2011-01-18,https://www.szse.cn/api/report/ShowReport/data?SHOWTYPE=JSON&CATALOGID=1110&TABKEY=tab1&PAGENO=52,"{""agdm"": ""002540"", ""agjc"": ""<a href='http://www.szse.cn/certificate/individual/index.html?code=002540' target='_blank'><u>亚太科技</u></a>"", ""agltgb"": ""8.58"", ""agssrq"": ""2011-01-18"", ""agzgb"": ""12.51"", ""bk"": ""主板"", ""gskzjglx"": ""-"", ""sfjybjqcy"": ""-"", ""sshymc"": ""C 制造业"", ""ylbz"": ""-""}",OFFICIAL_SZSE_BOARD_FIELD
SZSE,MAIN,A_SHARE,002541,鸿路钢构,2011-01-18,https://www.szse.cn/api/report/ShowReport/data?SHOWTYPE=JSON&CATALOGID=1110&TABKEY=tab1&PAGENO=52,"{""agdm"": ""002541"", ""agjc"": ""<a href='http://www.szse.cn/certificate/individual/index.html?code=002541' target='_blank'><u>鸿路钢构</u></a>"", ""agltgb"": ""4.96"", ""agssrq"": ""2011-01-18"", ""agzgb"": ""6.90"", ""bk"": ""主板"", ""gskzjglx"": ""-"", ""sfjybjqcy"": ""-"", ""sshymc"": ""C 制造业"", ""ylbz"": ""-""}",OFFICIAL_SZSE_BOARD_FIELD
SZSE,MAIN,A_SHARE,002542,*ST中岩,2011-01-28,https://www.szse.cn/api/report/ShowReport/data?SHOWTYPE=JSON&CATALOGID=1110&TABKEY=tab1&PAGENO=52,"{""agdm"": ""002542"", ""agjc"": ""<a href='http://www.szse.cn/certificate/individual/index.html?code=002542' target='_blank'><u>*ST中岩</u></a>"", ""agltgb"": ""17.59"", ""agssrq"": ""2011-01-28"", ""agzgb"": ""18.06"", ""bk"": ""主板"", ""gskzjglx"": ""-"", ""sfjybjqcy"": ""-"", ""sshymc"": ""E 建筑业"", ""ylbz"": ""-""}",OFFICIAL_SZSE_BOARD_FIELD
SZSE,MAIN,A_SHARE,002543,万和电气,2011-01-28,https://www.szse.cn/api/report/ShowReport/data?SHOWTYPE=JSON&CATALOGID=1110&TABKEY=tab1&PAGENO=52,"{""agdm"": ""002543"", ""agjc"": ""<a href='http://www.szse.cn/certificate/individual/index.html?code=002543' target='_blank'><u>万和电气</u></a>"", ""agltgb"": ""6.61"", ""agssrq"": ""2011-01-28"", ""agzgb"": ""7.43"", ""bk"": ""主板"", ""gskzjglx"": ""-"", ""sfjybjqcy"": ""-"", ""sshymc"": ""C 制造业"", ""ylbz"": ""-""}",OFFICIAL_SZSE_BOARD_FIELD
SZSE,MAIN,A_SHARE,002544,普天科技,2011-01-28,https://www.szse.cn/api/report/ShowReport/data?SHOWTYPE=JSON&CATALOGID=1110&TABKEY=tab1&PAGENO=52,"{""agdm"": ""002544"", ""agjc"": ""<a href='http://www.szse.cn/certificate/individual/index.html?code=002544' target='_blank'><u>普天科技</u></a>"", ""agltgb"": ""6.80"", ""agssrq"": ""2011-01-28"", ""agzgb"": ""6.80"", ""bk"": ""主板"", ""gskzjglx"": ""-"", ""sfjybjqcy"": ""-"", ""sshymc"": ""I 信息技术"", ""ylbz"": ""-""}",OFFICIAL_SZSE_BOARD_FIELD
SZSE,MAIN,A_SHARE,002545,东方铁塔,2011-02-11,https://www.szse.cn/api/report/ShowReport/data?SHOWTYPE=JSON&CATALOGID=1110&TABKEY=tab1&PAGENO=52,"{""agdm"": ""002545"", ""agjc"": ""<a href='http://www.szse.cn/certificate/individual/index.html?code=002545' target='_blank'><u>东方铁塔</u></a>"", ""agltgb"": ""11.30"", ""agssrq"": ""2011-02-11"", ""agzgb"": ""12.44"", ""bk"": ""主板"", ""gskzjglx"": ""-"", ""sfjybjqcy"": ""-"", ""sshymc"": ""C 制造业"", ""ylbz"": ""-""}",OFFICIAL_SZSE_BOARD_FIELD
SZSE,MAIN,A_SHARE,002546,新联电子,2011-02-11,https://www.szse.cn/api/report/ShowReport/data?SHOWTYPE=JSON&CATALOGID=1110&TABKEY=tab1&PAGENO=52,"{""agdm"": ""002546"", ""agjc"": ""<a href='http://www.szse.cn/certificate/individual/index.html?code=002546' target='_blank'><u>新联电子</u></a>"", ""agltgb"": ""8.01"", ""agssrq"": ""2011-02-11"", ""agzgb"": ""8.34"", ""bk"": ""主板"", ""gskzjglx"": ""-"", ""sfjybjqcy"": ""-"", ""sshymc"": ""C 制造业"", ""ylbz"": ""-""}",OFFICIAL_SZSE_BOARD_FIELD
SZSE,MAIN,A_SHARE,002547,*ST春兴,2011-02-18,https://www.szse.cn/api/report/ShowReport/data?SHOWTYPE=JSON&CATALOGID=1110&TABKEY=tab1&PAGENO=53,"{""agdm"": ""002547"", ""agjc"": ""<a href='http://www.szse.cn/certificate/individual/index.html?code=002547' target='_blank'><u>*ST春兴</u></a>"", ""agltgb"": ""11.04"", ""agssrq"": ""2011-02-18"", ""agzgb"": ""11.28"", ""bk"": ""主板"", ""gskzjglx"": ""-"", ""sfjybjqcy"": ""-"", ""sshymc"": ""C 制造业"", ""ylbz"": ""-""}",OFFICIAL_SZSE_BOARD_FIELD
SZSE,MAIN,A_SHARE,002548,金新农,2011-02-18,https://www.szse.cn/api/report/ShowReport/data?SHOWTYPE=JSON&CATALOGID=1110&TABKEY=tab1&PAGENO=53,"{""agdm"": ""002548"", ""agjc"": ""<a href='http://www.szse.cn/certificate/individual/index.html?code=002548' target='_blank'><u>金新农</u></a>"", ""agltgb"": ""8.04"", ""agssrq"": ""2011-02-18"", ""agzgb"": ""8.28"", ""bk"": ""主板"", ""gskzjglx"": ""-"", ""sfjybjqcy"": ""-"", ""sshymc"": ""C 制造业"", ""ylbz"": ""-""}",OFFICIAL_SZSE_BOARD_FIELD
SZSE,MAIN,A_SHARE,002549,凯美特气,2011-02-18,https://www.szse.cn/api/report/ShowReport/data?SHOWTYPE=JSON&CATALOGID=1110&TABKEY=tab1&PAGENO=53,"{""agdm"": ""002549"", ""agjc"": ""<a href='http://www.szse.cn/certificate/individual/index.html?code=002549' target='_blank'><u>凯美特气</u></a>"", ""agltgb"": ""6.92"", ""agssrq"": ""2011-02-18"", ""agzgb"": ""6.95"", ""bk"": ""主板"", ""gskzjglx"": ""-"", ""sfjybjqcy"": ""-"", ""sshymc"": ""N 公共环保"", ""ylbz"": ""-""}",OFFICIAL_SZSE_BOARD_FIELD
SZSE,MAIN,A_SHARE,002550,千红制药,2011-02-18,https://www.szse.cn/api/report/ShowReport/data?SHOWTYPE=JSON&CATALOGID=1110&TABKEY=tab1&PAGENO=53,"{""agdm"": ""002550"", ""agjc"": ""<a href='http://www.szse.cn/certificate/individual/index.html?code=002550' target='_blank'><u>千红制药</u></a>"", ""agltgb"": ""9.53"", ""agssrq"": ""2011-02-18"", ""agzgb"": ""12.79"", ""bk"": ""主板"", ""gskzjglx"": ""-"", ""sfjybjqcy"": ""-"", ""sshymc"": ""C 制造业"", ""ylbz"": ""-""}",OFFICIAL_SZSE_BOARD_FIELD
SZSE,MAIN,A_SHARE,002551,尚荣医疗,2011-02-25,https://www.szse.cn/api/report/ShowReport/data?SHOWTYPE=JSON&CATALOGID=1110&TABKEY=tab1&PAGENO=53,"{""agdm"": ""002551"", ""agjc"": ""<a href='http://www.szse.cn/certificate/individual/index.html?code=002551' target='_blank'><u>尚荣医疗</u></a>"", ""agltgb"": ""6.11"", ""agssrq"": ""2011-02-25"", ""agzgb"": ""8.45"", ""bk"": ""主板"", ""gskzjglx"": ""-"", ""sfjybjqcy"": ""-"", ""sshymc"": ""C 制造业"", ""ylbz"": ""-""}",OFFICIAL_SZSE_BOARD_FIELD
SZSE,MAIN,A_SHARE,002552,宝鼎科技,2011-02-25,https://www.szse.cn/api/report/ShowReport/data?SHOWTYPE=JSON&CATALOGID=1110&TABKEY=tab1&PAGENO=53,"{""agdm"": ""002552"", ""agjc"": ""<a href='http://www.szse.cn/certificate/individual/index.html?code=002552' target='_blank'><u>宝鼎科技</u></a>"", ""agltgb"": ""3.68"", ""agssrq"": ""2011-02-25"", ""agzgb"": ""3.87"", ""bk"": ""主板"", ""gskzjglx"": ""-"", ""sfjybjqcy"": ""-"", ""sshymc"": ""C 制造业"", ""ylbz"": ""-""}",OFFICIAL_SZSE_BOARD_FIELD
SZSE,MAIN,A_SHARE,002553,南方精工,2011-02-25,https://www.szse.cn/api/report/ShowReport/data?SHOWTYPE=JSON&CATALOGID=1110&TABKEY=tab1&PAGENO=53,"{""agdm"": ""002553"", ""agjc"": ""<a href='http://www.szse.cn/certificate/individual/index.html?code=002553' target='_blank'><u>南方精工</u></a>"", ""agltgb"": ""2.56"", ""agssrq"": ""2011-02-25"", ""agzgb"": ""3.53"", ""bk"": ""主板"", ""gskzjglx"": ""-"", ""sfjybjqcy"": ""-"", ""sshymc"": ""C 制造业"", ""ylbz"": ""-""}",OFFICIAL_SZSE_BOARD_FIELD
SZSE,MAIN,A_SHARE,002554,惠博普,2011-02-25,https://www.szse.cn/api/report/ShowReport/data?SHOWTYPE=JSON&CATALOGID=1110&TABKEY=tab1&PAGENO=53,"{""agdm"": ""002554"", ""agjc"": ""<a href='http://www.szse.cn/certificate/individual/index.html?code=002554' target='_blank'><u>惠博普</u></a>"", ""agltgb"": ""13.33"", ""agssrq"": ""2011-02-25"", ""agzgb"": ""13.33"", ""bk"": ""主板"", ""gskzjglx"": ""-"", ""sfjybjqcy"": ""-"", ""sshymc"": ""B 采矿业"", ""ylbz"": ""-""}",OFFICIAL_SZSE_BOARD_FIELD
SZSE,MAIN,A_SHARE,002555,三七互娱,2011-03-02,https://www.szse.cn/api/report/ShowReport/data?SHOWTYPE=JSON&CATALOGID=1110&TABKEY=tab1&PAGENO=53,"{""agdm"": ""002555"", ""agjc"": ""<a href='http://www.szse.cn/certificate/individual/index.html?code=002555' target='_blank'><u>三七互娱</u></a>"", ""agltgb"": ""16.33"", ""agssrq"": ""2011-03-02"", ""agzgb"": ""22.12"", ""bk"": ""主板"", ""gskzjglx"": ""-"", ""sfjybjqcy"": ""-"", ""sshymc"": ""I 信息技术"", ""ylbz"": ""-""}",OFFICIAL_SZSE_BOARD_FIELD
SZSE,MAIN,A_SHARE,002556,辉隆股份,2011-03-02,https://www.szse.cn/api/report/ShowReport/data?SHOWTYPE=JSON&CATALOGID=1110&TABKEY=tab1&PAGENO=53,"{""agdm"": ""002556"", ""agjc"": ""<a href='http://www.szse.cn/certificate/individual/index.html?code=002556' target='_blank'><u>辉隆股份</u></a>"", ""agltgb"": ""9.34"", ""agssrq"": ""2011-03-02"", ""agzgb"": ""9.34"", ""bk"": ""主板"", ""gskzjglx"": ""-"", ""sfjybjqcy"": ""-"", ""sshymc"": ""F 批发零售"", ""ylbz"": ""-""}",OFFICIAL_SZSE_BOARD_FIELD
SZSE,MAIN,A_SHARE,002557,洽洽食品,2011-03-02,https://www.szse.cn/api/report/ShowReport/data?SHOWTYPE=JSON&CATALOGID=1110&TABKEY=tab1&PAGENO=53,"{""agdm"": ""002557"", ""agjc"": ""<a href='http://www.szse.cn/certificate/individual/index.html?code=002557' target='_blank'><u>洽洽食品</u></a>"", ""agltgb"": ""5.03"", ""agssrq"": ""2011-03-02"", ""agzgb"": ""5.05"", ""bk"": ""主板"", ""gskzjglx"": ""-"", ""sfjybjqcy"": ""-"", ""sshymc"": ""C 制造业"", ""ylbz"": ""-""}",OFFICIAL_SZSE_BOARD_FIELD
SZSE,MAIN,A_SHARE,002558,巨人网络,2011-03-02,https://www.szse.cn/api/report/ShowReport/data?SHOWTYPE=JSON&CATALOGID=1110&TABKEY=tab1&PAGENO=53,"{""agdm"": ""002558"", ""agjc"": ""<a href='http://www.szse.cn/certificate/individual/index.html?code=002558' target='_blank'><u>巨人网络</u></a>"", ""agltgb"": ""19.00"", ""agssrq"": ""2011-03-02"", ""agzgb"": ""19.00"", ""bk"": ""主板"", ""gskzjglx"": ""-"", ""sfjybjqcy"": ""-"", ""sshymc"": ""I 信息技术"", ""ylbz"": ""-""}",OFFICIAL_SZSE_BOARD_FIELD
SZSE,MAIN,A_SHARE,002559,亚威股份,2011-03-03,https://www.szse.cn/api/report/ShowReport/data?SHOWTYPE=JSON&CATALOGID=1110&TABKEY=tab1&PAGENO=53,"{""agdm"": ""002559"", ""agjc"": ""<a href='http://www.szse.cn/certificate/individual/index.html?code=002559' target='_blank'><u>亚威股份</u></a>"", ""agltgb"": ""5.11"", ""agssrq"": ""2011-03-03"", ""agzgb"": ""6.41"", ""bk"": ""主板"", ""gskzjglx"": ""-"", ""sfjybjqcy"": ""-"", ""sshymc"": ""C 制造业"", ""ylbz"": ""-""}",OFFICIAL_SZSE_BOARD_FIELD
SZSE,MAIN,A_SHARE,002560,通达股份,2011-03-03,https://www.szse.cn/api/report/ShowReport/data?SHOWTYPE=JSON&CATALOGID=1110&TABKEY=tab1&PAGENO=53,"{""agdm"": ""002560"", ""agjc"": ""<a href='http://www.szse.cn/certificate/individual/index.html?code=002560' target='_blank'><u>通达股份</u></a>"", ""agltgb"": ""6.33"", ""agssrq"": ""2011-03-03"", ""agzgb"": ""7.35"", ""bk"": ""主板"", ""gskzjglx"": ""-"", ""sfjybjqcy"": ""-"", ""sshymc"": ""C 制造业"", ""ylbz"": ""-""}",OFFICIAL_SZSE_BOARD_FIELD
SZSE,MAIN,A_SHARE,002561,徐家汇,2011-03-03,https://www.szse.cn/api/report/ShowReport/data?SHOWTYPE=JSON&CATALOGID=1110&TABKEY=tab1&PAGENO=53,"{""agdm"": ""002561"", ""agjc"": ""<a href='http://www.szse.cn/certificate/individual/index.html?code=002561' target='_blank'><u>徐家汇</u></a>"", ""agltgb"": ""4.14"", ""agssrq"": ""2011-03-03"", ""agzgb"": ""4.15"", ""bk"": ""主板"", ""gskzjglx"": ""-"", ""sfjybjqcy"": ""-"", ""sshymc"": ""F 批发零售"", ""ylbz"": ""-""}",OFFICIAL_SZSE_BOARD_FIELD
SZSE,MAIN,A_SHARE,002562,兄弟科技,2011-03-10,https://www.szse.cn/api/report/ShowReport/data?SHOWTYPE=JSON&CATALOGID=1110&TABKEY=tab1&PAGENO=53,"{""agdm"": ""002562"", ""agjc"": ""<a href='http://www.szse.cn/certificate/individual/index.html?code=002562' target='_blank'><u>兄弟科技</u></a>"", ""agltgb"": ""8.13"", ""agssrq"": ""2011-03-10"", ""agzgb"": ""11.42"", ""bk"": ""主板"", ""gskzjglx"": ""-"", ""sfjybjqcy"": ""-"", ""sshymc"": ""C 制造业"", ""ylbz"": ""-""}",OFFICIAL_SZSE_BOARD_FIELD
SZSE,MAIN,A_SHARE,002563,森马服饰,2011-03-11,https://www.szse.cn/api/report/ShowReport/data?SHOWTYPE=JSON&CATALOGID=1110&TABKEY=tab1&PAGENO=53,"{""agdm"": ""002563"", ""agjc"": ""<a href='http://www.szse.cn/certificate/individual/index.html?code=002563' target='_blank'><u>森马服饰</u></a>"", ""agltgb"": ""22.32"", ""agssrq"": ""2011-03-11"", ""agzgb"": ""26.94"", ""bk"": ""主板"", ""gskzjglx"": ""-"", ""sfjybjqcy"": ""-"", ""sshymc"": ""C 制造业"", ""ylbz"": ""-""}",OFFICIAL_SZSE_BOARD_FIELD
SZSE,MAIN,A_SHARE,002564,天沃科技,2011-03-10,https://www.szse.cn/api/report/ShowReport/data?SHOWTYPE=JSON&CATALOGID=1110&TABKEY=tab1&PAGENO=53,"{""agdm"": ""002564"", ""agjc"": ""<a href='http://www.szse.cn/certificate/individual/index.html?code=002564' target='_blank'><u>天沃科技</u></a>"", ""agltgb"": ""8.58"", ""agssrq"": ""2011-03-10"", ""agzgb"": ""8.58"", ""bk"": ""主板"", ""gskzjglx"": ""-"", ""sfjybjqcy"": ""-"", ""sshymc"": ""C 制造业"", ""ylbz"": ""-""}",OFFICIAL_SZSE_BOARD_FIELD
SZSE,MAIN,A_SHARE,002565,顺灏股份,2011-03-18,https://www.szse.cn/api/report/ShowReport/data?SHOWTYPE=JSON&CATALOGID=1110&TABKEY=tab1&PAGENO=53,"{""agdm"": ""002565"", ""agjc"": ""<a href='http://www.szse.cn/certificate/individual/index.html?code=002565' target='_blank'><u>顺灏股份</u></a>"", ""agltgb"": ""10.59"", ""agssrq"": ""2011-03-18"", ""agzgb"": ""10.59"", ""bk"": ""主板"", ""gskzjglx"": ""-"", ""sfjybjqcy"": ""-"", ""sshymc"": ""C 制造业"", ""ylbz"": ""-""}",OFFICIAL_SZSE_BOARD_FIELD
SZSE,MAIN,A_SHARE,002566,益盛药业,2011-03-18,https://www.szse.cn/api/report/ShowReport/data?SHOWTYPE=JSON&CATALOGID=1110&TABKEY=tab1&PAGENO=53,"{""agdm"": ""002566"", ""agjc"": ""<a href='http://www.szse.cn/certificate/individual/index.html?code=002566' target='_blank'><u>益盛药业</u></a>"", ""agltgb"": ""2.32"", ""agssrq"": ""2011-03-18"", ""agzgb"": ""3.30"", ""bk"": ""主板"", ""gskzjglx"": ""-"", ""sfjybjqcy"": ""-"", ""sshymc"": ""C 制造业"", ""ylbz"": ""-""}",OFFICIAL_SZSE_BOARD_FIELD
SZSE,MAIN,A_SHARE,002567,唐人神,2011-03-25,https://www.szse.cn/api/report/ShowReport/data?SHOWTYPE=JSON&CATALOGID=1110&TABKEY=tab1&PAGENO=54,"{""agdm"": ""002567"", ""agjc"": ""<a href='http://www.szse.cn/certificate/individual/index.html?code=002567' target='_blank'><u>唐人神</u></a>"", ""agltgb"": ""14.31"", ""agssrq"": ""2011-03-25"", ""agzgb"": ""14.33"", ""bk"": ""主板"", ""gskzjglx"": ""-"", ""sfjybjqcy"": ""-"", ""sshymc"": ""C 制造业"", ""ylbz"": ""-""}",OFFICIAL_SZSE_BOARD_FIELD
SZSE,MAIN,A_SHARE,002568,百润股份,2011-03-25,https://www.szse.cn/api/report/ShowReport/data?SHOWTYPE=JSON&CATALOGID=1110&TABKEY=tab1&PAGENO=54,"{""agdm"": ""002568"", ""agjc"": ""<a href='http://www.szse.cn/certificate/individual/index.html?code=002568' target='_blank'><u>百润股份</u></a>"", ""agltgb"": ""7.59"", ""agssrq"": ""2011-03-25"", ""agzgb"": ""10.41"", ""bk"": ""主板"", ""gskzjglx"": ""-"", ""sfjybjqcy"": ""-"", ""sshymc"": ""C 制造业"", ""ylbz"": ""-""}",OFFICIAL_SZSE_BOARD_FIELD
SZSE,MAIN,A_SHARE,002569,*ST步森,2011-04-12,https://www.szse.cn/api/report/ShowReport/data?SHOWTYPE=JSON&CATALOGID=1110&TABKEY=tab1&PAGENO=54,"{""agdm"": ""002569"", ""agjc"": ""<a href='http://www.szse.cn/certificate/individual/index.html?code=002569' target='_blank'><u>*ST步森</u></a>"", ""agltgb"": ""1.40"", ""agssrq"": ""2011-04-12"", ""agzgb"": ""1.44"", ""bk"": ""主板"", ""gskzjglx"": ""-"", ""sfjybjqcy"": ""-"", ""sshymc"": ""C 制造业"", ""ylbz"": ""-""}",OFFICIAL_SZSE_BOARD_FIELD
SZSE,MAIN,A_SHARE,002570,贝因美,2011-04-12,https://www.szse.cn/api/report/ShowReport/data?SHOWTYPE=JSON&CATALOGID=1110&TABKEY=tab1&PAGENO=54,"{""agdm"": ""002570"", ""agjc"": ""<a href='http://www.szse.cn/certificate/individual/index.html?code=002570' target='_blank'><u>贝因美</u></a>"", ""agltgb"": ""10.79"", ""agssrq"": ""2011-04-12"", ""agzgb"": ""10.80"", ""bk"": ""主板"", ""gskzjglx"": ""-"", ""sfjybjqcy"": ""-"", ""sshymc"": ""C 制造业"", ""ylbz"": ""-""}",OFFICIAL_SZSE_BOARD_FIELD
SZSE,MAIN,A_SHARE,002571,德力股份,2011-04-12,https://www.szse.cn/api/report/ShowReport/data?SHOWTYPE=JSON&CATALOGID=1110&TABKEY=tab1&PAGENO=54,"{""agdm"": ""002571"", ""agjc"": ""<a href='http://www.szse.cn/certificate/individual/index.html?code=002571' target='_blank'><u>德力股份</u></a>"", ""agltgb"": ""2.98"", ""agssrq"": ""2011-04-12"", ""agzgb"": ""3.91"", ""bk"": ""主板"", ""gskzjglx"": ""-"", ""sfjybjqcy"": ""-"", ""sshymc"": ""C 制造业"", ""ylbz"": ""-""}",OFFICIAL_SZSE_BOARD_FIELD
SZSE,MAIN,A_SHARE,002572,索菲亚,2011-04-12,https://www.szse.cn/api/report/ShowReport/data?SHOWTYPE=JSON&CATALOGID=1110&TABKEY=tab1&PAGENO=54,"{""agdm"": ""002572"", ""agjc"": ""<a href='http://www.szse.cn/certificate/individual/index.html?code=002572' target='_blank'><u>索菲亚</u></a>"", ""agltgb"": ""7.29"", ""agssrq"": ""2011-04-12"", ""agzgb"": ""9.63"", ""bk"": ""主板"", ""gskzjglx"": ""-"", ""sfjybjqcy"": ""-"", ""sshymc"": ""C 制造业"", ""ylbz"": ""-""}",OFFICIAL_SZSE_BOARD_FIELD
SZSE,MAIN,A_SHARE,002573,清新环境,2011-04-22,https://www.szse.cn/api/report/ShowReport/data?SHOWTYPE=JSON&CATALOGID=1110&TABKEY=tab1&PAGENO=54,"{""agdm"": ""002573"", ""agjc"": ""<a href='http://www.szse.cn/certificate/individual/index.html?code=002573' target='_blank'><u>清新环境</u></a>"", ""agltgb"": ""14.12"", ""agssrq"": ""2011-04-22"", ""agzgb"": ""14.15"", ""bk"": ""主板"", ""gskzjglx"": ""-"", ""sfjybjqcy"": ""-"", ""sshymc"": ""N 公共环保"", ""ylbz"": ""-""}",OFFICIAL_SZSE_BOARD_FIELD
SZSE,MAIN,A_SHARE,002574,明牌珠宝,2011-04-22,https://www.szse.cn/api/report/ShowReport/data?SHOWTYPE=JSON&CATALOGID=1110&TABKEY=tab1&PAGENO=54,"{""agdm"": ""002574"", ""agjc"": ""<a href='http://www.szse.cn/certificate/individual/index.html?code=002574' target='_blank'><u>明牌珠宝</u></a>"", ""agltgb"": ""5.28"", ""agssrq"": ""2011-04-22"", ""agzgb"": ""5.28"", ""bk"": ""主板"", ""gskzjglx"": ""-"", ""sfjybjqcy"": ""-"", ""sshymc"": ""C 制造业"", ""ylbz"": ""-""}",OFFICIAL_SZSE_BOARD_FIELD
SZSE,MAIN,A_SHARE,002575,群兴玩具,2011-04-22,https://www.szse.cn/api/report/ShowReport/data?SHOWTYPE=JSON&CATALOGID=1110&TABKEY=tab1&PAGENO=54,"{""agdm"": ""002575"", ""agjc"": ""<a href='http://www.szse.cn/certificate/individual/index.html?code=002575' target='_blank'><u>群兴玩具</u></a>"", ""agltgb"": ""5.84"", ""agssrq"": ""2011-04-22"", ""agzgb"": ""6.16"", ""bk"": ""主板"", ""gskzjglx"": ""-"", ""sfjybjqcy"": ""-"", ""sshymc"": ""F 批发零售"", ""ylbz"": ""-""}",OFFICIAL_SZSE_BOARD_FIELD
SZSE,MAIN,A_SHARE,002576,通达动力,2011-04-28,https://www.szse.cn/api/report/ShowReport/data?SHOWTYPE=JSON&CATALOGID=1110&TABKEY=tab1&PAGENO=54,"{""agdm"": ""002576"", ""agjc"": ""<a href='http://www.szse.cn/certificate/individual/index.html?code=002576' target='_blank'><u>通达动力</u></a>"", ""agltgb"": ""1.62"", ""agssrq"": ""2011-04-28"", ""agzgb"": ""1.65"", ""bk"": ""主板"", ""gskzjglx"": ""-"", ""sfjybjqcy"": ""-"", ""sshymc"": ""C 制造业"", ""ylbz"": ""-""}",OFFICIAL_SZSE_BOARD_FIELD
SZSE,MAIN,A_SHARE,002577,雷柏科技,2011-04-28,https://www.szse.cn/api/report/ShowReport/data?SHOWTYPE=JSON&CATALOGID=1110&TABKEY=tab1&PAGENO=54,"{""agdm"": ""002577"", ""agjc"": ""<a href='http://www.szse.cn/certificate/individual/index.html?code=002577' target='_blank'><u>雷柏科技</u></a>"", ""agltgb"": ""2.80"", ""agssrq"": ""2011-04-28"", ""agzgb"": ""2.80"", ""bk"": ""主板"", ""gskzjglx"": ""-"", ""sfjybjqcy"": ""-"", ""sshymc"": ""C 制造业"", ""ylbz"": ""-""}",OFFICIAL_SZSE_BOARD_FIELD
SZSE,MAIN,A_SHARE,002578,闽发铝业,2011-04-28,https://www.szse.cn/api/report/ShowReport/data?SHOWTYPE=JSON&CATALOGID=1110&TABKEY=tab1&PAGENO=54,"{""agdm"": ""002578"", ""agjc"": ""<a href='http://www.szse.cn/certificate/individual/index.html?code=002578' target='_blank'><u>闽发铝业</u></a>"", ""agltgb"": ""8.61"", ""agssrq"": ""2011-04-28"", ""agzgb"": ""9.38"", ""bk"": ""主板"", ""gskzjglx"": ""-"", ""sfjybjqcy"": ""-"", ""sshymc"": ""C 制造业"", ""ylbz"": ""-""}",OFFICIAL_SZSE_BOARD_FIELD
SZSE,MAIN,A_SHARE,002579,中京电子,2011-05-06,https://www.szse.cn/api/report/ShowReport/data?SHOWTYPE=JSON&CATALOGID=1110&TABKEY=tab1&PAGENO=54,"{""agdm"": ""002579"", ""agjc"": ""<a href='http://www.szse.cn/certificate/individual/index.html?code=002579' target='_blank'><u>中京电子</u></a>"", ""agltgb"": ""5.83"", ""agssrq"": ""2011-05-06"", ""agzgb"": ""6.12"", ""bk"": ""主板"", ""gskzjglx"": ""-"", ""sfjybjqcy"": ""-"", ""sshymc"": ""C 制造业"", ""ylbz"": ""-""}",OFFICIAL_SZSE_BOARD_FIELD
SZSE,MAIN,A_SHARE,002580,圣阳股份,2011-05-06,https://www.szse.cn/api/report/ShowReport/data?SHOWTYPE=JSON&CATALOGID=1110&TABKEY=tab1&PAGENO=54,"{""agdm"": ""002580"", ""agjc"": ""<a href='http://www.szse.cn/certificate/individual/index.html?code=002580' target='_blank'><u>圣阳股份</u></a>"", ""agltgb"": ""4.52"", ""agssrq"": ""2011-05-06"", ""agzgb"": ""4.53"", ""bk"": ""主板"", ""gskzjglx"": ""-"", ""sfjybjqcy"": ""-"", ""sshymc"": ""C 制造业"", ""ylbz"": ""-""}",OFFICIAL_SZSE_BOARD_FIELD
SZSE,MAIN,A_SHARE,002581,*ST未名,2011-05-20,https://www.szse.cn/api/report/ShowReport/data?SHOWTYPE=JSON&CATALOGID=1110&TABKEY=tab1&PAGENO=54,"{""agdm"": ""002581"", ""agjc"": ""<a href='http://www.szse.cn/certificate/individual/index.html?code=002581' target='_blank'><u>*ST未名</u></a>"", ""agltgb"": ""4.00"", ""agssrq"": ""2011-05-20"", ""agzgb"": ""6.59"", ""bk"": ""主板"", ""gskzjglx"": ""-"", ""sfjybjqcy"": ""-"", ""sshymc"": ""C 制造业"", ""ylbz"": ""-""}",OFFICIAL_SZSE_BOARD_FIELD
SZSE,MAIN,A_SHARE,002582,好想你,2011-05-20,https://www.szse.cn/api/report/ShowReport/data?SHOWTYPE=JSON&CATALOGID=1110&TABKEY=tab1&PAGENO=54,"{""agdm"": ""002582"", ""agjc"": ""<a href='http://www.szse.cn/certificate/individual/index.html?code=002582' target='_blank'><u>好想你</u></a>"", ""agltgb"": ""3.44"", ""agssrq"": ""2011-05-20"", ""agzgb"": ""4.47"", ""bk"": ""主板"", ""gskzjglx"": ""-"", ""sfjybjqcy"": ""-"", ""sshymc"": ""C 制造业"", ""ylbz"": ""-""}",OFFICIAL_SZSE_BOARD_FIELD
SZSE,MAIN,A_SHARE,002583,海能达,2011-05-27,https://www.szse.cn/api/report/ShowReport/data?SHOWTYPE=JSON&CATALOGID=1110&TABKEY=tab1&PAGENO=54,"{""agdm"": ""002583"", ""agjc"": ""<a href='http://www.szse.cn/certificate/individual/index.html?code=002583' target='_blank'><u>海能达</u></a>"", ""agltgb"": ""12.83"", ""agssrq"": ""2011-05-27"", ""agzgb"": ""18.18"", ""bk"": ""主板"", ""gskzjglx"": ""-"", ""sfjybjqcy"": ""-"", ""sshymc"": ""C 制造业"", ""ylbz"": ""-""}",OFFICIAL_SZSE_BOARD_FIELD
SZSE,MAIN,A_SHARE,002584,西陇科学,2011-06-02,https://www.szse.cn/api/report/ShowReport/data?SHOWTYPE=JSON&CATALOGID=1110&TABKEY=tab1&PAGENO=54,"{""agdm"": ""002584"", ""agjc"": ""<a href='http://www.szse.cn/certificate/individual/index.html?code=002584' target='_blank'><u>西陇科学</u></a>"", ""agltgb"": ""4.81"", ""agssrq"": ""2011-06-02"", ""agzgb"": ""5.85"", ""bk"": ""主板"", ""gskzjglx"": ""-"", ""sfjybjqcy"": ""-"", ""sshymc"": ""C 制造业"", ""ylbz"": ""-""}",OFFICIAL_SZSE_BOARD_FIELD
SZSE,MAIN,A_SHARE,002585,双星新材,2011-06-02,https://www.szse.cn/api/report/ShowReport/data?SHOWTYPE=JSON&CATALOGID=1110&TABKEY=tab1&PAGENO=54,"{""agdm"": ""002585"", ""agjc"": ""<a href='http://www.szse.cn/certificate/individual/index.html?code=002585' target='_blank'><u>双星新材</u></a>"", ""agltgb"": ""8.86"", ""agssrq"": ""2011-06-02"", ""agzgb"": ""11.41"", ""bk"": ""主板"", ""gskzjglx"": ""-"", ""sfjybjqcy"": ""-"", ""sshymc"": ""C 制造业"", ""ylbz"": ""-""}",OFFICIAL_SZSE_BOARD_FIELD
SZSE,MAIN,A_SHARE,002586,ST围海,2011-06-02,https://www.szse.cn/api/report/ShowReport/data?SHOWTYPE=JSON&CATALOGID=1110&TABKEY=tab1&PAGENO=54,"{""agdm"": ""002586"", ""agjc"": ""<a href='http://www.szse.cn/certificate/individual/index.html?code=002586' target='_blank'><u>ST围海</u></a>"", ""agltgb"": ""10.87"", ""agssrq"": ""2011-06-02"", ""agzgb"": ""11.44"", ""bk"": ""主板"", ""gskzjglx"": ""-"", ""sfjybjqcy"": ""-"", ""sshymc"": ""E 建筑业"", ""ylbz"": ""-""}",OFFICIAL_SZSE_BOARD_FIELD
SZSE,MAIN,A_SHARE,002587,奥拓电子,2011-06-10,https://www.szse.cn/api/report/ShowReport/data?SHOWTYPE=JSON&CATALOGID=1110&TABKEY=tab1&PAGENO=55,"{""agdm"": ""002587"", ""agjc"": ""<a href='http://www.szse.cn/certificate/individual/index.html?code=002587' target='_blank'><u>奥拓电子</u></a>"", ""agltgb"": ""5.32"", ""agssrq"": ""2011-06-10"", ""agzgb"": ""6.54"", ""bk"": ""主板"", ""gskzjglx"": ""-"", ""sfjybjqcy"": ""-"", ""sshymc"": ""C 制造业"", ""ylbz"": ""-""}",OFFICIAL_SZSE_BOARD_FIELD
SZSE,MAIN,A_SHARE,002588,史丹利,2011-06-10,https://www.szse.cn/api/report/ShowReport/data?SHOWTYPE=JSON&CATALOGID=1110&TABKEY=tab1&PAGENO=55,"{""agdm"": ""002588"", ""agjc"": ""<a href='http://www.szse.cn/certificate/individual/index.html?code=002588' target='_blank'><u>史丹利</u></a>"", ""agltgb"": ""8.58"", ""agssrq"": ""2011-06-10"", ""agzgb"": ""11.51"", ""bk"": ""主板"", ""gskzjglx"": ""-"", ""sfjybjqcy"": ""-"", ""sshymc"": ""C 制造业"", ""ylbz"": ""-""}",OFFICIAL_SZSE_BOARD_FIELD
SZSE,MAIN,A_SHARE,002589,瑞康医药,2011-06-10,https://www.szse.cn/api/report/ShowReport/data?SHOWTYPE=JSON&CATALOGID=1110&TABKEY=tab1&PAGENO=55,"{""agdm"": ""002589"", ""agjc"": ""<a href='http://www.szse.cn/certificate/individual/index.html?code=002589' target='_blank'><u>瑞康医药</u></a>"", ""agltgb"": ""13.65"", ""agssrq"": ""2011-06-10"", ""agzgb"": ""15.04"", ""bk"": ""主板"", ""gskzjglx"": ""-"", ""sfjybjqcy"": ""-"", ""sshymc"": ""F 批发零售"", ""ylbz"": ""-""}",OFFICIAL_SZSE_BOARD_FIELD
SZSE,MAIN,A_SHARE,002590,万安科技,2011-06-10,https://www.szse.cn/api/report/ShowReport/data?SHOWTYPE=JSON&CATALOGID=1110&TABKEY=tab1&PAGENO=55,"{""agdm"": ""002590"", ""agjc"": ""<a href='http://www.szse.cn/certificate/individual/index.html?code=002590' target='_blank'><u>万安科技</u></a>"", ""agltgb"": ""4.94"", ""agssrq"": ""2011-06-10"", ""agzgb"": ""5.19"", ""bk"": ""主板"", ""gskzjglx"": ""-"", ""sfjybjqcy"": ""-"", ""sshymc"": ""C 制造业"", ""ylbz"": ""-""}",OFFICIAL_SZSE_BOARD_FIELD
SZSE,MAIN,A_SHARE,002591,恒大高新,2011-06-21,https://www.szse.cn/api/report/ShowReport/data?SHOWTYPE=JSON&CATALOGID=1110&TABKEY=tab1&PAGENO=55,"{""agdm"": ""002591"", ""agjc"": ""<a href='http://www.szse.cn/certificate/individual/index.html?code=002591' target='_blank'><u>恒大高新</u></a>"", ""agltgb"": ""2.23"", ""agssrq"": ""2011-06-21"", ""agzgb"": ""3.00"", ""bk"": ""主板"", ""gskzjglx"": ""-"", ""sfjybjqcy"": ""-"", ""sshymc"": ""C 制造业"", ""ylbz"": ""-""}",OFFICIAL_SZSE_BOARD_FIELD
SZSE,MAIN,A_SHARE,002592,ST八菱,2011-11-11,https://www.szse.cn/api/report/ShowReport/data?SHOWTYPE=JSON&CATALOGID=1110&TABKEY=tab1&PAGENO=55,"{""agdm"": ""002592"", ""agjc"": ""<a href='http://www.szse.cn/certificate/individual/index.html?code=002592' target='_blank'><u>ST八菱</u></a>"", ""agltgb"": ""2.62"", ""agssrq"": ""2011-11-11"", ""agzgb"": ""2.84"", ""bk"": ""主板"", ""gskzjglx"": ""-"", ""sfjybjqcy"": ""-"", ""sshymc"": ""C 制造业"", ""ylbz"": ""-""}",OFFICIAL_SZSE_BOARD_FIELD
SZSE,MAIN,A_SHARE,002593,日上集团,2011-06-28,https://www.szse.cn/api/report/ShowReport/data?SHOWTYPE=JSON&CATALOGID=1110&TABKEY=tab1&PAGENO=55,"{""agdm"": ""002593"", ""agjc"": ""<a href='http://www.szse.cn/certificate/individual/index.html?code=002593' target='_blank'><u>日上集团</u></a>"", ""agltgb"": ""5.60"", ""agssrq"": ""2011-06-28"", ""agzgb"": ""8.03"", ""bk"": ""主板"", ""gskzjglx"": ""-"", ""sfjybjqcy"": ""-"", ""sshymc"": ""C 制造业"", ""ylbz"": ""-""}",OFFICIAL_SZSE_BOARD_FIELD
SZSE,MAIN,A_SHARE,002594,比亚迪,2011-06-30,https://www.szse.cn/api/report/ShowReport/data?SHOWTYPE=JSON&CATALOGID=1110&TABKEY=tab1&PAGENO=55,"{""agdm"": ""002594"", ""agjc"": ""<a href='http://www.szse.cn/certificate/individual/index.html?code=002594' target='_blank'><u>比亚迪</u></a>"", ""agltgb"": ""34.87"", ""agssrq"": ""2011-06-30"", ""agzgb"": ""54.33"", ""bk"": ""主板"", ""gskzjglx"": ""-"", ""sfjybjqcy"": ""-"", ""sshymc"": ""C 制造业"", ""ylbz"": ""-""}",OFFICIAL_SZSE_BOARD_FIELD
SZSE,MAIN,A_SHARE,002595,豪迈科技,2011-06-28,https://www.szse.cn/api/report/ShowReport/data?SHOWTYPE=JSON&CATALOGID=1110&TABKEY=tab1&PAGENO=55,"{""agdm"": ""002595"", ""agjc"": ""<a href='http://www.szse.cn/certificate/individual/index.html?code=002595' target='_blank'><u>豪迈科技</u></a>"", ""agltgb"": ""11.52"", ""agssrq"": ""2011-06-28"", ""agzgb"": ""11.60"", ""bk"": ""主板"", ""gskzjglx"": ""-"", ""sfjybjqcy"": ""-"", ""sshymc"": ""C 制造业"", ""ylbz"": ""-""}",OFFICIAL_SZSE_BOARD_FIELD
SZSE,MAIN,A_SHARE,002596,海南瑞泽,2011-07-07,https://www.szse.cn/api/report/ShowReport/data?SHOWTYPE=JSON&CATALOGID=1110&TABKEY=tab1&PAGENO=55,"{""agdm"": ""002596"", ""agjc"": ""<a href='http://www.szse.cn/certificate/individual/index.html?code=002596' target='_blank'><u>海南瑞泽</u></a>"", ""agltgb"": ""11.46"", ""agssrq"": ""2011-07-07"", ""agzgb"": ""11.47"", ""bk"": ""主板"", ""gskzjglx"": ""-"", ""sfjybjqcy"": ""-"", ""sshymc"": ""C 制造业"", ""ylbz"": ""-""}",OFFICIAL_SZSE_BOARD_FIELD
SZSE,MAIN,A_SHARE,002597,金禾实业,2011-07-07,https://www.szse.cn/api/report/ShowReport/data?SHOWTYPE=JSON&CATALOGID=1110&TABKEY=tab1&PAGENO=55,"{""agdm"": ""002597"", ""agjc"": ""<a href='http://www.szse.cn/certificate/individual/index.html?code=002597' target='_blank'><u>金禾实业</u></a>"", ""agltgb"": ""5.65"", ""agssrq"": ""2011-07-07"", ""agzgb"": ""5.68"", ""bk"": ""主板"", ""gskzjglx"": ""-"", ""sfjybjqcy"": ""-"", ""sshymc"": ""C 制造业"", ""ylbz"": ""-""}",OFFICIAL_SZSE_BOARD_FIELD
SZSE,MAIN,A_SHARE,002598,ST章鼓,2011-07-07,https://www.szse.cn/api/report/ShowReport/data?SHOWTYPE=JSON&CATALOGID=1110&TABKEY=tab1&PAGENO=55,"{""agdm"": ""002598"", ""agjc"": ""<a href='http://www.szse.cn/certificate/individual/index.html?code=002598' target='_blank'><u>ST章鼓</u></a>"", ""agltgb"": ""2.86"", ""agssrq"": ""2011-07-07"", ""agzgb"": ""3.12"", ""bk"": ""主板"", ""gskzjglx"": ""-"", ""sfjybjqcy"": ""-"", ""sshymc"": ""C 制造业"", ""ylbz"": ""-""}",OFFICIAL_SZSE_BOARD_FIELD
SZSE,MAIN,A_SHARE,002599,盛通股份,2011-07-15,https://www.szse.cn/api/report/ShowReport/data?SHOWTYPE=JSON&CATALOGID=1110&TABKEY=tab1&PAGENO=55,"{""agdm"": ""002599"", ""agjc"": ""<a href='http://www.szse.cn/certificate/individual/index.html?code=002599' target='_blank'><u>盛通股份</u></a>"", ""agltgb"": ""4.13"", ""agssrq"": ""2011-07-15"", ""agzgb"": ""5.40"", ""bk"": ""主板"", ""gskzjglx"": ""-"", ""sfjybjqcy"": ""-"", ""sshymc"": ""C 制造业"", ""ylbz"": ""-""}",OFFICIAL_SZSE_BOARD_FIELD
SZSE,MAIN,A_SHARE,002600,领益智造,2011-07-15,https://www.szse.cn/api/report/ShowReport/data?SHOWTYPE=JSON&CATALOGID=1110&TABKEY=tab1&PAGENO=55,"{""agdm"": ""002600"", ""agjc"": ""<a href='http://www.szse.cn/certificate/individual/index.html?code=002600' target='_blank'><u>领益智造</u></a>"", ""agltgb"": ""71.99"", ""agssrq"": ""2011-07-15"", ""agzgb"": ""73.08"", ""bk"": ""主板"", ""gskzjglx"": ""-"", ""sfjybjqcy"": ""-"", ""sshymc"": ""C 制造业"", ""ylbz"": ""-""}",OFFICIAL_SZSE_BOARD_FIELD
SZSE,MAIN,A_SHARE,002601,龙佰集团,2011-07-15,https://www.szse.cn/api/report/ShowReport/data?SHOWTYPE=JSON&CATALOGID=1110&TABKEY=tab1&PAGENO=55,"{""agdm"": ""002601"", ""agjc"": ""<a href='http://www.szse.cn/certificate/individual/index.html?code=002601' target='_blank'><u>龙佰集团</u></a>"", ""agltgb"": ""19.79"", ""agssrq"": ""2011-07-15"", ""agzgb"": ""23.84"", ""bk"": ""主板"", ""gskzjglx"": ""-"", ""sfjybjqcy"": ""-"", ""sshymc"": ""C 制造业"", ""ylbz"": ""-""}",OFFICIAL_SZSE_BOARD_FIELD
SZSE,MAIN,A_SHARE,002602,世纪华通,2011-07-28,https://www.szse.cn/api/report/ShowReport/data?SHOWTYPE=JSON&CATALOGID=1110&TABKEY=tab1&PAGENO=55,"{""agdm"": ""002602"", ""agjc"": ""<a href='http://www.szse.cn/certificate/individual/index.html?code=002602' target='_blank'><u>世纪华通</u></a>"", ""agltgb"": ""67.96"", ""agssrq"": ""2011-07-28"", ""agzgb"": ""73.70"", ""bk"": ""主板"", ""gskzjglx"": ""-"", ""sfjybjqcy"": ""-"", ""sshymc"": ""I 信息技术"", ""ylbz"": ""-""}",OFFICIAL_SZSE_BOARD_FIELD
SZSE,MAIN,A_SHARE,002603,以岭药业,2011-07-28,https://www.szse.cn/api/report/ShowReport/data?SHOWTYPE=JSON&CATALOGID=1110&TABKEY=tab1&PAGENO=55,"{""agdm"": ""002603"", ""agjc"": ""<a href='http://www.szse.cn/certificate/individual/index.html?code=002603' target='_blank'><u>以岭药业</u></a>"", ""agltgb"": ""13.76"", ""agssrq"": ""2011-07-28"", ""agzgb"": ""16.70"", ""bk"": ""主板"", ""gskzjglx"": ""-"", ""sfjybjqcy"": ""-"", ""sshymc"": ""C 制造业"", ""ylbz"": ""-""}",OFFICIAL_SZSE_BOARD_FIELD
SZSE,MAIN,A_SHARE,002605,姚记科技,2011-08-05,https://www.szse.cn/api/report/ShowReport/data?SHOWTYPE=JSON&CATALOGID=1110&TABKEY=tab1&PAGENO=55,"{""agdm"": ""002605"", ""agjc"": ""<a href='http://www.szse.cn/certificate/individual/index.html?code=002605' target='_blank'><u>姚记科技</u></a>"", ""agltgb"": ""3.38"", ""agssrq"": ""2011-08-05"", ""agzgb"": ""4.17"", ""bk"": ""主板"", ""gskzjglx"": ""-"", ""sfjybjqcy"": ""-"", ""sshymc"": ""I 信息技术"", ""ylbz"": ""-""}",OFFICIAL_SZSE_BOARD_FIELD
SZSE,MAIN,A_SHARE,002606,大连电瓷,2011-08-05,https://www.szse.cn/api/report/ShowReport/data?SHOWTYPE=JSON&CATALOGID=1110&TABKEY=tab1&PAGENO=55,"{""agdm"": ""002606"", ""agjc"": ""<a href='http://www.szse.cn/certificate/individual/index.html?code=002606' target='_blank'><u>大连电瓷</u></a>"", ""agltgb"": ""4.21"", ""agssrq"": ""2011-08-05"", ""agzgb"": ""4.39"", ""bk"": ""主板"", ""gskzjglx"": ""-"", ""sfjybjqcy"": ""-"", ""sshymc"": ""C 制造业"", ""ylbz"": ""-""}",OFFICIAL_SZSE_BOARD_FIELD
SZSE,MAIN,A_SHARE,002607,中公教育,2011-08-10,https://www.szse.cn/api/report/ShowReport/data?SHOWTYPE=JSON&CATALOGID=1110&TABKEY=tab1&PAGENO=55,"{""agdm"": ""002607"", ""agjc"": ""<a href='http://www.szse.cn/certificate/individual/index.html?code=002607' target='_blank'><u>中公教育</u></a>"", ""agltgb"": ""57.20"", ""agssrq"": ""2011-08-10"", ""agzgb"": ""61.67"", ""bk"": ""主板"", ""gskzjglx"": ""-"", ""sfjybjqcy"": ""-"", ""sshymc"": ""P 教育"", ""ylbz"": ""-""}",OFFICIAL_SZSE_BOARD_FIELD
SZSE,MAIN,A_SHARE,002608,江苏国信,2011-08-10,https://www.szse.cn/api/report/ShowReport/data?SHOWTYPE=JSON&CATALOGID=1110&TABKEY=tab1&PAGENO=56,"{""agdm"": ""002608"", ""agjc"": ""<a href='http://www.szse.cn/certificate/individual/index.html?code=002608' target='_blank'><u>江苏国信</u></a>"", ""agltgb"": ""37.78"", ""agssrq"": ""2011-08-10"", ""agzgb"": ""37.78"", ""bk"": ""主板"", ""gskzjglx"": ""-"", ""sfjybjqcy"": ""-"", ""sshymc"": ""D 水电煤气"", ""ylbz"": ""-""}",OFFICIAL_SZSE_BOARD_FIELD
SZSE,MAIN,A_SHARE,002609,捷顺科技,2011-08-15,https://www.szse.cn/api/report/ShowReport/data?SHOWTYPE=JSON&CATALOGID=1110&TABKEY=tab1&PAGENO=56,"{""agdm"": ""002609"", ""agjc"": ""<a href='http://www.szse.cn/certificate/individual/index.html?code=002609' target='_blank'><u>捷顺科技</u></a>"", ""agltgb"": ""4.59"", ""agssrq"": ""2011-08-15"", ""agzgb"": ""6.43"", ""bk"": ""主板"", ""gskzjglx"": ""-"", ""sfjybjqcy"": ""-"", ""sshymc"": ""I 信息技术"", ""ylbz"": ""-""}",OFFICIAL_SZSE_BOARD_FIELD
SZSE,MAIN,A_SHARE,002611,东方精工,2011-08-30,https://www.szse.cn/api/report/ShowReport/data?SHOWTYPE=JSON&CATALOGID=1110&TABKEY=tab1&PAGENO=56,"{""agdm"": ""002611"", ""agjc"": ""<a href='http://www.szse.cn/certificate/individual/index.html?code=002611' target='_blank'><u>东方精工</u></a>"", ""agltgb"": ""10.03"", ""agssrq"": ""2011-08-30"", ""agzgb"": ""12.17"", ""bk"": ""主板"", ""gskzjglx"": ""-"", ""sfjybjqcy"": ""-"", ""sshymc"": ""C 制造业"", ""ylbz"": ""-""}",OFFICIAL_SZSE_BOARD_FIELD
SZSE,MAIN,A_SHARE,002612,朗姿股份,2011-08-30,https://www.szse.cn/api/report/ShowReport/data?SHOWTYPE=JSON&CATALOGID=1110&TABKEY=tab1&PAGENO=56,"{""agdm"": ""002612"", ""agjc"": ""<a href='http://www.szse.cn/certificate/individual/index.html?code=002612' target='_blank'><u>朗姿股份</u></a>"", ""agltgb"": ""2.61"", ""agssrq"": ""2011-08-30"", ""agzgb"": ""4.42"", ""bk"": ""主板"", ""gskzjglx"": ""-"", ""sfjybjqcy"": ""-"", ""sshymc"": ""C 制造业"", ""ylbz"": ""-""}",OFFICIAL_SZSE_BOARD_FIELD
SZSE,MAIN,A_SHARE,002613,北玻股份,2011-08-30,https://www.szse.cn/api/report/ShowReport/data?SHOWTYPE=JSON&CATALOGID=1110&TABKEY=tab1&PAGENO=56,"{""agdm"": ""002613"", ""agjc"": ""<a href='http://www.szse.cn/certificate/individual/index.html?code=002613' target='_blank'><u>北玻股份</u></a>"", ""agltgb"": ""7.73"", ""agssrq"": ""2011-08-30"", ""agzgb"": ""11.00"", ""bk"": ""主板"", ""gskzjglx"": ""-"", ""sfjybjqcy"": ""-"", ""sshymc"": ""C 制造业"", ""ylbz"": ""-""}",OFFICIAL_SZSE_BOARD_FIELD
SZSE,MAIN,A_SHARE,002614,奥佳华,2011-09-09,https://www.szse.cn/api/report/ShowReport/data?SHOWTYPE=JSON&CATALOGID=1110&TABKEY=tab1&PAGENO=56,"{""agdm"": ""002614"", ""agjc"": ""<a href='http://www.szse.cn/certificate/individual/index.html?code=002614' target='_blank'><u>奥佳华</u></a>"", ""agltgb"": ""4.41"", ""agssrq"": ""2011-09-09"", ""agzgb"": ""6.23"", ""bk"": ""主板"", ""gskzjglx"": ""-"", ""sfjybjqcy"": ""-"", ""sshymc"": ""C 制造业"", ""ylbz"": ""-""}",OFFICIAL_SZSE_BOARD_FIELD
SZSE,MAIN,A_SHARE,002615,哈尔斯,2011-09-09,https://www.szse.cn/api/report/ShowReport/data?SHOWTYPE=JSON&CATALOGID=1110&TABKEY=tab1&PAGENO=56,"{""agdm"": ""002615"", ""agjc"": ""<a href='http://www.szse.cn/certificate/individual/index.html?code=002615' target='_blank'><u>哈尔斯</u></a>"", ""agltgb"": ""3.01"", ""agssrq"": ""2011-09-09"", ""agzgb"": ""5.59"", ""bk"": ""主板"", ""gskzjglx"": ""-"", ""sfjybjqcy"": ""-"", ""sshymc"": ""C 制造业"", ""ylbz"": ""-""}",OFFICIAL_SZSE_BOARD_FIELD
SZSE,MAIN,A_SHARE,002616,长青集团,2011-09-20,https://www.szse.cn/api/report/ShowReport/data?SHOWTYPE=JSON&CATALOGID=1110&TABKEY=tab1&PAGENO=56,"{""agdm"": ""002616"", ""agjc"": ""<a href='http://www.szse.cn/certificate/individual/index.html?code=002616' target='_blank'><u>长青集团</u></a>"", ""agltgb"": ""5.87"", ""agssrq"": ""2011-09-20"", ""agzgb"": ""8.59"", ""bk"": ""主板"", ""gskzjglx"": ""-"", ""sfjybjqcy"": ""-"", ""sshymc"": ""N 公共环保"", ""ylbz"": ""-""}",OFFICIAL_SZSE_BOARD_FIELD
SZSE,MAIN,A_SHARE,002617,露笑科技,2011-09-20,https://www.szse.cn/api/report/ShowReport/data?SHOWTYPE=JSON&CATALOGID=1110&TABKEY=tab1&PAGENO=56,"{""agdm"": ""002617"", ""agjc"": ""<a href='http://www.szse.cn/certificate/individual/index.html?code=002617' target='_blank'><u>露笑科技</u></a>"", ""agltgb"": ""18.77"", ""agssrq"": ""2011-09-20"", ""agzgb"": ""19.09"", ""bk"": ""主板"", ""gskzjglx"": ""-"", ""sfjybjqcy"": ""-"", ""sshymc"": ""C 制造业"", ""ylbz"": ""-""}",OFFICIAL_SZSE_BOARD_FIELD
SZSE,MAIN,A_SHARE,002620,*ST瑞和,2011-09-29,https://www.szse.cn/api/report/ShowReport/data?SHOWTYPE=JSON&CATALOGID=1110&TABKEY=tab1&PAGENO=56,"{""agdm"": ""002620"", ""agjc"": ""<a href='http://www.szse.cn/certificate/individual/index.html?code=002620' target='_blank'><u>*ST瑞和</u></a>"", ""agltgb"": ""3.16"", ""agssrq"": ""2011-09-29"", ""agzgb"": ""3.77"", ""bk"": ""主板"", ""gskzjglx"": ""-"", ""sfjybjqcy"": ""-"", ""sshymc"": ""E 建筑业"", ""ylbz"": ""-""}",OFFICIAL_SZSE_BOARD_FIELD
SZSE,MAIN,A_SHARE,002622,皓宸医疗,2011-10-18,https://www.szse.cn/api/report/ShowReport/data?SHOWTYPE=JSON&CATALOGID=1110&TABKEY=tab1&PAGENO=56,"{""agdm"": ""002622"", ""agjc"": ""<a href='http://www.szse.cn/certificate/individual/index.html?code=002622' target='_blank'><u>皓宸医疗</u></a>"", ""agltgb"": ""8.39"", ""agssrq"": ""2011-10-18"", ""agzgb"": ""8.40"", ""bk"": ""主板"", ""gskzjglx"": ""-"", ""sfjybjqcy"": ""-"", ""sshymc"": ""Q 卫生"", ""ylbz"": ""-""}",OFFICIAL_SZSE_BOARD_FIELD
SZSE,MAIN,A_SHARE,002623,亚玛顿,2011-10-13,https://www.szse.cn/api/report/ShowReport/data?SHOWTYPE=JSON&CATALOGID=1110&TABKEY=tab1&PAGENO=56,"{""agdm"": ""002623"", ""agjc"": ""<a href='http://www.szse.cn/certificate/individual/index.html?code=002623' target='_blank'><u>亚玛顿</u></a>"", ""agltgb"": ""1.92"", ""agssrq"": ""2011-10-13"", ""agzgb"": ""1.93"", ""bk"": ""主板"", ""gskzjglx"": ""-"", ""sfjybjqcy"": ""-"", ""sshymc"": ""C 制造业"", ""ylbz"": ""-""}",OFFICIAL_SZSE_BOARD_FIELD
SZSE,MAIN,A_SHARE,002624,完美世界,2011-10-28,https://www.szse.cn/api/report/ShowReport/data?SHOWTYPE=JSON&CATALOGID=1110&TABKEY=tab1&PAGENO=56,"{""agdm"": ""002624"", ""agjc"": ""<a href='http://www.szse.cn/certificate/individual/index.html?code=002624' target='_blank'><u>完美世界</u></a>"", ""agltgb"": ""18.27"", ""agssrq"": ""2011-10-28"", ""agzgb"": ""19.39"", ""bk"": ""主板"", ""gskzjglx"": ""-"", ""sfjybjqcy"": ""-"", ""sshymc"": ""I 信息技术"", ""ylbz"": ""-""}",OFFICIAL_SZSE_BOARD_FIELD
SZSE,MAIN,A_SHARE,002625,光启技术,2011-11-03,https://www.szse.cn/api/report/ShowReport/data?SHOWTYPE=JSON&CATALOGID=1110&TABKEY=tab1&PAGENO=56,"{""agdm"": ""002625"", ""agjc"": ""<a href='http://www.szse.cn/certificate/individual/index.html?code=002625' target='_blank'><u>光启技术</u></a>"", ""agltgb"": ""21.54"", ""agssrq"": ""2011-11-03"", ""agzgb"": ""21.54"", ""bk"": ""主板"", ""gskzjglx"": ""-"", ""sfjybjqcy"": ""-"", ""sshymc"": ""C 制造业"", ""ylbz"": ""-""}",OFFICIAL_SZSE_BOARD_FIELD
SZSE,MAIN,A_SHARE,002626,金达威,2011-10-28,https://www.szse.cn/api/report/ShowReport/data?SHOWTYPE=JSON&CATALOGID=1110&TABKEY=tab1&PAGENO=56,"{""agdm"": ""002626"", ""agjc"": ""<a href='http://www.szse.cn/certificate/individual/index.html?code=002626' target='_blank'><u>金达威</u></a>"", ""agltgb"": ""6.09"", ""agssrq"": ""2011-10-28"", ""agzgb"": ""6.09"", ""bk"": ""主板"", ""gskzjglx"": ""-"", ""sfjybjqcy"": ""-"", ""sshymc"": ""C 制造业"", ""ylbz"": ""-""}",OFFICIAL_SZSE_BOARD_FIELD
SZSE,MAIN,A_SHARE,002627,三峡旅游,2011-11-03,https://www.szse.cn/api/report/ShowReport/data?SHOWTYPE=JSON&CATALOGID=1110&TABKEY=tab1&PAGENO=56,"{""agdm"": ""002627"", ""agjc"": ""<a href='http://www.szse.cn/certificate/individual/index.html?code=002627' target='_blank'><u>三峡旅游</u></a>"", ""agltgb"": ""6.98"", ""agssrq"": ""2011-11-03"", ""agzgb"": ""7.05"", ""bk"": ""主板"", ""gskzjglx"": ""-"", ""sfjybjqcy"": ""-"", ""sshymc"": ""N 公共环保"", ""ylbz"": ""-""}",OFFICIAL_SZSE_BOARD_FIELD
SZSE,MAIN,A_SHARE,002628,成都路桥,2011-11-03,https://www.szse.cn/api/report/ShowReport/data?SHOWTYPE=JSON&CATALOGID=1110&TABKEY=tab1&PAGENO=56,"{""agdm"": ""002628"", ""agjc"": ""<a href='http://www.szse.cn/certificate/individual/index.html?code=002628' target='_blank'><u>成都路桥</u></a>"", ""agltgb"": ""7.55"", ""agssrq"": ""2011-11-03"", ""agzgb"": ""7.57"", ""bk"": ""主板"", ""gskzjglx"": ""-"", ""sfjybjqcy"": ""-"", ""sshymc"": ""E 建筑业"", ""ylbz"": ""-""}",OFFICIAL_SZSE_BOARD_FIELD
SZSE,MAIN,A_SHARE,002629,仁智股份,2011-11-03,https://www.szse.cn/api/report/ShowReport/data?SHOWTYPE=JSON&CATALOGID=1110&TABKEY=tab1&PAGENO=56,"{""agdm"": ""002629"", ""agjc"": ""<a href='http://www.szse.cn/certificate/individual/index.html?code=002629' target='_blank'><u>仁智股份</u></a>"", ""agltgb"": ""3.62"", ""agssrq"": ""2011-11-03"", ""agzgb"": ""4.26"", ""bk"": ""主板"", ""gskzjglx"": ""-"", ""sfjybjqcy"": ""-"", ""sshymc"": ""B 采矿业"", ""ylbz"": ""-""}",OFFICIAL_SZSE_BOARD_FIELD
SZSE,MAIN,A_SHARE,002630,*ST华西,2011-11-11,https://www.szse.cn/api/report/ShowReport/data?SHOWTYPE=JSON&CATALOGID=1110&TABKEY=tab1&PAGENO=56,"{""agdm"": ""002630"", ""agjc"": ""<a href='http://www.szse.cn/certificate/individual/index.html?code=002630' target='_blank'><u>*ST华西</u></a>"", ""agltgb"": ""10.76"", ""agssrq"": ""2011-11-11"", ""agzgb"": ""11.80"", ""bk"": ""主板"", ""gskzjglx"": ""-"", ""sfjybjqcy"": ""-"", ""sshymc"": ""C 制造业"", ""ylbz"": ""-""}",OFFICIAL_SZSE_BOARD_FIELD
SZSE,MAIN,A_SHARE,002631,德尔未来,2011-11-11,https://www.szse.cn/api/report/ShowReport/data?SHOWTYPE=JSON&CATALOGID=1110&TABKEY=tab1&PAGENO=56,"{""agdm"": ""002631"", ""agjc"": ""<a href='http://www.szse.cn/certificate/individual/index.html?code=002631' target='_blank'><u>德尔未来</u></a>"", ""agltgb"": ""7.93"", ""agssrq"": ""2011-11-11"", ""agzgb"": ""7.97"", ""bk"": ""主板"", ""gskzjglx"": ""-"", ""sfjybjqcy"": ""-"", ""sshymc"": ""C 制造业"", ""ylbz"": ""-""}",OFFICIAL_SZSE_BOARD_FIELD
SZSE,MAIN,A_SHARE,002632,道明光学,2011-11-22,https://www.szse.cn/api/report/ShowReport/data?SHOWTYPE=JSON&CATALOGID=1110&TABKEY=tab1&PAGENO=57,"{""agdm"": ""002632"", ""agjc"": ""<a href='http://www.szse.cn/certificate/individual/index.html?code=002632' target='_blank'><u>道明光学</u></a>"", ""agltgb"": ""5.74"", ""agssrq"": ""2011-11-22"", ""agzgb"": ""6.24"", ""bk"": ""主板"", ""gskzjglx"": ""-"", ""sfjybjqcy"": ""-"", ""sshymc"": ""C 制造业"", ""ylbz"": ""-""}",OFFICIAL_SZSE_BOARD_FIELD
SZSE,MAIN,A_SHARE,002633,申科股份,2011-11-22,https://www.szse.cn/api/report/ShowReport/data?SHOWTYPE=JSON&CATALOGID=1110&TABKEY=tab1&PAGENO=57,"{""agdm"": ""002633"", ""agjc"": ""<a href='http://www.szse.cn/certificate/individual/index.html?code=002633' target='_blank'><u>申科股份</u></a>"", ""agltgb"": ""1.49"", ""agssrq"": ""2011-11-22"", ""agzgb"": ""1.50"", ""bk"": ""主板"", ""gskzjglx"": ""-"", ""sfjybjqcy"": ""-"", ""sshymc"": ""C 制造业"", ""ylbz"": ""-""}",OFFICIAL_SZSE_BOARD_FIELD
SZSE,MAIN,A_SHARE,002634,*ST棒杰,2011-12-05,https://www.szse.cn/api/report/ShowReport/data?SHOWTYPE=JSON&CATALOGID=1110&TABKEY=tab1&PAGENO=57,"{""agdm"": ""002634"", ""agjc"": ""<a href='http://www.szse.cn/certificate/individual/index.html?code=002634' target='_blank'><u>*ST棒杰</u></a>"", ""agltgb"": ""4.46"", ""agssrq"": ""2011-12-05"", ""agzgb"": ""4.59"", ""bk"": ""主板"", ""gskzjglx"": ""-"", ""sfjybjqcy"": ""-"", ""sshymc"": ""C 制造业"", ""ylbz"": ""-""}",OFFICIAL_SZSE_BOARD_FIELD
SZSE,MAIN,A_SHARE,002635,安洁科技,2011-11-25,https://www.szse.cn/api/report/ShowReport/data?SHOWTYPE=JSON&CATALOGID=1110&TABKEY=tab1&PAGENO=57,"{""agdm"": ""002635"", ""agjc"": ""<a href='http://www.szse.cn/certificate/individual/index.html?code=002635' target='_blank'><u>安洁科技</u></a>"", ""agltgb"": ""3.95"", ""agssrq"": ""2011-11-25"", ""agzgb"": ""6.59"", ""bk"": ""主板"", ""gskzjglx"": ""-"", ""sfjybjqcy"": ""-"", ""sshymc"": ""C 制造业"", ""ylbz"": ""-""}",OFFICIAL_SZSE_BOARD_FIELD
SZSE,MAIN,A_SHARE,002636,金安国纪,2011-11-25,https://www.szse.cn/api/report/ShowReport/data?SHOWTYPE=JSON&CATALOGID=1110&TABKEY=tab1&PAGENO=57,"{""agdm"": ""002636"", ""agjc"": ""<a href='http://www.szse.cn/certificate/individual/index.html?code=002636' target='_blank'><u>金安国纪</u></a>"", ""agltgb"": ""7.25"", ""agssrq"": ""2011-11-25"", ""agzgb"": ""7.28"", ""bk"": ""主板"", ""gskzjglx"": ""-"", ""sfjybjqcy"": ""-"", ""sshymc"": ""C 制造业"", ""ylbz"": ""-""}",OFFICIAL_SZSE_BOARD_FIELD
SZSE,MAIN,A_SHARE,002637,赞宇科技,2011-11-25,https://www.szse.cn/api/report/ShowReport/data?SHOWTYPE=JSON&CATALOGID=1110&TABKEY=tab1&PAGENO=57,"{""agdm"": ""002637"", ""agjc"": ""<a href='http://www.szse.cn/certificate/individual/index.html?code=002637' target='_blank'><u>赞宇科技</u></a>"", ""agltgb"": ""4.64"", ""agssrq"": ""2011-11-25"", ""agzgb"": ""4.70"", ""bk"": ""主板"", ""gskzjglx"": ""-"", ""sfjybjqcy"": ""-"", ""sshymc"": ""C 制造业"", ""ylbz"": ""-""}",OFFICIAL_SZSE_BOARD_FIELD
SZSE,MAIN,A_SHARE,002638,勤上股份,2011-11-25,https://www.szse.cn/api/report/ShowReport/data?SHOWTYPE=JSON&CATALOGID=1110&TABKEY=tab1&PAGENO=57,"{""agdm"": ""002638"", ""agjc"": ""<a href='http://www.szse.cn/certificate/individual/index.html?code=002638' target='_blank'><u>勤上股份</u></a>"", ""agltgb"": ""13.52"", ""agssrq"": ""2011-11-25"", ""agzgb"": ""14.36"", ""bk"": ""主板"", ""gskzjglx"": ""-"", ""sfjybjqcy"": ""-"", ""sshymc"": ""C 制造业"", ""ylbz"": ""-""}",OFFICIAL_SZSE_BOARD_FIELD
SZSE,MAIN,A_SHARE,002639,雪人集团,2011-12-05,https://www.szse.cn/api/report/ShowReport/data?SHOWTYPE=JSON&CATALOGID=1110&TABKEY=tab1&PAGENO=57,"{""agdm"": ""002639"", ""agjc"": ""<a href='http://www.szse.cn/certificate/individual/index.html?code=002639' target='_blank'><u>雪人集团</u></a>"", ""agltgb"": ""6.60"", ""agssrq"": ""2011-12-05"", ""agzgb"": ""7.79"", ""bk"": ""主板"", ""gskzjglx"": ""-"", ""sfjybjqcy"": ""-"", ""sshymc"": ""C 制造业"", ""ylbz"": ""-""}",OFFICIAL_SZSE_BOARD_FIELD
SZSE,MAIN,A_SHARE,002640,跨境通,2011-12-08,https://www.szse.cn/api/report/ShowReport/data?SHOWTYPE=JSON&CATALOGID=1110&TABKEY=tab1&PAGENO=57,"{""agdm"": ""002640"", ""agjc"": ""<a href='http://www.szse.cn/certificate/individual/index.html?code=002640' target='_blank'><u>跨境通</u></a>"", ""agltgb"": ""15.48"", ""agssrq"": ""2011-12-08"", ""agzgb"": ""15.58"", ""bk"": ""主板"", ""gskzjglx"": ""-"", ""sfjybjqcy"": ""-"", ""sshymc"": ""F 批发零售"", ""ylbz"": ""-""}",OFFICIAL_SZSE_BOARD_FIELD
SZSE,MAIN,A_SHARE,002641,公元股份,2011-12-08,https://www.szse.cn/api/report/ShowReport/data?SHOWTYPE=JSON&CATALOGID=1110&TABKEY=tab1&PAGENO=57,"{""agdm"": ""002641"", ""agjc"": ""<a href='http://www.szse.cn/certificate/individual/index.html?code=002641' target='_blank'><u>公元股份</u></a>"", ""agltgb"": ""11.33"", ""agssrq"": ""2011-12-08"", ""agzgb"": ""12.29"", ""bk"": ""主板"", ""gskzjglx"": ""-"", ""sfjybjqcy"": ""-"", ""sshymc"": ""C 制造业"", ""ylbz"": ""-""}",OFFICIAL_SZSE_BOARD_FIELD
SZSE,MAIN,A_SHARE,002642,荣联科技,2011-12-20,https://www.szse.cn/api/report/ShowReport/data?SHOWTYPE=JSON&CATALOGID=1110&TABKEY=tab1&PAGENO=57,"{""agdm"": ""002642"", ""agjc"": ""<a href='http://www.szse.cn/certificate/individual/index.html?code=002642' target='_blank'><u>荣联科技</u></a>"", ""agltgb"": ""6.61"", ""agssrq"": ""2011-12-20"", ""agzgb"": ""6.61"", ""bk"": ""主板"", ""gskzjglx"": ""-"", ""sfjybjqcy"": ""-"", ""sshymc"": ""I 信息技术"", ""ylbz"": ""-""}",OFFICIAL_SZSE_BOARD_FIELD
SZSE,MAIN,A_SHARE,002643,万润股份,2011-12-20,https://www.szse.cn/api/report/ShowReport/data?SHOWTYPE=JSON&CATALOGID=1110&TABKEY=tab1&PAGENO=57,"{""agdm"": ""002643"", ""agjc"": ""<a href='http://www.szse.cn/certificate/individual/index.html?code=002643' target='_blank'><u>万润股份</u></a>"", ""agltgb"": ""8.99"", ""agssrq"": ""2011-12-20"", ""agzgb"": ""9.15"", ""bk"": ""主板"", ""gskzjglx"": ""-"", ""sfjybjqcy"": ""-"", ""sshymc"": ""C 制造业"", ""ylbz"": ""-""}",OFFICIAL_SZSE_BOARD_FIELD
SZSE,MAIN,A_SHARE,002644,佛慈制药,2011-12-22,https://www.szse.cn/api/report/ShowReport/data?SHOWTYPE=JSON&CATALOGID=1110&TABKEY=tab1&PAGENO=57,"{""agdm"": ""002644"", ""agjc"": ""<a href='http://www.szse.cn/certificate/individual/index.html?code=002644' target='_blank'><u>佛慈制药</u></a>"", ""agltgb"": ""5.10"", ""agssrq"": ""2011-12-22"", ""agzgb"": ""5.10"", ""bk"": ""主板"", ""gskzjglx"": ""-"", ""sfjybjqcy"": ""-"", ""sshymc"": ""C 制造业"", ""ylbz"": ""-""}",OFFICIAL_SZSE_BOARD_FIELD
SZSE,MAIN,A_SHARE,002645,华宏科技,2011-12-20,https://www.szse.cn/api/report/ShowReport/data?SHOWTYPE=JSON&CATALOGID=1110&TABKEY=tab1&PAGENO=57,"{""agdm"": ""002645"", ""agjc"": ""<a href='http://www.szse.cn/certificate/individual/index.html?code=002645' target='_blank'><u>华宏科技</u></a>"", ""agltgb"": ""6.80"", ""agssrq"": ""2011-12-20"", ""agzgb"": ""7.53"", ""bk"": ""主板"", ""gskzjglx"": ""-"", ""sfjybjqcy"": ""-"", ""sshymc"": ""C 制造业"", ""ylbz"": ""-""}",OFFICIAL_SZSE_BOARD_FIELD
SZSE,MAIN,A_SHARE,002646,天佑德酒,2011-12-22,https://www.szse.cn/api/report/ShowReport/data?SHOWTYPE=JSON&CATALOGID=1110&TABKEY=tab1&PAGENO=57,"{""agdm"": ""002646"", ""agjc"": ""<a href='http://www.szse.cn/certificate/individual/index.html?code=002646' target='_blank'><u>天佑德酒</u></a>"", ""agltgb"": ""4.75"", ""agssrq"": ""2011-12-22"", ""agzgb"": ""4.79"", ""bk"": ""主板"", ""gskzjglx"": ""-"", ""sfjybjqcy"": ""-"", ""sshymc"": ""C 制造业"", ""ylbz"": ""-""}",OFFICIAL_SZSE_BOARD_FIELD
SZSE,MAIN,A_SHARE,002647,仁东控股,2011-12-28,https://www.szse.cn/api/report/ShowReport/data?SHOWTYPE=JSON&CATALOGID=1110&TABKEY=tab1&PAGENO=57,"{""agdm"": ""002647"", ""agjc"": ""<a href='http://www.szse.cn/certificate/individual/index.html?code=002647' target='_blank'><u>仁东控股</u></a>"", ""agltgb"": ""10.15"", ""agssrq"": ""2011-12-28"", ""agzgb"": ""11.30"", ""bk"": ""主板"", ""gskzjglx"": ""-"", ""sfjybjqcy"": ""-"", ""sshymc"": ""J 金融业"", ""ylbz"": ""-""}",OFFICIAL_SZSE_BOARD_FIELD
SZSE,MAIN,A_SHARE,002648,卫星化学,2011-12-28,https://www.szse.cn/api/report/ShowReport/data?SHOWTYPE=JSON&CATALOGID=1110&TABKEY=tab1&PAGENO=57,"{""agdm"": ""002648"", ""agjc"": ""<a href='http://www.szse.cn/certificate/individual/index.html?code=002648' target='_blank'><u>卫星化学</u></a>"", ""agltgb"": ""33.66"", ""agssrq"": ""2011-12-28"", ""agzgb"": ""33.68"", ""bk"": ""主板"", ""gskzjglx"": ""-"", ""sfjybjqcy"": ""-"", ""sshymc"": ""C 制造业"", ""ylbz"": ""-""}",OFFICIAL_SZSE_BOARD_FIELD
SZSE,MAIN,A_SHARE,002649,博彦科技,2012-01-06,https://www.szse.cn/api/report/ShowReport/data?SHOWTYPE=JSON&CATALOGID=1110&TABKEY=tab1&PAGENO=57,"{""agdm"": ""002649"", ""agjc"": ""<a href='http://www.szse.cn/certificate/individual/index.html?code=002649' target='_blank'><u>博彦科技</u></a>"", ""agltgb"": ""5.85"", ""agssrq"": ""2012-01-06"", ""agzgb"": ""5.91"", ""bk"": ""主板"", ""gskzjglx"": ""-"", ""sfjybjqcy"": ""-"", ""sshymc"": ""I 信息技术"", ""ylbz"": ""-""}",OFFICIAL_SZSE_BOARD_FIELD
SZSE,MAIN,A_SHARE,002650,ST加加,2012-01-06,https://www.szse.cn/api/report/ShowReport/data?SHOWTYPE=JSON&CATALOGID=1110&TABKEY=tab1&PAGENO=57,"{""agdm"": ""002650"", ""agjc"": ""<a href='http://www.szse.cn/certificate/individual/index.html?code=002650' target='_blank'><u>ST加加</u></a>"", ""agltgb"": ""11.07"", ""agssrq"": ""2012-01-06"", ""agzgb"": ""11.07"", ""bk"": ""主板"", ""gskzjglx"": ""-"", ""sfjybjqcy"": ""-"", ""sshymc"": ""C 制造业"", ""ylbz"": ""-""}",OFFICIAL_SZSE_BOARD_FIELD
SZSE,MAIN,A_SHARE,002651,利君股份,2012-01-06,https://www.szse.cn/api/report/ShowReport/data?SHOWTYPE=JSON&CATALOGID=1110&TABKEY=tab1&PAGENO=57,"{""agdm"": ""002651"", ""agjc"": ""<a href='http://www.szse.cn/certificate/individual/index.html?code=002651' target='_blank'><u>利君股份</u></a>"", ""agltgb"": ""5.65"", ""agssrq"": ""2012-01-06"", ""agzgb"": ""10.33"", ""bk"": ""主板"", ""gskzjglx"": ""-"", ""sfjybjqcy"": ""-"", ""sshymc"": ""C 制造业"", ""ylbz"": ""-""}",OFFICIAL_SZSE_BOARD_FIELD
SZSE,MAIN,A_SHARE,002652,扬子新材,2012-01-19,https://www.szse.cn/api/report/ShowReport/data?SHOWTYPE=JSON&CATALOGID=1110&TABKEY=tab1&PAGENO=58,"{""agdm"": ""002652"", ""agjc"": ""<a href='http://www.szse.cn/certificate/individual/index.html?code=002652' target='_blank'><u>扬子新材</u></a>"", ""agltgb"": ""5.12"", ""agssrq"": ""2012-01-19"", ""agzgb"": ""5.12"", ""bk"": ""主板"", ""gskzjglx"": ""-"", ""sfjybjqcy"": ""-"", ""sshymc"": ""C 制造业"", ""ylbz"": ""-""}",OFFICIAL_SZSE_BOARD_FIELD
SZSE,MAIN,A_SHARE,002653,海思科,2012-01-17,https://www.szse.cn/api/report/ShowReport/data?SHOWTYPE=JSON&CATALOGID=1110&TABKEY=tab1&PAGENO=58,"{""agdm"": ""002653"", ""agjc"": ""<a href='http://www.szse.cn/certificate/individual/index.html?code=002653' target='_blank'><u>海思科</u></a>"", ""agltgb"": ""5.36"", ""agssrq"": ""2012-01-17"", ""agzgb"": ""11.19"", ""bk"": ""主板"", ""gskzjglx"": ""-"", ""sfjybjqcy"": ""-"", ""sshymc"": ""C 制造业"", ""ylbz"": ""-""}",OFFICIAL_SZSE_BOARD_FIELD
SZSE,MAIN,A_SHARE,002654,万润科技,2012-02-17,https://www.szse.cn/api/report/ShowReport/data?SHOWTYPE=JSON&CATALOGID=1110&TABKEY=tab1&PAGENO=58,"{""agdm"": ""002654"", ""agjc"": ""<a href='http://www.szse.cn/certificate/individual/index.html?code=002654' target='_blank'><u>万润科技</u></a>"", ""agltgb"": ""8.45"", ""agssrq"": ""2012-02-17"", ""agzgb"": ""8.45"", ""bk"": ""主板"", ""gskzjglx"": ""-"", ""sfjybjqcy"": ""-"", ""sshymc"": ""L 商务服务"", ""ylbz"": ""-""}",OFFICIAL_SZSE_BOARD_FIELD
SZSE,MAIN,A_SHARE,002655,共达电声,2012-02-17,https://www.szse.cn/api/report/ShowReport/data?SHOWTYPE=JSON&CATALOGID=1110&TABKEY=tab1&PAGENO=58,"{""agdm"": ""002655"", ""agjc"": ""<a href='http://www.szse.cn/certificate/individual/index.html?code=002655' target='_blank'><u>共达电声</u></a>"", ""agltgb"": ""3.63"", ""agssrq"": ""2012-02-17"", ""agzgb"": ""3.64"", ""bk"": ""主板"", ""gskzjglx"": ""-"", ""sfjybjqcy"": ""-"", ""sshymc"": ""C 制造业"", ""ylbz"": ""-""}",OFFICIAL_SZSE_BOARD_FIELD
SZSE,MAIN,A_SHARE,002656,摩登大道,2012-02-28,https://www.szse.cn/api/report/ShowReport/data?SHOWTYPE=JSON&CATALOGID=1110&TABKEY=tab1&PAGENO=58,"{""agdm"": ""002656"", ""agjc"": ""<a href='http://www.szse.cn/certificate/individual/index.html?code=002656' target='_blank'><u>摩登大道</u></a>"", ""agltgb"": ""6.86"", ""agssrq"": ""2012-02-28"", ""agzgb"": ""7.12"", ""bk"": ""主板"", ""gskzjglx"": ""-"", ""sfjybjqcy"": ""-"", ""sshymc"": ""C 制造业"", ""ylbz"": ""-""}",OFFICIAL_SZSE_BOARD_FIELD
SZSE,MAIN,A_SHARE,002657,中科金财,2012-02-28,https://www.szse.cn/api/report/ShowReport/data?SHOWTYPE=JSON&CATALOGID=1110&TABKEY=tab1&PAGENO=58,"{""agdm"": ""002657"", ""agjc"": ""<a href='http://www.szse.cn/certificate/individual/index.html?code=002657' target='_blank'><u>中科金财</u></a>"", ""agltgb"": ""3.36"", ""agssrq"": ""2012-02-28"", ""agzgb"": ""3.40"", ""bk"": ""主板"", ""gskzjglx"": ""-"", ""sfjybjqcy"": ""-"", ""sshymc"": ""I 信息技术"", ""ylbz"": ""-""}",OFFICIAL_SZSE_BOARD_FIELD
SZSE,MAIN,A_SHARE,002658,雪迪龙,2012-03-09,https://www.szse.cn/api/report/ShowReport/data?SHOWTYPE=JSON&CATALOGID=1110&TABKEY=tab1&PAGENO=58,"{""agdm"": ""002658"", ""agjc"": ""<a href='http://www.szse.cn/certificate/individual/index.html?code=002658' target='_blank'><u>雪迪龙</u></a>"", ""agltgb"": ""3.58"", ""agssrq"": ""2012-03-09"", ""agzgb"": ""6.35"", ""bk"": ""主板"", ""gskzjglx"": ""-"", ""sfjybjqcy"": ""-"", ""sshymc"": ""C 制造业"", ""ylbz"": ""-""}",OFFICIAL_SZSE_BOARD_FIELD
SZSE,MAIN,A_SHARE,002659,凯文教育,2012-03-09,https://www.szse.cn/api/report/ShowReport/data?SHOWTYPE=JSON&CATALOGID=1110&TABKEY=tab1&PAGENO=58,"{""agdm"": ""002659"", ""agjc"": ""<a href='http://www.szse.cn/certificate/individual/index.html?code=002659' target='_blank'><u>凯文教育</u></a>"", ""agltgb"": ""5.98"", ""agssrq"": ""2012-03-09"", ""agzgb"": ""5.98"", ""bk"": ""主板"", ""gskzjglx"": ""-"", ""sfjybjqcy"": ""-"", ""sshymc"": ""P 教育"", ""ylbz"": ""-""}",OFFICIAL_SZSE_BOARD_FIELD
SZSE,MAIN,A_SHARE,002660,茂硕电源,2012-03-16,https://www.szse.cn/api/report/ShowReport/data?SHOWTYPE=JSON&CATALOGID=1110&TABKEY=tab1&PAGENO=58,"{""agdm"": ""002660"", ""agjc"": ""<a href='http://www.szse.cn/certificate/individual/index.html?code=002660' target='_blank'><u>茂硕电源</u></a>"", ""agltgb"": ""3.46"", ""agssrq"": ""2012-03-16"", ""agzgb"": ""3.56"", ""bk"": ""主板"", ""gskzjglx"": ""-"", ""sfjybjqcy"": ""-"", ""sshymc"": ""C 制造业"", ""ylbz"": ""-""}",OFFICIAL_SZSE_BOARD_FIELD
SZSE,MAIN,A_SHARE,002661,克明食品,2012-03-16,https://www.szse.cn/api/report/ShowReport/data?SHOWTYPE=JSON&CATALOGID=1110&TABKEY=tab1&PAGENO=58,"{""agdm"": ""002661"", ""agjc"": ""<a href='http://www.szse.cn/certificate/individual/index.html?code=002661' target='_blank'><u>克明食品</u></a>"", ""agltgb"": ""3.17"", ""agssrq"": ""2012-03-16"", ""agzgb"": ""3.33"", ""bk"": ""主板"", ""gskzjglx"": ""-"", ""sfjybjqcy"": ""-"", ""sshymc"": ""C 制造业"", ""ylbz"": ""-""}",OFFICIAL_SZSE_BOARD_FIELD
SZSE,MAIN,A_SHARE,002662,峰璟股份,2012-03-09,https://www.szse.cn/api/report/ShowReport/data?SHOWTYPE=JSON&CATALOGID=1110&TABKEY=tab1&PAGENO=58,"{""agdm"": ""002662"", ""agjc"": ""<a href='http://www.szse.cn/certificate/individual/index.html?code=002662' target='_blank'><u>峰璟股份</u></a>"", ""agltgb"": ""14.99"", ""agssrq"": ""2012-03-09"", ""agzgb"": ""15.00"", ""bk"": ""主板"", ""gskzjglx"": ""-"", ""sfjybjqcy"": ""-"", ""sshymc"": ""C 制造业"", ""ylbz"": ""-""}",OFFICIAL_SZSE_BOARD_FIELD
SZSE,MAIN,A_SHARE,002663,普邦股份,2012-03-16,https://www.szse.cn/api/report/ShowReport/data?SHOWTYPE=JSON&CATALOGID=1110&TABKEY=tab1&PAGENO=58,"{""agdm"": ""002663"", ""agjc"": ""<a href='http://www.szse.cn/certificate/individual/index.html?code=002663' target='_blank'><u>普邦股份</u></a>"", ""agltgb"": ""17.07"", ""agssrq"": ""2012-03-16"", ""agzgb"": ""17.23"", ""bk"": ""主板"", ""gskzjglx"": ""-"", ""sfjybjqcy"": ""-"", ""sshymc"": ""E 建筑业"", ""ylbz"": ""-""}",OFFICIAL_SZSE_BOARD_FIELD
SZSE,MAIN,A_SHARE,002664,信质集团,2012-03-16,https://www.szse.cn/api/report/ShowReport/data?SHOWTYPE=JSON&CATALOGID=1110&TABKEY=tab1&PAGENO=58,"{""agdm"": ""002664"", ""agjc"": ""<a href='http://www.szse.cn/certificate/individual/index.html?code=002664' target='_blank'><u>信质集团</u></a>"", ""agltgb"": ""4.02"", ""agssrq"": ""2012-03-16"", ""agzgb"": ""4.08"", ""bk"": ""主板"", ""gskzjglx"": ""-"", ""sfjybjqcy"": ""-"", ""sshymc"": ""C 制造业"", ""ylbz"": ""-""}",OFFICIAL_SZSE_BOARD_FIELD
SZSE,MAIN,A_SHARE,002666,德联集团,2012-03-27,https://www.szse.cn/api/report/ShowReport/data?SHOWTYPE=JSON&CATALOGID=1110&TABKEY=tab1&PAGENO=58,"{""agdm"": ""002666"", ""agjc"": ""<a href='http://www.szse.cn/certificate/individual/index.html?code=002666' target='_blank'><u>德联集团</u></a>"", ""agltgb"": ""5.00"", ""agssrq"": ""2012-03-27"", ""agzgb"": ""7.87"", ""bk"": ""主板"", ""gskzjglx"": ""-"", ""sfjybjqcy"": ""-"", ""sshymc"": ""C 制造业"", ""ylbz"": ""-""}",OFFICIAL_SZSE_BOARD_FIELD
SZSE,MAIN,A_SHARE,002667,*ST威领,2012-03-29,https://www.szse.cn/api/report/ShowReport/data?SHOWTYPE=JSON&CATALOGID=1110&TABKEY=tab1&PAGENO=58,"{""agdm"": ""002667"", ""agjc"": ""<a href='http://www.szse.cn/certificate/individual/index.html?code=002667' target='_blank'><u>*ST威领</u></a>"", ""agltgb"": ""2.36"", ""agssrq"": ""2012-03-29"", ""agzgb"": ""2.60"", ""bk"": ""主板"", ""gskzjglx"": ""-"", ""sfjybjqcy"": ""-"", ""sshymc"": ""C 制造业"", ""ylbz"": ""-""}",OFFICIAL_SZSE_BOARD_FIELD
SZSE,MAIN,A_SHARE,002668,TCL智家,2012-04-16,https://www.szse.cn/api/report/ShowReport/data?SHOWTYPE=JSON&CATALOGID=1110&TABKEY=tab1&PAGENO=58,"{""agdm"": ""002668"", ""agjc"": ""<a href='http://www.szse.cn/certificate/individual/index.html?code=002668' target='_blank'><u>TCL智家</u></a>"", ""agltgb"": ""10.84"", ""agssrq"": ""2012-04-16"", ""agzgb"": ""10.84"", ""bk"": ""主板"", ""gskzjglx"": ""-"", ""sfjybjqcy"": ""-"", ""sshymc"": ""C 制造业"", ""ylbz"": ""-""}",OFFICIAL_SZSE_BOARD_FIELD
SZSE,MAIN,A_SHARE,002669,康达新材,2012-04-16,https://www.szse.cn/api/report/ShowReport/data?SHOWTYPE=JSON&CATALOGID=1110&TABKEY=tab1&PAGENO=58,"{""agdm"": ""002669"", ""agjc"": ""<a href='http://www.szse.cn/certificate/individual/index.html?code=002669' target='_blank'><u>康达新材</u></a>"", ""agltgb"": ""3.02"", ""agssrq"": ""2012-04-16"", ""agzgb"": ""3.03"", ""bk"": ""主板"", ""gskzjglx"": ""-"", ""sfjybjqcy"": ""-"", ""sshymc"": ""C 制造业"", ""ylbz"": ""-""}",OFFICIAL_SZSE_BOARD_FIELD
SZSE,MAIN,A_SHARE,002670,国盛证券,2012-04-16,https://www.szse.cn/api/report/ShowReport/data?SHOWTYPE=JSON&CATALOGID=1110&TABKEY=tab1&PAGENO=58,"{""agdm"": ""002670"", ""agjc"": ""<a href='http://www.szse.cn/certificate/individual/index.html?code=002670' target='_blank'><u>国盛证券</u></a>"", ""agltgb"": ""16.23"", ""agssrq"": ""2012-04-16"", ""agzgb"": ""19.35"", ""bk"": ""主板"", ""gskzjglx"": ""-"", ""sfjybjqcy"": ""-"", ""sshymc"": ""J 金融业"", ""ylbz"": ""-""}",OFFICIAL_SZSE_BOARD_FIELD
SZSE,MAIN,A_SHARE,002671,龙泉股份,2012-04-26,https://www.szse.cn/api/report/ShowReport/data?SHOWTYPE=JSON&CATALOGID=1110&TABKEY=tab1&PAGENO=58,"{""agdm"": ""002671"", ""agjc"": ""<a href='http://www.szse.cn/certificate/individual/index.html?code=002671' target='_blank'><u>龙泉股份</u></a>"", ""agltgb"": ""5.51"", ""agssrq"": ""2012-04-26"", ""agzgb"": ""5.61"", ""bk"": ""主板"", ""gskzjglx"": ""-"", ""sfjybjqcy"": ""-"", ""sshymc"": ""C 制造业"", ""ylbz"": ""-""}",OFFICIAL_SZSE_BOARD_FIELD
SZSE,MAIN,A_SHARE,002672,东江环保,2012-04-26,https://www.szse.cn/api/report/ShowReport/data?SHOWTYPE=JSON&CATALOGID=1110&TABKEY=tab1&PAGENO=58,"{""agdm"": ""002672"", ""agjc"": ""<a href='http://www.szse.cn/certificate/individual/index.html?code=002672' target='_blank'><u>东江环保</u></a>"", ""agltgb"": ""9.05"", ""agssrq"": ""2012-04-26"", ""agzgb"": ""9.05"", ""bk"": ""主板"", ""gskzjglx"": ""-"", ""sfjybjqcy"": ""-"", ""sshymc"": ""C 制造业"", ""ylbz"": ""-""}",OFFICIAL_SZSE_BOARD_FIELD
SZSE,MAIN,A_SHARE,002673,西部证券,2012-05-03,https://www.szse.cn/api/report/ShowReport/data?SHOWTYPE=JSON&CATALOGID=1110&TABKEY=tab1&PAGENO=59,"{""agdm"": ""002673"", ""agjc"": ""<a href='http://www.szse.cn/certificate/individual/index.html?code=002673' target='_blank'><u>西部证券</u></a>"", ""agltgb"": ""44.69"", ""agssrq"": ""2012-05-03"", ""agzgb"": ""44.69"", ""bk"": ""主板"", ""gskzjglx"": ""-"", ""sfjybjqcy"": ""-"", ""sshymc"": ""J 金融业"", ""ylbz"": ""-""}",OFFICIAL_SZSE_BOARD_FIELD
SZSE,MAIN,A_SHARE,002674,兴业科技,2012-05-07,https://www.szse.cn/api/report/ShowReport/data?SHOWTYPE=JSON&CATALOGID=1110&TABKEY=tab1&PAGENO=59,"{""agdm"": ""002674"", ""agjc"": ""<a href='http://www.szse.cn/certificate/individual/index.html?code=002674' target='_blank'><u>兴业科技</u></a>"", ""agltgb"": ""2.92"", ""agssrq"": ""2012-05-07"", ""agzgb"": ""2.95"", ""bk"": ""主板"", ""gskzjglx"": ""-"", ""sfjybjqcy"": ""-"", ""sshymc"": ""C 制造业"", ""ylbz"": ""-""}",OFFICIAL_SZSE_BOARD_FIELD
SZSE,MAIN,A_SHARE,002675,东诚药业,2012-05-25,https://www.szse.cn/api/report/ShowReport/data?SHOWTYPE=JSON&CATALOGID=1110&TABKEY=tab1&PAGENO=59,"{""agdm"": ""002675"", ""agjc"": ""<a href='http://www.szse.cn/certificate/individual/index.html?code=002675' target='_blank'><u>东诚药业</u></a>"", ""agltgb"": ""7.43"", ""agssrq"": ""2012-05-25"", ""agzgb"": ""8.24"", ""bk"": ""主板"", ""gskzjglx"": ""-"", ""sfjybjqcy"": ""-"", ""sshymc"": ""C 制造业"", ""ylbz"": ""-""}",OFFICIAL_SZSE_BOARD_FIELD
SZSE,MAIN,A_SHARE,002676,顺威股份,2012-05-25,https://www.szse.cn/api/report/ShowReport/data?SHOWTYPE=JSON&CATALOGID=1110&TABKEY=tab1&PAGENO=59,"{""agdm"": ""002676"", ""agjc"": ""<a href='http://www.szse.cn/certificate/individual/index.html?code=002676' target='_blank'><u>顺威股份</u></a>"", ""agltgb"": ""7.19"", ""agssrq"": ""2012-05-25"", ""agzgb"": ""7.20"", ""bk"": ""主板"", ""gskzjglx"": ""-"", ""sfjybjqcy"": ""-"", ""sshymc"": ""C 制造业"", ""ylbz"": ""-""}",OFFICIAL_SZSE_BOARD_FIELD
SZSE,MAIN,A_SHARE,002677,浙江美大,2012-05-25,https://www.szse.cn/api/report/ShowReport/data?SHOWTYPE=JSON&CATALOGID=1110&TABKEY=tab1&PAGENO=59,"{""agdm"": ""002677"", ""agjc"": ""<a href='http://www.szse.cn/certificate/individual/index.html?code=002677' target='_blank'><u>浙江美大</u></a>"", ""agltgb"": ""5.45"", ""agssrq"": ""2012-05-25"", ""agzgb"": ""6.46"", ""bk"": ""主板"", ""gskzjglx"": ""-"", ""sfjybjqcy"": ""-"", ""sshymc"": ""C 制造业"", ""ylbz"": ""-""}",OFFICIAL_SZSE_BOARD_FIELD
SZSE,MAIN,A_SHARE,002678,珠江钢琴,2012-05-30,https://www.szse.cn/api/report/ShowReport/data?SHOWTYPE=JSON&CATALOGID=1110&TABKEY=tab1&PAGENO=59,"{""agdm"": ""002678"", ""agjc"": ""<a href='http://www.szse.cn/certificate/individual/index.html?code=002678' target='_blank'><u>珠江钢琴</u></a>"", ""agltgb"": ""13.57"", ""agssrq"": ""2012-05-30"", ""agzgb"": ""13.58"", ""bk"": ""主板"", ""gskzjglx"": ""-"", ""sfjybjqcy"": ""-"", ""sshymc"": ""C 制造业"", ""ylbz"": ""-""}",OFFICIAL_SZSE_BOARD_FIELD
SZSE,MAIN,A_SHARE,002679,福建金森,2012-06-05,https://www.szse.cn/api/report/ShowReport/data?SHOWTYPE=JSON&CATALOGID=1110&TABKEY=tab1&PAGENO=59,"{""agdm"": ""002679"", ""agjc"": ""<a href='http://www.szse.cn/certificate/individual/index.html?code=002679' target='_blank'><u>福建金森</u></a>"", ""agltgb"": ""2.35"", ""agssrq"": ""2012-06-05"", ""agzgb"": ""2.35"", ""bk"": ""主板"", ""gskzjglx"": ""-"", ""sfjybjqcy"": ""-"", ""sshymc"": ""A 农林牧渔"", ""ylbz"": ""-""}",OFFICIAL_SZSE_BOARD_FIELD
SZSE,MAIN,A_SHARE,002681,奋达科技,2012-06-05,https://www.szse.cn/api/report/ShowReport/data?SHOWTYPE=JSON&CATALOGID=1110&TABKEY=tab1&PAGENO=59,"{""agdm"": ""002681"", ""agjc"": ""<a href='http://www.szse.cn/certificate/individual/index.html?code=002681' target='_blank'><u>奋达科技</u></a>"", ""agltgb"": ""15.72"", ""agssrq"": ""2012-06-05"", ""agzgb"": ""17.94"", ""bk"": ""主板"", ""gskzjglx"": ""-"", ""sfjybjqcy"": ""-"", ""sshymc"": ""C 制造业"", ""ylbz"": ""-""}",OFFICIAL_SZSE_BOARD_FIELD
SZSE,MAIN,A_SHARE,002682,龙洲股份,2012-06-12,https://www.szse.cn/api/report/ShowReport/data?SHOWTYPE=JSON&CATALOGID=1110&TABKEY=tab1&PAGENO=59,"{""agdm"": ""002682"", ""agjc"": ""<a href='http://www.szse.cn/certificate/individual/index.html?code=002682' target='_blank'><u>龙洲股份</u></a>"", ""agltgb"": ""5.62"", ""agssrq"": ""2012-06-12"", ""agzgb"": ""5.62"", ""bk"": ""主板"", ""gskzjglx"": ""-"", ""sfjybjqcy"": ""-"", ""sshymc"": ""G 运输仓储"", ""ylbz"": ""-""}",OFFICIAL_SZSE_BOARD_FIELD
SZSE,MAIN,A_SHARE,002683,广东宏大,2012-06-12,https://www.szse.cn/api/report/ShowReport/data?SHOWTYPE=JSON&CATALOGID=1110&TABKEY=tab1&PAGENO=59,"{""agdm"": ""002683"", ""agjc"": ""<a href='http://www.szse.cn/certificate/individual/index.html?code=002683' target='_blank'><u>广东宏大</u></a>"", ""agltgb"": ""6.66"", ""agssrq"": ""2012-06-12"", ""agzgb"": ""7.59"", ""bk"": ""主板"", ""gskzjglx"": ""-"", ""sfjybjqcy"": ""-"", ""sshymc"": ""B 采矿业"", ""ylbz"": ""-""}",OFFICIAL_SZSE_BOARD_FIELD
SZSE,MAIN,A_SHARE,002685,华东重机,2012-06-12,https://www.szse.cn/api/report/ShowReport/data?SHOWTYPE=JSON&CATALOGID=1110&TABKEY=tab1&PAGENO=59,"{""agdm"": ""002685"", ""agjc"": ""<a href='http://www.szse.cn/certificate/individual/index.html?code=002685' target='_blank'><u>华东重机</u></a>"", ""agltgb"": ""10.07"", ""agssrq"": ""2012-06-12"", ""agzgb"": ""10.07"", ""bk"": ""主板"", ""gskzjglx"": ""-"", ""sfjybjqcy"": ""-"", ""sshymc"": ""C 制造业"", ""ylbz"": ""-""}",OFFICIAL_SZSE_BOARD_FIELD
SZSE,MAIN,A_SHARE,002686,亿利达,2012-07-03,https://www.szse.cn/api/report/ShowReport/data?SHOWTYPE=JSON&CATALOGID=1110&TABKEY=tab1&PAGENO=59,"{""agdm"": ""002686"", ""agjc"": ""<a href='http://www.szse.cn/certificate/individual/index.html?code=002686' target='_blank'><u>亿利达</u></a>"", ""agltgb"": ""5.22"", ""agssrq"": ""2012-07-03"", ""agzgb"": ""5.66"", ""bk"": ""主板"", ""gskzjglx"": ""-"", ""sfjybjqcy"": ""-"", ""sshymc"": ""C 制造业"", ""ylbz"": ""-""}",OFFICIAL_SZSE_BOARD_FIELD
SZSE,MAIN,A_SHARE,002687,乔治白,2012-07-13,https://www.szse.cn/api/report/ShowReport/data?SHOWTYPE=JSON&CATALOGID=1110&TABKEY=tab1&PAGENO=59,"{""agdm"": ""002687"", ""agjc"": ""<a href='http://www.szse.cn/certificate/individual/index.html?code=002687' target='_blank'><u>乔治白</u></a>"", ""agltgb"": ""4.13"", ""agssrq"": ""2012-07-13"", ""agzgb"": ""5.04"", ""bk"": ""主板"", ""gskzjglx"": ""-"", ""sfjybjqcy"": ""-"", ""sshymc"": ""C 制造业"", ""ylbz"": ""-""}",OFFICIAL_SZSE_BOARD_FIELD
SZSE,MAIN,A_SHARE,002688,金河生物,2012-07-13,https://www.szse.cn/api/report/ShowReport/data?SHOWTYPE=JSON&CATALOGID=1110&TABKEY=tab1&PAGENO=59,"{""agdm"": ""002688"", ""agjc"": ""<a href='http://www.szse.cn/certificate/individual/index.html?code=002688' target='_blank'><u>金河生物</u></a>"", ""agltgb"": ""7.47"", ""agssrq"": ""2012-07-13"", ""agzgb"": ""7.69"", ""bk"": ""主板"", ""gskzjglx"": ""-"", ""sfjybjqcy"": ""-"", ""sshymc"": ""C 制造业"", ""ylbz"": ""-""}",OFFICIAL_SZSE_BOARD_FIELD
SZSE,MAIN,A_SHARE,002689,ST远智,2012-07-17,https://www.szse.cn/api/report/ShowReport/data?SHOWTYPE=JSON&CATALOGID=1110&TABKEY=tab1&PAGENO=59,"{""agdm"": ""002689"", ""agjc"": ""<a href='http://www.szse.cn/certificate/individual/index.html?code=002689' target='_blank'><u>ST远智</u></a>"", ""agltgb"": ""10.42"", ""agssrq"": ""2012-07-17"", ""agzgb"": ""10.43"", ""bk"": ""主板"", ""gskzjglx"": ""-"", ""sfjybjqcy"": ""-"", ""sshymc"": ""C 制造业"", ""ylbz"": ""-""}",OFFICIAL_SZSE_BOARD_FIELD
SZSE,MAIN,A_SHARE,002690,美亚光电,2012-07-31,https://www.szse.cn/api/report/ShowReport/data?SHOWTYPE=JSON&CATALOGID=1110&TABKEY=tab1&PAGENO=59,"{""agdm"": ""002690"", ""agjc"": ""<a href='http://www.szse.cn/certificate/individual/index.html?code=002690' target='_blank'><u>美亚光电</u></a>"", ""agltgb"": ""4.27"", ""agssrq"": ""2012-07-31"", ""agzgb"": ""8.82"", ""bk"": ""主板"", ""gskzjglx"": ""-"", ""sfjybjqcy"": ""-"", ""sshymc"": ""C 制造业"", ""ylbz"": ""-""}",OFFICIAL_SZSE_BOARD_FIELD
SZSE,MAIN,A_SHARE,002691,*ST冀凯,2012-07-31,https://www.szse.cn/api/report/ShowReport/data?SHOWTYPE=JSON&CATALOGID=1110&TABKEY=tab1&PAGENO=59,"{""agdm"": ""002691"", ""agjc"": ""<a href='http://www.szse.cn/certificate/individual/index.html?code=002691' target='_blank'><u>*ST冀凯</u></a>"", ""agltgb"": ""3.35"", ""agssrq"": ""2012-07-31"", ""agzgb"": ""3.40"", ""bk"": ""主板"", ""gskzjglx"": ""-"", ""sfjybjqcy"": ""-"", ""sshymc"": ""C 制造业"", ""ylbz"": ""-""}",OFFICIAL_SZSE_BOARD_FIELD
SZSE,MAIN,A_SHARE,002692,远程股份,2012-08-08,https://www.szse.cn/api/report/ShowReport/data?SHOWTYPE=JSON&CATALOGID=1110&TABKEY=tab1&PAGENO=59,"{""agdm"": ""002692"", ""agjc"": ""<a href='http://www.szse.cn/certificate/individual/index.html?code=002692' target='_blank'><u>远程股份</u></a>"", ""agltgb"": ""7.17"", ""agssrq"": ""2012-08-08"", ""agzgb"": ""7.18"", ""bk"": ""主板"", ""gskzjglx"": ""-"", ""sfjybjqcy"": ""-"", ""sshymc"": ""C 制造业"", ""ylbz"": ""-""}",OFFICIAL_SZSE_BOARD_FIELD
SZSE,MAIN,A_SHARE,002693,双成药业,2012-08-08,https://www.szse.cn/api/report/ShowReport/data?SHOWTYPE=JSON&CATALOGID=1110&TABKEY=tab1&PAGENO=59,"{""agdm"": ""002693"", ""agjc"": ""<a href='http://www.szse.cn/certificate/individual/index.html?code=002693' target='_blank'><u>双成药业</u></a>"", ""agltgb"": ""4.10"", ""agssrq"": ""2012-08-08"", ""agzgb"": ""4.14"", ""bk"": ""主板"", ""gskzjglx"": ""-"", ""sfjybjqcy"": ""-"", ""sshymc"": ""C 制造业"", ""ylbz"": ""-""}",OFFICIAL_SZSE_BOARD_FIELD
SZSE,MAIN,A_SHARE,002694,*ST顾地,2012-08-16,https://www.szse.cn/api/report/ShowReport/data?SHOWTYPE=JSON&CATALOGID=1110&TABKEY=tab1&PAGENO=59,"{""agdm"": ""002694"", ""agjc"": ""<a href='http://www.szse.cn/certificate/individual/index.html?code=002694' target='_blank'><u>*ST顾地</u></a>"", ""agltgb"": ""7.18"", ""agssrq"": ""2012-08-16"", ""agzgb"": ""7.63"", ""bk"": ""主板"", ""gskzjglx"": ""-"", ""sfjybjqcy"": ""-"", ""sshymc"": ""C 制造业"", ""ylbz"": ""-""}",OFFICIAL_SZSE_BOARD_FIELD
SZSE,MAIN,A_SHARE,002695,煌上煌,2012-09-05,https://www.szse.cn/api/report/ShowReport/data?SHOWTYPE=JSON&CATALOGID=1110&TABKEY=tab1&PAGENO=60,"{""agdm"": ""002695"", ""agjc"": ""<a href='http://www.szse.cn/certificate/individual/index.html?code=002695' target='_blank'><u>煌上煌</u></a>"", ""agltgb"": ""5.11"", ""agssrq"": ""2012-09-05"", ""agzgb"": ""5.59"", ""bk"": ""主板"", ""gskzjglx"": ""-"", ""sfjybjqcy"": ""-"", ""sshymc"": ""C 制造业"", ""ylbz"": ""-""}",OFFICIAL_SZSE_BOARD_FIELD
SZSE,MAIN,A_SHARE,002696,百洋股份,2012-09-05,https://www.szse.cn/api/report/ShowReport/data?SHOWTYPE=JSON&CATALOGID=1110&TABKEY=tab1&PAGENO=60,"{""agdm"": ""002696"", ""agjc"": ""<a href='http://www.szse.cn/certificate/individual/index.html?code=002696' target='_blank'><u>百洋股份</u></a>"", ""agltgb"": ""3.34"", ""agssrq"": ""2012-09-05"", ""agzgb"": ""3.45"", ""bk"": ""主板"", ""gskzjglx"": ""-"", ""sfjybjqcy"": ""-"", ""sshymc"": ""C 制造业"", ""ylbz"": ""-""}",OFFICIAL_SZSE_BOARD_FIELD
SZSE,MAIN,A_SHARE,002697,红旗连锁,2012-09-05,https://www.szse.cn/api/report/ShowReport/data?SHOWTYPE=JSON&CATALOGID=1110&TABKEY=tab1&PAGENO=60,"{""agdm"": ""002697"", ""agjc"": ""<a href='http://www.szse.cn/certificate/individual/index.html?code=002697' target='_blank'><u>红旗连锁</u></a>"", ""agltgb"": ""11.48"", ""agssrq"": ""2012-09-05"", ""agzgb"": ""13.60"", ""bk"": ""主板"", ""gskzjglx"": ""-"", ""sfjybjqcy"": ""-"", ""sshymc"": ""F 批发零售"", ""ylbz"": ""-""}",OFFICIAL_SZSE_BOARD_FIELD
SZSE,MAIN,A_SHARE,002698,博实股份,2012-09-11,https://www.szse.cn/api/report/ShowReport/data?SHOWTYPE=JSON&CATALOGID=1110&TABKEY=tab1&PAGENO=60,"{""agdm"": ""002698"", ""agjc"": ""<a href='http://www.szse.cn/certificate/individual/index.html?code=002698' target='_blank'><u>博实股份</u></a>"", ""agltgb"": ""8.44"", ""agssrq"": ""2012-09-11"", ""agzgb"": ""10.22"", ""bk"": ""主板"", ""gskzjglx"": ""-"", ""sfjybjqcy"": ""-"", ""sshymc"": ""C 制造业"", ""ylbz"": ""-""}",OFFICIAL_SZSE_BOARD_FIELD
SZSE,MAIN,A_SHARE,002700,万憬能源,2012-09-21,https://www.szse.cn/api/report/ShowReport/data?SHOWTYPE=JSON&CATALOGID=1110&TABKEY=tab1&PAGENO=60,"{""agdm"": ""002700"", ""agjc"": ""<a href='http://www.szse.cn/certificate/individual/index.html?code=002700' target='_blank'><u>万憬能源</u></a>"", ""agltgb"": ""4.09"", ""agssrq"": ""2012-09-21"", ""agzgb"": ""4.13"", ""bk"": ""主板"", ""gskzjglx"": ""-"", ""sfjybjqcy"": ""-"", ""sshymc"": ""D 水电煤气"", ""ylbz"": ""-""}",OFFICIAL_SZSE_BOARD_FIELD
SZSE,MAIN,A_SHARE,002701,奥瑞金,2012-10-11,https://www.szse.cn/api/report/ShowReport/data?SHOWTYPE=JSON&CATALOGID=1110&TABKEY=tab1&PAGENO=60,"{""agdm"": ""002701"", ""agjc"": ""<a href='http://www.szse.cn/certificate/individual/index.html?code=002701' target='_blank'><u>奥瑞金</u></a>"", ""agltgb"": ""25.57"", ""agssrq"": ""2012-10-11"", ""agzgb"": ""25.59"", ""bk"": ""主板"", ""gskzjglx"": ""-"", ""sfjybjqcy"": ""-"", ""sshymc"": ""C 制造业"", ""ylbz"": ""-""}",OFFICIAL_SZSE_BOARD_FIELD
SZSE,MAIN,A_SHARE,002702,海欣食品,2012-10-11,https://www.szse.cn/api/report/ShowReport/data?SHOWTYPE=JSON&CATALOGID=1110&TABKEY=tab1&PAGENO=60,"{""agdm"": ""002702"", ""agjc"": ""<a href='http://www.szse.cn/certificate/individual/index.html?code=002702' target='_blank'><u>海欣食品</u></a>"", ""agltgb"": ""4.58"", ""agssrq"": ""2012-10-11"", ""agzgb"": ""5.55"", ""bk"": ""主板"", ""gskzjglx"": ""-"", ""sfjybjqcy"": ""-"", ""sshymc"": ""C 制造业"", ""ylbz"": ""-""}",OFFICIAL_SZSE_BOARD_FIELD
SZSE,MAIN,A_SHARE,002703,浙江世宝,2012-11-02,https://www.szse.cn/api/report/ShowReport/data?SHOWTYPE=JSON&CATALOGID=1110&TABKEY=tab1&PAGENO=60,"{""agdm"": ""002703"", ""agjc"": ""<a href='http://www.szse.cn/certificate/individual/index.html?code=002703' target='_blank'><u>浙江世宝</u></a>"", ""agltgb"": ""5.86"", ""agssrq"": ""2012-11-02"", ""agzgb"": ""6.05"", ""bk"": ""主板"", ""gskzjglx"": ""-"", ""sfjybjqcy"": ""-"", ""sshymc"": ""C 制造业"", ""ylbz"": ""-""}",OFFICIAL_SZSE_BOARD_FIELD
SZSE,MAIN,A_SHARE,002705,新宝股份,2014-01-21,https://www.szse.cn/api/report/ShowReport/data?SHOWTYPE=JSON&CATALOGID=1110&TABKEY=tab1&PAGENO=60,"{""agdm"": ""002705"", ""agjc"": ""<a href='http://www.szse.cn/certificate/individual/index.html?code=002705' target='_blank'><u>新宝股份</u></a>"", ""agltgb"": ""8.08"", ""agssrq"": ""2014-01-21"", ""agzgb"": ""8.11"", ""bk"": ""主板"", ""gskzjglx"": ""-"", ""sfjybjqcy"": ""-"", ""sshymc"": ""C 制造业"", ""ylbz"": ""-""}",OFFICIAL_SZSE_BOARD_FIELD
SZSE,MAIN,A_SHARE,002706,良信股份,2014-01-21,https://www.szse.cn/api/report/ShowReport/data?SHOWTYPE=JSON&CATALOGID=1110&TABKEY=tab1&PAGENO=60,"{""agdm"": ""002706"", ""agjc"": ""<a href='http://www.szse.cn/certificate/individual/index.html?code=002706' target='_blank'><u>良信股份</u></a>"", ""agltgb"": ""9.14"", ""agssrq"": ""2014-01-21"", ""agzgb"": ""11.23"", ""bk"": ""主板"", ""gskzjglx"": ""-"", ""sfjybjqcy"": ""-"", ""sshymc"": ""C 制造业"", ""ylbz"": ""-""}",OFFICIAL_SZSE_BOARD_FIELD
SZSE,MAIN,A_SHARE,002707,众信旅游,2014-01-23,https://www.szse.cn/api/report/ShowReport/data?SHOWTYPE=JSON&CATALOGID=1110&TABKEY=tab1&PAGENO=60,"{""agdm"": ""002707"", ""agjc"": ""<a href='http://www.szse.cn/certificate/individual/index.html?code=002707' target='_blank'><u>众信旅游</u></a>"", ""agltgb"": ""8.65"", ""agssrq"": ""2014-01-23"", ""agzgb"": ""9.82"", ""bk"": ""主板"", ""gskzjglx"": ""-"", ""sfjybjqcy"": ""-"", ""sshymc"": ""L 商务服务"", ""ylbz"": ""-""}",OFFICIAL_SZSE_BOARD_FIELD
SZSE,MAIN,A_SHARE,002708,光洋股份,2014-01-21,https://www.szse.cn/api/report/ShowReport/data?SHOWTYPE=JSON&CATALOGID=1110&TABKEY=tab1&PAGENO=60,"{""agdm"": ""002708"", ""agjc"": ""<a href='http://www.szse.cn/certificate/individual/index.html?code=002708' target='_blank'><u>光洋股份</u></a>"", ""agltgb"": ""5.09"", ""agssrq"": ""2014-01-21"", ""agzgb"": ""5.62"", ""bk"": ""主板"", ""gskzjglx"": ""-"", ""sfjybjqcy"": ""-"", ""sshymc"": ""C 制造业"", ""ylbz"": ""-""}",OFFICIAL_SZSE_BOARD_FIELD
SZSE,MAIN,A_SHARE,002709,天赐材料,2014-01-23,https://www.szse.cn/api/report/ShowReport/data?SHOWTYPE=JSON&CATALOGID=1110&TABKEY=tab1&PAGENO=60,"{""agdm"": ""002709"", ""agjc"": ""<a href='http://www.szse.cn/certificate/individual/index.html?code=002709' target='_blank'><u>天赐材料</u></a>"", ""agltgb"": ""15.09"", ""agssrq"": ""2014-01-23"", ""agzgb"": ""20.38"", ""bk"": ""主板"", ""gskzjglx"": ""-"", ""sfjybjqcy"": ""-"", ""sshymc"": ""C 制造业"", ""ylbz"": ""-""}",OFFICIAL_SZSE_BOARD_FIELD
SZSE,MAIN,A_SHARE,002712,思美传媒,2014-01-23,https://www.szse.cn/api/report/ShowReport/data?SHOWTYPE=JSON&CATALOGID=1110&TABKEY=tab1&PAGENO=60,"{""agdm"": ""002712"", ""agjc"": ""<a href='http://www.szse.cn/certificate/individual/index.html?code=002712' target='_blank'><u>思美传媒</u></a>"", ""agltgb"": ""5.40"", ""agssrq"": ""2014-01-23"", ""agzgb"": ""5.44"", ""bk"": ""主板"", ""gskzjglx"": ""-"", ""sfjybjqcy"": ""-"", ""sshymc"": ""L 商务服务"", ""ylbz"": ""-""}",OFFICIAL_SZSE_BOARD_FIELD
SZSE,MAIN,A_SHARE,002713,东易日盛,2014-02-19,https://www.szse.cn/api/report/ShowReport/data?SHOWTYPE=JSON&CATALOGID=1110&TABKEY=tab1&PAGENO=60,"{""agdm"": ""002713"", ""agjc"": ""<a href='http://www.szse.cn/certificate/individual/index.html?code=002713' target='_blank'><u>东易日盛</u></a>"", ""agltgb"": ""5.24"", ""agssrq"": ""2014-02-19"", ""agzgb"": ""9.51"", ""bk"": ""主板"", ""gskzjglx"": ""-"", ""sfjybjqcy"": ""-"", ""sshymc"": ""E 建筑业"", ""ylbz"": ""-""}",OFFICIAL_SZSE_BOARD_FIELD
SZSE,MAIN,A_SHARE,002714,牧原股份,2014-01-28,https://www.szse.cn/api/report/ShowReport/data?SHOWTYPE=JSON&CATALOGID=1110&TABKEY=tab1&PAGENO=60,"{""agdm"": ""002714"", ""agjc"": ""<a href='http://www.szse.cn/certificate/individual/index.html?code=002714' target='_blank'><u>牧原股份</u></a>"", ""agltgb"": ""32.80"", ""agssrq"": ""2014-01-28"", ""agzgb"": ""54.62"", ""bk"": ""主板"", ""gskzjglx"": ""-"", ""sfjybjqcy"": ""-"", ""sshymc"": ""A 农林牧渔"", ""ylbz"": ""-""}",OFFICIAL_SZSE_BOARD_FIELD
SZSE,MAIN,A_SHARE,002715,登云股份,2014-02-19,https://www.szse.cn/api/report/ShowReport/data?SHOWTYPE=JSON&CATALOGID=1110&TABKEY=tab1&PAGENO=60,"{""agdm"": ""002715"", ""agjc"": ""<a href='http://www.szse.cn/certificate/individual/index.html?code=002715' target='_blank'><u>登云股份</u></a>"", ""agltgb"": ""1.38"", ""agssrq"": ""2014-02-19"", ""agzgb"": ""1.38"", ""bk"": ""主板"", ""gskzjglx"": ""-"", ""sfjybjqcy"": ""-"", ""sshymc"": ""C 制造业"", ""ylbz"": ""-""}",OFFICIAL_SZSE_BOARD_FIELD
SZSE,MAIN,A_SHARE,002716,湖南白银,2014-01-28,https://www.szse.cn/api/report/ShowReport/data?SHOWTYPE=JSON&CATALOGID=1110&TABKEY=tab1&PAGENO=60,"{""agdm"": ""002716"", ""agjc"": ""<a href='http://www.szse.cn/certificate/individual/index.html?code=002716' target='_blank'><u>湖南白银</u></a>"", ""agltgb"": ""23.22"", ""agssrq"": ""2014-01-28"", ""agzgb"": ""28.23"", ""bk"": ""主板"", ""gskzjglx"": ""-"", ""sfjybjqcy"": ""-"", ""sshymc"": ""C 制造业"", ""ylbz"": ""-""}",OFFICIAL_SZSE_BOARD_FIELD
SZSE,MAIN,A_SHARE,002717,*ST岭南,2014-02-19,https://www.szse.cn/api/report/ShowReport/data?SHOWTYPE=JSON&CATALOGID=1110&TABKEY=tab1&PAGENO=60,"{""agdm"": ""002717"", ""agjc"": ""<a href='http://www.szse.cn/certificate/individual/index.html?code=002717' target='_blank'><u>*ST岭南</u></a>"", ""agltgb"": ""17.88"", ""agssrq"": ""2014-02-19"", ""agzgb"": ""18.20"", ""bk"": ""主板"", ""gskzjglx"": ""-"", ""sfjybjqcy"": ""-"", ""sshymc"": ""N 公共环保"", ""ylbz"": ""-""}",OFFICIAL_SZSE_BOARD_FIELD
SZSE,MAIN,A_SHARE,002718,友邦吊顶,2014-01-28,https://www.szse.cn/api/report/ShowReport/data?SHOWTYPE=JSON&CATALOGID=1110&TABKEY=tab1&PAGENO=60,"{""agdm"": ""002718"", ""agjc"": ""<a href='http://www.szse.cn/certificate/individual/index.html?code=002718' target='_blank'><u>友邦吊顶</u></a>"", ""agltgb"": ""0.96"", ""agssrq"": ""2014-01-28"", ""agzgb"": ""1.29"", ""bk"": ""主板"", ""gskzjglx"": ""-"", ""sfjybjqcy"": ""-"", ""sshymc"": ""C 制造业"", ""ylbz"": ""-""}",OFFICIAL_SZSE_BOARD_FIELD
SZSE,MAIN,A_SHARE,002719,ST麦趣,2014-01-28,https://www.szse.cn/api/report/ShowReport/data?SHOWTYPE=JSON&CATALOGID=1110&TABKEY=tab1&PAGENO=61,"{""agdm"": ""002719"", ""agjc"": ""<a href='http://www.szse.cn/certificate/individual/index.html?code=002719' target='_blank'><u>ST麦趣</u></a>"", ""agltgb"": ""1.61"", ""agssrq"": ""2014-01-28"", ""agzgb"": ""1.74"", ""bk"": ""主板"", ""gskzjglx"": ""-"", ""sfjybjqcy"": ""-"", ""sshymc"": ""C 制造业"", ""ylbz"": ""-""}",OFFICIAL_SZSE_BOARD_FIELD
SZSE,MAIN,A_SHARE,002721,金一文化,2014-01-27,https://www.szse.cn/api/report/ShowReport/data?SHOWTYPE=JSON&CATALOGID=1110&TABKEY=tab1&PAGENO=61,"{""agdm"": ""002721"", ""agjc"": ""<a href='http://www.szse.cn/certificate/individual/index.html?code=002721' target='_blank'><u>金一文化</u></a>"", ""agltgb"": ""26.59"", ""agssrq"": ""2014-01-27"", ""agzgb"": ""26.59"", ""bk"": ""主板"", ""gskzjglx"": ""-"", ""sfjybjqcy"": ""-"", ""sshymc"": ""C 制造业"", ""ylbz"": ""-""}",OFFICIAL_SZSE_BOARD_FIELD
SZSE,MAIN,A_SHARE,002722,物产金轮,2014-01-28,https://www.szse.cn/api/report/ShowReport/data?SHOWTYPE=JSON&CATALOGID=1110&TABKEY=tab1&PAGENO=61,"{""agdm"": ""002722"", ""agjc"": ""<a href='http://www.szse.cn/certificate/individual/index.html?code=002722' target='_blank'><u>物产金轮</u></a>"", ""agltgb"": ""2.22"", ""agssrq"": ""2014-01-28"", ""agzgb"": ""2.22"", ""bk"": ""主板"", ""gskzjglx"": ""-"", ""sfjybjqcy"": ""-"", ""sshymc"": ""C 制造业"", ""ylbz"": ""-""}",OFFICIAL_SZSE_BOARD_FIELD
SZSE,MAIN,A_SHARE,002723,小崧股份,2014-01-29,https://www.szse.cn/api/report/ShowReport/data?SHOWTYPE=JSON&CATALOGID=1110&TABKEY=tab1&PAGENO=61,"{""agdm"": ""002723"", ""agjc"": ""<a href='http://www.szse.cn/certificate/individual/index.html?code=002723' target='_blank'><u>小崧股份</u></a>"", ""agltgb"": ""3.17"", ""agssrq"": ""2014-01-29"", ""agzgb"": ""3.32"", ""bk"": ""主板"", ""gskzjglx"": ""-"", ""sfjybjqcy"": ""-"", ""sshymc"": ""C 制造业"", ""ylbz"": ""-""}",OFFICIAL_SZSE_BOARD_FIELD
SZSE,MAIN,A_SHARE,002724,海洋王,2014-11-04,https://www.szse.cn/api/report/ShowReport/data?SHOWTYPE=JSON&CATALOGID=1110&TABKEY=tab1&PAGENO=61,"{""agdm"": ""002724"", ""agjc"": ""<a href='http://www.szse.cn/certificate/individual/index.html?code=002724' target='_blank'><u>海洋王</u></a>"", ""agltgb"": ""5.66"", ""agssrq"": ""2014-11-04"", ""agzgb"": ""7.71"", ""bk"": ""主板"", ""gskzjglx"": ""-"", ""sfjybjqcy"": ""-"", ""sshymc"": ""C 制造业"", ""ylbz"": ""-""}",OFFICIAL_SZSE_BOARD_FIELD
SZSE,MAIN,A_SHARE,002725,跃岭股份,2014-01-29,https://www.szse.cn/api/report/ShowReport/data?SHOWTYPE=JSON&CATALOGID=1110&TABKEY=tab1&PAGENO=61,"{""agdm"": ""002725"", ""agjc"": ""<a href='http://www.szse.cn/certificate/individual/index.html?code=002725' target='_blank'><u>跃岭股份</u></a>"", ""agltgb"": ""2.48"", ""agssrq"": ""2014-01-29"", ""agzgb"": ""2.56"", ""bk"": ""主板"", ""gskzjglx"": ""-"", ""sfjybjqcy"": ""-"", ""sshymc"": ""C 制造业"", ""ylbz"": ""-""}",OFFICIAL_SZSE_BOARD_FIELD
SZSE,MAIN,A_SHARE,002726,ST龙大,2014-06-26,https://www.szse.cn/api/report/ShowReport/data?SHOWTYPE=JSON&CATALOGID=1110&TABKEY=tab1&PAGENO=61,"{""agdm"": ""002726"", ""agjc"": ""<a href='http://www.szse.cn/certificate/individual/index.html?code=002726' target='_blank'><u>ST龙大</u></a>"", ""agltgb"": ""13.60"", ""agssrq"": ""2014-06-26"", ""agzgb"": ""13.61"", ""bk"": ""主板"", ""gskzjglx"": ""-"", ""sfjybjqcy"": ""-"", ""sshymc"": ""C 制造业"", ""ylbz"": ""-""}",OFFICIAL_SZSE_BOARD_FIELD
SZSE,MAIN,A_SHARE,002727,一心堂,2014-07-02,https://www.szse.cn/api/report/ShowReport/data?SHOWTYPE=JSON&CATALOGID=1110&TABKEY=tab1&PAGENO=61,"{""agdm"": ""002727"", ""agjc"": ""<a href='http://www.szse.cn/certificate/individual/index.html?code=002727' target='_blank'><u>一心堂</u></a>"", ""agltgb"": ""3.97"", ""agssrq"": ""2014-07-02"", ""agzgb"": ""5.85"", ""bk"": ""主板"", ""gskzjglx"": ""-"", ""sfjybjqcy"": ""-"", ""sshymc"": ""F 批发零售"", ""ylbz"": ""-""}",OFFICIAL_SZSE_BOARD_FIELD
SZSE,MAIN,A_SHARE,002728,特一药业,2014-07-31,https://www.szse.cn/api/report/ShowReport/data?SHOWTYPE=JSON&CATALOGID=1110&TABKEY=tab1&PAGENO=61,"{""agdm"": ""002728"", ""agjc"": ""<a href='http://www.szse.cn/certificate/individual/index.html?code=002728' target='_blank'><u>特一药业</u></a>"", ""agltgb"": ""5.01"", ""agssrq"": ""2014-07-31"", ""agzgb"": ""5.13"", ""bk"": ""主板"", ""gskzjglx"": ""-"", ""sfjybjqcy"": ""-"", ""sshymc"": ""C 制造业"", ""ylbz"": ""-""}",OFFICIAL_SZSE_BOARD_FIELD
SZSE,MAIN,A_SHARE,002729,好利科技,2014-09-12,https://www.szse.cn/api/report/ShowReport/data?SHOWTYPE=JSON&CATALOGID=1110&TABKEY=tab1&PAGENO=61,"{""agdm"": ""002729"", ""agjc"": ""<a href='http://www.szse.cn/certificate/individual/index.html?code=002729' target='_blank'><u>好利科技</u></a>"", ""agltgb"": ""1.75"", ""agssrq"": ""2014-09-12"", ""agzgb"": ""1.82"", ""bk"": ""主板"", ""gskzjglx"": ""-"", ""sfjybjqcy"": ""-"", ""sshymc"": ""C 制造业"", ""ylbz"": ""-""}",OFFICIAL_SZSE_BOARD_FIELD
SZSE,MAIN,A_SHARE,002730,电光科技,2014-10-09,https://www.szse.cn/api/report/ShowReport/data?SHOWTYPE=JSON&CATALOGID=1110&TABKEY=tab1&PAGENO=61,"{""agdm"": ""002730"", ""agjc"": ""<a href='http://www.szse.cn/certificate/individual/index.html?code=002730' target='_blank'><u>电光科技</u></a>"", ""agltgb"": ""3.46"", ""agssrq"": ""2014-10-09"", ""agzgb"": ""3.62"", ""bk"": ""主板"", ""gskzjglx"": ""-"", ""sfjybjqcy"": ""-"", ""sshymc"": ""C 制造业"", ""ylbz"": ""-""}",OFFICIAL_SZSE_BOARD_FIELD
SZSE,MAIN,A_SHARE,002731,*ST萃华,2014-11-04,https://www.szse.cn/api/report/ShowReport/data?SHOWTYPE=JSON&CATALOGID=1110&TABKEY=tab1&PAGENO=61,"{""agdm"": ""002731"", ""agjc"": ""<a href='http://www.szse.cn/certificate/individual/index.html?code=002731' target='_blank'><u>*ST萃华</u></a>"", ""agltgb"": ""2.29"", ""agssrq"": ""2014-11-04"", ""agzgb"": ""2.56"", ""bk"": ""主板"", ""gskzjglx"": ""-"", ""sfjybjqcy"": ""-"", ""sshymc"": ""C 制造业"", ""ylbz"": ""-""}",OFFICIAL_SZSE_BOARD_FIELD
SZSE,MAIN,A_SHARE,002732,燕塘乳业,2014-12-05,https://www.szse.cn/api/report/ShowReport/data?SHOWTYPE=JSON&CATALOGID=1110&TABKEY=tab1&PAGENO=61,"{""agdm"": ""002732"", ""agjc"": ""<a href='http://www.szse.cn/certificate/individual/index.html?code=002732' target='_blank'><u>燕塘乳业</u></a>"", ""agltgb"": ""1.57"", ""agssrq"": ""2014-12-05"", ""agzgb"": ""1.57"", ""bk"": ""主板"", ""gskzjglx"": ""-"", ""sfjybjqcy"": ""-"", ""sshymc"": ""C 制造业"", ""ylbz"": ""-""}",OFFICIAL_SZSE_BOARD_FIELD
SZSE,MAIN,A_SHARE,002733,雄韬股份,2014-12-03,https://www.szse.cn/api/report/ShowReport/data?SHOWTYPE=JSON&CATALOGID=1110&TABKEY=tab1&PAGENO=61,"{""agdm"": ""002733"", ""agjc"": ""<a href='http://www.szse.cn/certificate/individual/index.html?code=002733' target='_blank'><u>雄韬股份</u></a>"", ""agltgb"": ""3.68"", ""agssrq"": ""2014-12-03"", ""agzgb"": ""3.84"", ""bk"": ""主板"", ""gskzjglx"": ""-"", ""sfjybjqcy"": ""-"", ""sshymc"": ""C 制造业"", ""ylbz"": ""-""}",OFFICIAL_SZSE_BOARD_FIELD
SZSE,MAIN,A_SHARE,002734,利民股份,2015-01-27,https://www.szse.cn/api/report/ShowReport/data?SHOWTYPE=JSON&CATALOGID=1110&TABKEY=tab1&PAGENO=61,"{""agdm"": ""002734"", ""agjc"": ""<a href='http://www.szse.cn/certificate/individual/index.html?code=002734' target='_blank'><u>利民股份</u></a>"", ""agltgb"": ""4.35"", ""agssrq"": ""2015-01-27"", ""agzgb"": ""4.75"", ""bk"": ""主板"", ""gskzjglx"": ""-"", ""sfjybjqcy"": ""-"", ""sshymc"": ""C 制造业"", ""ylbz"": ""-""}",OFFICIAL_SZSE_BOARD_FIELD
SZSE,MAIN,A_SHARE,002735,王子新材,2014-12-03,https://www.szse.cn/api/report/ShowReport/data?SHOWTYPE=JSON&CATALOGID=1110&TABKEY=tab1&PAGENO=61,"{""agdm"": ""002735"", ""agjc"": ""<a href='http://www.szse.cn/certificate/individual/index.html?code=002735' target='_blank'><u>王子新材</u></a>"", ""agltgb"": ""2.85"", ""agssrq"": ""2014-12-03"", ""agzgb"": ""3.75"", ""bk"": ""主板"", ""gskzjglx"": ""-"", ""sfjybjqcy"": ""-"", ""sshymc"": ""C 制造业"", ""ylbz"": ""-""}",OFFICIAL_SZSE_BOARD_FIELD
SZSE,MAIN,A_SHARE,002736,国信证券,2014-12-29,https://www.szse.cn/api/report/ShowReport/data?SHOWTYPE=JSON&CATALOGID=1110&TABKEY=tab1&PAGENO=61,"{""agdm"": ""002736"", ""agjc"": ""<a href='http://www.szse.cn/certificate/individual/index.html?code=002736' target='_blank'><u>国信证券</u></a>"", ""agltgb"": ""96.12"", ""agssrq"": ""2014-12-29"", ""agzgb"": ""102.41"", ""bk"": ""主板"", ""gskzjglx"": ""-"", ""sfjybjqcy"": ""-"", ""sshymc"": ""J 金融业"", ""ylbz"": ""-""}",OFFICIAL_SZSE_BOARD_FIELD
SZSE,MAIN,A_SHARE,002737,葵花药业,2014-12-30,https://www.szse.cn/api/report/ShowReport/data?SHOWTYPE=JSON&CATALOGID=1110&TABKEY=tab1&PAGENO=61,"{""agdm"": ""002737"", ""agjc"": ""<a href='http://www.szse.cn/certificate/individual/index.html?code=002737' target='_blank'><u>葵花药业</u></a>"", ""agltgb"": ""5.83"", ""agssrq"": ""2014-12-30"", ""agzgb"": ""5.84"", ""bk"": ""主板"", ""gskzjglx"": ""-"", ""sfjybjqcy"": ""-"", ""sshymc"": ""C 制造业"", ""ylbz"": ""-""}",OFFICIAL_SZSE_BOARD_FIELD
SZSE,MAIN,A_SHARE,002738,中矿资源,2014-12-30,https://www.szse.cn/api/report/ShowReport/data?SHOWTYPE=JSON&CATALOGID=1110&TABKEY=tab1&PAGENO=61,"{""agdm"": ""002738"", ""agjc"": ""<a href='http://www.szse.cn/certificate/individual/index.html?code=002738' target='_blank'><u>中矿资源</u></a>"", ""agltgb"": ""7.11"", ""agssrq"": ""2014-12-30"", ""agzgb"": ""7.21"", ""bk"": ""主板"", ""gskzjglx"": ""-"", ""sfjybjqcy"": ""-"", ""sshymc"": ""C 制造业"", ""ylbz"": ""-""}",OFFICIAL_SZSE_BOARD_FIELD
SZSE,MAIN,A_SHARE,002739,儒意电影,2015-01-22,https://www.szse.cn/api/report/ShowReport/data?SHOWTYPE=JSON&CATALOGID=1110&TABKEY=tab1&PAGENO=61,"{""agdm"": ""002739"", ""agjc"": ""<a href='http://www.szse.cn/certificate/individual/index.html?code=002739' target='_blank'><u>儒意电影</u></a>"", ""agltgb"": ""20.99"", ""agssrq"": ""2015-01-22"", ""agzgb"": ""21.11"", ""bk"": ""主板"", ""gskzjglx"": ""-"", ""sfjybjqcy"": ""-"", ""sshymc"": ""R 文化传播"", ""ylbz"": ""-""}",OFFICIAL_SZSE_BOARD_FIELD
SZSE,MAIN,A_SHARE,002741,光华科技,2015-02-16,https://www.szse.cn/api/report/ShowReport/data?SHOWTYPE=JSON&CATALOGID=1110&TABKEY=tab1&PAGENO=62,"{""agdm"": ""002741"", ""agjc"": ""<a href='http://www.szse.cn/certificate/individual/index.html?code=002741' target='_blank'><u>光华科技</u></a>"", ""agltgb"": ""4.30"", ""agssrq"": ""2015-02-16"", ""agzgb"": ""4.68"", ""bk"": ""主板"", ""gskzjglx"": ""-"", ""sfjybjqcy"": ""-"", ""sshymc"": ""C 制造业"", ""ylbz"": ""-""}",OFFICIAL_SZSE_BOARD_FIELD
SZSE,MAIN,A_SHARE,002742,冀衡医药,2015-02-17,https://www.szse.cn/api/report/ShowReport/data?SHOWTYPE=JSON&CATALOGID=1110&TABKEY=tab1&PAGENO=62,"{""agdm"": ""002742"", ""agjc"": ""<a href='http://www.szse.cn/certificate/individual/index.html?code=002742' target='_blank'><u>冀衡医药</u></a>"", ""agltgb"": ""5.23"", ""agssrq"": ""2015-02-17"", ""agzgb"": ""6.84"", ""bk"": ""主板"", ""gskzjglx"": ""-"", ""sfjybjqcy"": ""-"", ""sshymc"": ""C 制造业"", ""ylbz"": ""-""}",OFFICIAL_SZSE_BOARD_FIELD
SZSE,MAIN,A_SHARE,002743,富煌钢构,2015-02-17,https://www.szse.cn/api/report/ShowReport/data?SHOWTYPE=JSON&CATALOGID=1110&TABKEY=tab1&PAGENO=62,"{""agdm"": ""002743"", ""agjc"": ""<a href='http://www.szse.cn/certificate/individual/index.html?code=002743' target='_blank'><u>富煌钢构</u></a>"", ""agltgb"": ""4.34"", ""agssrq"": ""2015-02-17"", ""agzgb"": ""4.35"", ""bk"": ""主板"", ""gskzjglx"": ""-"", ""sfjybjqcy"": ""-"", ""sshymc"": ""C 制造业"", ""ylbz"": ""-""}",OFFICIAL_SZSE_BOARD_FIELD
SZSE,MAIN,A_SHARE,002745,木林森,2015-02-17,https://www.szse.cn/api/report/ShowReport/data?SHOWTYPE=JSON&CATALOGID=1110&TABKEY=tab1&PAGENO=62,"{""agdm"": ""002745"", ""agjc"": ""<a href='http://www.szse.cn/certificate/individual/index.html?code=002745' target='_blank'><u>木林森</u></a>"", ""agltgb"": ""10.56"", ""agssrq"": ""2015-02-17"", ""agzgb"": ""14.84"", ""bk"": ""主板"", ""gskzjglx"": ""-"", ""sfjybjqcy"": ""-"", ""sshymc"": ""C 制造业"", ""ylbz"": ""-""}",OFFICIAL_SZSE_BOARD_FIELD
SZSE,MAIN,A_SHARE,002746,仙坛股份,2015-02-16,https://www.szse.cn/api/report/ShowReport/data?SHOWTYPE=JSON&CATALOGID=1110&TABKEY=tab1&PAGENO=62,"{""agdm"": ""002746"", ""agjc"": ""<a href='http://www.szse.cn/certificate/individual/index.html?code=002746' target='_blank'><u>仙坛股份</u></a>"", ""agltgb"": ""7.09"", ""agssrq"": ""2015-02-16"", ""agzgb"": ""8.60"", ""bk"": ""主板"", ""gskzjglx"": ""-"", ""sfjybjqcy"": ""-"", ""sshymc"": ""C 制造业"", ""ylbz"": ""-""}",OFFICIAL_SZSE_BOARD_FIELD
SZSE,MAIN,A_SHARE,002747,埃斯顿,2015-03-20,https://www.szse.cn/api/report/ShowReport/data?SHOWTYPE=JSON&CATALOGID=1110&TABKEY=tab1&PAGENO=62,"{""agdm"": ""002747"", ""agjc"": ""<a href='http://www.szse.cn/certificate/individual/index.html?code=002747' target='_blank'><u>埃斯顿</u></a>"", ""agltgb"": ""7.82"", ""agssrq"": ""2015-03-20"", ""agzgb"": ""8.71"", ""bk"": ""主板"", ""gskzjglx"": ""-"", ""sfjybjqcy"": ""-"", ""sshymc"": ""C 制造业"", ""ylbz"": ""-""}",OFFICIAL_SZSE_BOARD_FIELD
SZSE,MAIN,A_SHARE,002748,世龙实业,2015-03-19,https://www.szse.cn/api/report/ShowReport/data?SHOWTYPE=JSON&CATALOGID=1110&TABKEY=tab1&PAGENO=62,"{""agdm"": ""002748"", ""agjc"": ""<a href='http://www.szse.cn/certificate/individual/index.html?code=002748' target='_blank'><u>世龙实业</u></a>"", ""agltgb"": ""2.39"", ""agssrq"": ""2015-03-19"", ""agzgb"": ""2.40"", ""bk"": ""主板"", ""gskzjglx"": ""-"", ""sfjybjqcy"": ""-"", ""sshymc"": ""C 制造业"", ""ylbz"": ""-""}",OFFICIAL_SZSE_BOARD_FIELD
SZSE,MAIN,A_SHARE,002749,国光股份,2015-03-20,https://www.szse.cn/api/report/ShowReport/data?SHOWTYPE=JSON&CATALOGID=1110&TABKEY=tab1&PAGENO=62,"{""agdm"": ""002749"", ""agjc"": ""<a href='http://www.szse.cn/certificate/individual/index.html?code=002749' target='_blank'><u>国光股份</u></a>"", ""agltgb"": ""5.44"", ""agssrq"": ""2015-03-20"", ""agzgb"": ""5.56"", ""bk"": ""主板"", ""gskzjglx"": ""-"", ""sfjybjqcy"": ""-"", ""sshymc"": ""C 制造业"", ""ylbz"": ""-""}",OFFICIAL_SZSE_BOARD_FIELD
SZSE,MAIN,A_SHARE,002752,昇兴股份,2015-04-22,https://www.szse.cn/api/report/ShowReport/data?SHOWTYPE=JSON&CATALOGID=1110&TABKEY=tab1&PAGENO=62,"{""agdm"": ""002752"", ""agjc"": ""<a href='http://www.szse.cn/certificate/individual/index.html?code=002752' target='_blank'><u>昇兴股份</u></a>"", ""agltgb"": ""9.75"", ""agssrq"": ""2015-04-22"", ""agzgb"": ""9.76"", ""bk"": ""主板"", ""gskzjglx"": ""-"", ""sfjybjqcy"": ""-"", ""sshymc"": ""C 制造业"", ""ylbz"": ""-""}",OFFICIAL_SZSE_BOARD_FIELD
SZSE,MAIN,A_SHARE,002753,永东股份,2015-05-19,https://www.szse.cn/api/report/ShowReport/data?SHOWTYPE=JSON&CATALOGID=1110&TABKEY=tab1&PAGENO=62,"{""agdm"": ""002753"", ""agjc"": ""<a href='http://www.szse.cn/certificate/individual/index.html?code=002753' target='_blank'><u>永东股份</u></a>"", ""agltgb"": ""2.95"", ""agssrq"": ""2015-05-19"", ""agzgb"": ""4.28"", ""bk"": ""主板"", ""gskzjglx"": ""-"", ""sfjybjqcy"": ""-"", ""sshymc"": ""C 制造业"", ""ylbz"": ""-""}",OFFICIAL_SZSE_BOARD_FIELD
SZSE,MAIN,A_SHARE,002755,奥赛康,2015-05-15,https://www.szse.cn/api/report/ShowReport/data?SHOWTYPE=JSON&CATALOGID=1110&TABKEY=tab1&PAGENO=62,"{""agdm"": ""002755"", ""agjc"": ""<a href='http://www.szse.cn/certificate/individual/index.html?code=002755' target='_blank'><u>奥赛康</u></a>"", ""agltgb"": ""9.28"", ""agssrq"": ""2015-05-15"", ""agzgb"": ""9.28"", ""bk"": ""主板"", ""gskzjglx"": ""-"", ""sfjybjqcy"": ""-"", ""sshymc"": ""C 制造业"", ""ylbz"": ""-""}",OFFICIAL_SZSE_BOARD_FIELD
SZSE,MAIN,A_SHARE,002756,永兴材料,2015-05-15,https://www.szse.cn/api/report/ShowReport/data?SHOWTYPE=JSON&CATALOGID=1110&TABKEY=tab1&PAGENO=62,"{""agdm"": ""002756"", ""agjc"": ""<a href='http://www.szse.cn/certificate/individual/index.html?code=002756' target='_blank'><u>永兴材料</u></a>"", ""agltgb"": ""3.93"", ""agssrq"": ""2015-05-15"", ""agzgb"": ""5.39"", ""bk"": ""主板"", ""gskzjglx"": ""-"", ""sfjybjqcy"": ""-"", ""sshymc"": ""C 制造业"", ""ylbz"": ""-""}",OFFICIAL_SZSE_BOARD_FIELD
SZSE,MAIN,A_SHARE,002757,南兴股份,2015-05-27,https://www.szse.cn/api/report/ShowReport/data?SHOWTYPE=JSON&CATALOGID=1110&TABKEY=tab1&PAGENO=62,"{""agdm"": ""002757"", ""agjc"": ""<a href='http://www.szse.cn/certificate/individual/index.html?code=002757' target='_blank'><u>南兴股份</u></a>"", ""agltgb"": ""2.84"", ""agssrq"": ""2015-05-27"", ""agzgb"": ""2.95"", ""bk"": ""主板"", ""gskzjglx"": ""-"", ""sfjybjqcy"": ""-"", ""sshymc"": ""C 制造业"", ""ylbz"": ""-""}",OFFICIAL_SZSE_BOARD_FIELD
SZSE,MAIN,A_SHARE,002758,浙农股份,2015-05-27,https://www.szse.cn/api/report/ShowReport/data?SHOWTYPE=JSON&CATALOGID=1110&TABKEY=tab1&PAGENO=62,"{""agdm"": ""002758"", ""agjc"": ""<a href='http://www.szse.cn/certificate/individual/index.html?code=002758' target='_blank'><u>浙农股份</u></a>"", ""agltgb"": ""5.18"", ""agssrq"": ""2015-05-27"", ""agzgb"": ""5.18"", ""bk"": ""主板"", ""gskzjglx"": ""-"", ""sfjybjqcy"": ""-"", ""sshymc"": ""F 批发零售"", ""ylbz"": ""-""}",OFFICIAL_SZSE_BOARD_FIELD
SZSE,MAIN,A_SHARE,002759,ST天际,2015-05-28,https://www.szse.cn/api/report/ShowReport/data?SHOWTYPE=JSON&CATALOGID=1110&TABKEY=tab1&PAGENO=62,"{""agdm"": ""002759"", ""agjc"": ""<a href='http://www.szse.cn/certificate/individual/index.html?code=002759' target='_blank'><u>ST天际</u></a>"", ""agltgb"": ""5.01"", ""agssrq"": ""2015-05-28"", ""agzgb"": ""5.01"", ""bk"": ""主板"", ""gskzjglx"": ""-"", ""sfjybjqcy"": ""-"", ""sshymc"": ""C 制造业"", ""ylbz"": ""-""}",OFFICIAL_SZSE_BOARD_FIELD
SZSE,MAIN,A_SHARE,002760,凤形股份,2015-06-11,https://www.szse.cn/api/report/ShowReport/data?SHOWTYPE=JSON&CATALOGID=1110&TABKEY=tab1&PAGENO=62,"{""agdm"": ""002760"", ""agjc"": ""<a href='http://www.szse.cn/certificate/individual/index.html?code=002760' target='_blank'><u>凤形股份</u></a>"", ""agltgb"": ""1.07"", ""agssrq"": ""2015-06-11"", ""agzgb"": ""1.07"", ""bk"": ""主板"", ""gskzjglx"": ""-"", ""sfjybjqcy"": ""-"", ""sshymc"": ""C 制造业"", ""ylbz"": ""-""}",OFFICIAL_SZSE_BOARD_FIELD
SZSE,MAIN,A_SHARE,002761,浙江建投,2015-06-10,https://www.szse.cn/api/report/ShowReport/data?SHOWTYPE=JSON&CATALOGID=1110&TABKEY=tab1&PAGENO=62,"{""agdm"": ""002761"", ""agjc"": ""<a href='http://www.szse.cn/certificate/individual/index.html?code=002761' target='_blank'><u>浙江建投</u></a>"", ""agltgb"": ""10.81"", ""agssrq"": ""2015-06-10"", ""agzgb"": ""13.24"", ""bk"": ""主板"", ""gskzjglx"": ""-"", ""sfjybjqcy"": ""-"", ""sshymc"": ""E 建筑业"", ""ylbz"": ""-""}",OFFICIAL_SZSE_BOARD_FIELD
SZSE,MAIN,A_SHARE,002762,金发拉比,2015-06-10,https://www.szse.cn/api/report/ShowReport/data?SHOWTYPE=JSON&CATALOGID=1110&TABKEY=tab1&PAGENO=62,"{""agdm"": ""002762"", ""agjc"": ""<a href='http://www.szse.cn/certificate/individual/index.html?code=002762' target='_blank'><u>金发拉比</u></a>"", ""agltgb"": ""3.54"", ""agssrq"": ""2015-06-10"", ""agzgb"": ""3.54"", ""bk"": ""主板"", ""gskzjglx"": ""-"", ""sfjybjqcy"": ""-"", ""sshymc"": ""C 制造业"", ""ylbz"": ""-""}",OFFICIAL_SZSE_BOARD_FIELD
SZSE,MAIN,A_SHARE,002763,汇洁股份,2015-06-10,https://www.szse.cn/api/report/ShowReport/data?SHOWTYPE=JSON&CATALOGID=1110&TABKEY=tab1&PAGENO=62,"{""agdm"": ""002763"", ""agjc"": ""<a href='http://www.szse.cn/certificate/individual/index.html?code=002763' target='_blank'><u>汇洁股份</u></a>"", ""agltgb"": ""3.03"", ""agssrq"": ""2015-06-10"", ""agzgb"": ""4.09"", ""bk"": ""主板"", ""gskzjglx"": ""-"", ""sfjybjqcy"": ""-"", ""sshymc"": ""C 制造业"", ""ylbz"": ""-""}",OFFICIAL_SZSE_BOARD_FIELD
SZSE,MAIN,A_SHARE,002765,蓝黛科技,2015-06-12,https://www.szse.cn/api/report/ShowReport/data?SHOWTYPE=JSON&CATALOGID=1110&TABKEY=tab1&PAGENO=62,"{""agdm"": ""002765"", ""agjc"": ""<a href='http://www.szse.cn/certificate/individual/index.html?code=002765' target='_blank'><u>蓝黛科技</u></a>"", ""agltgb"": ""5.95"", ""agssrq"": ""2015-06-12"", ""agzgb"": ""6.52"", ""bk"": ""主板"", ""gskzjglx"": ""-"", ""sfjybjqcy"": ""-"", ""sshymc"": ""C 制造业"", ""ylbz"": ""-""}",OFFICIAL_SZSE_BOARD_FIELD
SZSE,MAIN,A_SHARE,002766,索菱股份,2015-06-11,https://www.szse.cn/api/report/ShowReport/data?SHOWTYPE=JSON&CATALOGID=1110&TABKEY=tab1&PAGENO=63,"{""agdm"": ""002766"", ""agjc"": ""<a href='http://www.szse.cn/certificate/individual/index.html?code=002766' target='_blank'><u>索菱股份</u></a>"", ""agltgb"": ""8.58"", ""agssrq"": ""2015-06-11"", ""agzgb"": ""8.59"", ""bk"": ""主板"", ""gskzjglx"": ""-"", ""sfjybjqcy"": ""-"", ""sshymc"": ""C 制造业"", ""ylbz"": ""-""}",OFFICIAL_SZSE_BOARD_FIELD
SZSE,MAIN,A_SHARE,002767,先锋电子,2015-06-12,https://www.szse.cn/api/report/ShowReport/data?SHOWTYPE=JSON&CATALOGID=1110&TABKEY=tab1&PAGENO=63,"{""agdm"": ""002767"", ""agjc"": ""<a href='http://www.szse.cn/certificate/individual/index.html?code=002767' target='_blank'><u>先锋电子</u></a>"", ""agltgb"": ""1.30"", ""agssrq"": ""2015-06-12"", ""agzgb"": ""1.50"", ""bk"": ""主板"", ""gskzjglx"": ""-"", ""sfjybjqcy"": ""-"", ""sshymc"": ""C 制造业"", ""ylbz"": ""-""}",OFFICIAL_SZSE_BOARD_FIELD
SZSE,MAIN,A_SHARE,002768,国恩股份,2015-06-30,https://www.szse.cn/api/report/ShowReport/data?SHOWTYPE=JSON&CATALOGID=1110&TABKEY=tab1&PAGENO=63,"{""agdm"": ""002768"", ""agjc"": ""<a href='http://www.szse.cn/certificate/individual/index.html?code=002768' target='_blank'><u>国恩股份</u></a>"", ""agltgb"": ""2.58"", ""agssrq"": ""2015-06-30"", ""agzgb"": ""3.98"", ""bk"": ""主板"", ""gskzjglx"": ""-"", ""sfjybjqcy"": ""-"", ""sshymc"": ""C 制造业"", ""ylbz"": ""-""}",OFFICIAL_SZSE_BOARD_FIELD
SZSE,MAIN,A_SHARE,002769,普路通,2015-06-29,https://www.szse.cn/api/report/ShowReport/data?SHOWTYPE=JSON&CATALOGID=1110&TABKEY=tab1&PAGENO=63,"{""agdm"": ""002769"", ""agjc"": ""<a href='http://www.szse.cn/certificate/individual/index.html?code=002769' target='_blank'><u>普路通</u></a>"", ""agltgb"": ""3.73"", ""agssrq"": ""2015-06-29"", ""agzgb"": ""3.73"", ""bk"": ""主板"", ""gskzjglx"": ""-"", ""sfjybjqcy"": ""-"", ""sshymc"": ""L 商务服务"", ""ylbz"": ""-""}",OFFICIAL_SZSE_BOARD_FIELD
SZSE,MAIN,A_SHARE,002771,真视通,2015-06-29,https://www.szse.cn/api/report/ShowReport/data?SHOWTYPE=JSON&CATALOGID=1110&TABKEY=tab1&PAGENO=63,"{""agdm"": ""002771"", ""agjc"": ""<a href='http://www.szse.cn/certificate/individual/index.html?code=002771' target='_blank'><u>真视通</u></a>"", ""agltgb"": ""1.80"", ""agssrq"": ""2015-06-29"", ""agzgb"": ""2.09"", ""bk"": ""主板"", ""gskzjglx"": ""-"", ""sfjybjqcy"": ""-"", ""sshymc"": ""I 信息技术"", ""ylbz"": ""-""}",OFFICIAL_SZSE_BOARD_FIELD
SZSE,MAIN,A_SHARE,002772,众兴菌业,2015-06-26,https://www.szse.cn/api/report/ShowReport/data?SHOWTYPE=JSON&CATALOGID=1110&TABKEY=tab1&PAGENO=63,"{""agdm"": ""002772"", ""agjc"": ""<a href='http://www.szse.cn/certificate/individual/index.html?code=002772' target='_blank'><u>众兴菌业</u></a>"", ""agltgb"": ""3.71"", ""agssrq"": ""2015-06-26"", ""agzgb"": ""3.74"", ""bk"": ""主板"", ""gskzjglx"": ""-"", ""sfjybjqcy"": ""-"", ""sshymc"": ""A 农林牧渔"", ""ylbz"": ""-""}",OFFICIAL_SZSE_BOARD_FIELD
SZSE,MAIN,A_SHARE,002773,康弘药业,2015-06-26,https://www.szse.cn/api/report/ShowReport/data?SHOWTYPE=JSON&CATALOGID=1110&TABKEY=tab1&PAGENO=63,"{""agdm"": ""002773"", ""agjc"": ""<a href='http://www.szse.cn/certificate/individual/index.html?code=002773' target='_blank'><u>康弘药业</u></a>"", ""agltgb"": ""6.86"", ""agssrq"": ""2015-06-26"", ""agzgb"": ""9.21"", ""bk"": ""主板"", ""gskzjglx"": ""-"", ""sfjybjqcy"": ""-"", ""sshymc"": ""C 制造业"", ""ylbz"": ""-""}",OFFICIAL_SZSE_BOARD_FIELD
SZSE,MAIN,A_SHARE,002774,快意电梯,2017-03-24,https://www.szse.cn/api/report/ShowReport/data?SHOWTYPE=JSON&CATALOGID=1110&TABKEY=tab1&PAGENO=63,"{""agdm"": ""002774"", ""agjc"": ""<a href='http://www.szse.cn/certificate/individual/index.html?code=002774' target='_blank'><u>快意电梯</u></a>"", ""agltgb"": ""2.81"", ""agssrq"": ""2017-03-24"", ""agzgb"": ""3.36"", ""bk"": ""主板"", ""gskzjglx"": ""-"", ""sfjybjqcy"": ""-"", ""sshymc"": ""C 制造业"", ""ylbz"": ""-""}",OFFICIAL_SZSE_BOARD_FIELD
SZSE,MAIN,A_SHARE,002775,文科股份,2015-06-29,https://www.szse.cn/api/report/ShowReport/data?SHOWTYPE=JSON&CATALOGID=1110&TABKEY=tab1&PAGENO=63,"{""agdm"": ""002775"", ""agjc"": ""<a href='http://www.szse.cn/certificate/individual/index.html?code=002775' target='_blank'><u>文科股份</u></a>"", ""agltgb"": ""5.81"", ""agssrq"": ""2015-06-29"", ""agzgb"": ""6.45"", ""bk"": ""主板"", ""gskzjglx"": ""-"", ""sfjybjqcy"": ""-"", ""sshymc"": ""E 建筑业"", ""ylbz"": ""-""}",OFFICIAL_SZSE_BOARD_FIELD
SZSE,MAIN,A_SHARE,002777,久远银海,2015-12-31,https://www.szse.cn/api/report/ShowReport/data?SHOWTYPE=JSON&CATALOGID=1110&TABKEY=tab1&PAGENO=63,"{""agdm"": ""002777"", ""agjc"": ""<a href='http://www.szse.cn/certificate/individual/index.html?code=002777' target='_blank'><u>久远银海</u></a>"", ""agltgb"": ""4.04"", ""agssrq"": ""2015-12-31"", ""agzgb"": ""4.08"", ""bk"": ""主板"", ""gskzjglx"": ""-"", ""sfjybjqcy"": ""-"", ""sshymc"": ""I 信息技术"", ""ylbz"": ""-""}",OFFICIAL_SZSE_BOARD_FIELD
SZSE,MAIN,A_SHARE,002778,中晟高科,2016-01-06,https://www.szse.cn/api/report/ShowReport/data?SHOWTYPE=JSON&CATALOGID=1110&TABKEY=tab1&PAGENO=63,"{""agdm"": ""002778"", ""agjc"": ""<a href='http://www.szse.cn/certificate/individual/index.html?code=002778' target='_blank'><u>中晟高科</u></a>"", ""agltgb"": ""1.23"", ""agssrq"": ""2016-01-06"", ""agzgb"": ""1.24"", ""bk"": ""主板"", ""gskzjglx"": ""-"", ""sfjybjqcy"": ""-"", ""sshymc"": ""C 制造业"", ""ylbz"": ""-""}",OFFICIAL_SZSE_BOARD_FIELD
SZSE,MAIN,A_SHARE,002779,中坚科技,2015-12-09,https://www.szse.cn/api/report/ShowReport/data?SHOWTYPE=JSON&CATALOGID=1110&TABKEY=tab1&PAGENO=63,"{""agdm"": ""002779"", ""agjc"": ""<a href='http://www.szse.cn/certificate/individual/index.html?code=002779' target='_blank'><u>中坚科技</u></a>"", ""agltgb"": ""1.65"", ""agssrq"": ""2015-12-09"", ""agzgb"": ""1.84"", ""bk"": ""主板"", ""gskzjglx"": ""-"", ""sfjybjqcy"": ""-"", ""sshymc"": ""C 制造业"", ""ylbz"": ""-""}",OFFICIAL_SZSE_BOARD_FIELD
SZSE,MAIN,A_SHARE,002780,三夫户外,2015-12-09,https://www.szse.cn/api/report/ShowReport/data?SHOWTYPE=JSON&CATALOGID=1110&TABKEY=tab1&PAGENO=63,"{""agdm"": ""002780"", ""agjc"": ""<a href='http://www.szse.cn/certificate/individual/index.html?code=002780' target='_blank'><u>三夫户外</u></a>"", ""agltgb"": ""1.32"", ""agssrq"": ""2015-12-09"", ""agzgb"": ""1.65"", ""bk"": ""主板"", ""gskzjglx"": ""-"", ""sfjybjqcy"": ""-"", ""sshymc"": ""F 批发零售"", ""ylbz"": ""-""}",OFFICIAL_SZSE_BOARD_FIELD
SZSE,MAIN,A_SHARE,002782,可立克,2015-12-22,https://www.szse.cn/api/report/ShowReport/data?SHOWTYPE=JSON&CATALOGID=1110&TABKEY=tab1&PAGENO=63,"{""agdm"": ""002782"", ""agjc"": ""<a href='http://www.szse.cn/certificate/individual/index.html?code=002782' target='_blank'><u>可立克</u></a>"", ""agltgb"": ""4.89"", ""agssrq"": ""2015-12-22"", ""agzgb"": ""4.95"", ""bk"": ""主板"", ""gskzjglx"": ""-"", ""sfjybjqcy"": ""-"", ""sshymc"": ""C 制造业"", ""ylbz"": ""-""}",OFFICIAL_SZSE_BOARD_FIELD
SZSE,MAIN,A_SHARE,002783,凯龙股份,2015-12-09,https://www.szse.cn/api/report/ShowReport/data?SHOWTYPE=JSON&CATALOGID=1110&TABKEY=tab1&PAGENO=63,"{""agdm"": ""002783"", ""agjc"": ""<a href='http://www.szse.cn/certificate/individual/index.html?code=002783' target='_blank'><u>凯龙股份</u></a>"", ""agltgb"": ""4.61"", ""agssrq"": ""2015-12-09"", ""agzgb"": ""4.99"", ""bk"": ""主板"", ""gskzjglx"": ""-"", ""sfjybjqcy"": ""-"", ""sshymc"": ""C 制造业"", ""ylbz"": ""-""}",OFFICIAL_SZSE_BOARD_FIELD
SZSE,MAIN,A_SHARE,002785,万里石,2015-12-23,https://www.szse.cn/api/report/ShowReport/data?SHOWTYPE=JSON&CATALOGID=1110&TABKEY=tab1&PAGENO=63,"{""agdm"": ""002785"", ""agjc"": ""<a href='http://www.szse.cn/certificate/individual/index.html?code=002785' target='_blank'><u>万里石</u></a>"", ""agltgb"": ""1.94"", ""agssrq"": ""2015-12-23"", ""agzgb"": ""2.26"", ""bk"": ""主板"", ""gskzjglx"": ""-"", ""sfjybjqcy"": ""-"", ""sshymc"": ""C 制造业"", ""ylbz"": ""-""}",OFFICIAL_SZSE_BOARD_FIELD
SZSE,MAIN,A_SHARE,002786,银宝山新,2015-12-23,https://www.szse.cn/api/report/ShowReport/data?SHOWTYPE=JSON&CATALOGID=1110&TABKEY=tab1&PAGENO=63,"{""agdm"": ""002786"", ""agjc"": ""<a href='http://www.szse.cn/certificate/individual/index.html?code=002786' target='_blank'><u>银宝山新</u></a>"", ""agltgb"": ""4.91"", ""agssrq"": ""2015-12-23"", ""agzgb"": ""4.95"", ""bk"": ""主板"", ""gskzjglx"": ""-"", ""sfjybjqcy"": ""-"", ""sshymc"": ""C 制造业"", ""ylbz"": ""-""}",OFFICIAL_SZSE_BOARD_FIELD
SZSE,MAIN,A_SHARE,002787,华源控股,2015-12-31,https://www.szse.cn/api/report/ShowReport/data?SHOWTYPE=JSON&CATALOGID=1110&TABKEY=tab1&PAGENO=63,"{""agdm"": ""002787"", ""agjc"": ""<a href='http://www.szse.cn/certificate/individual/index.html?code=002787' target='_blank'><u>华源控股</u></a>"", ""agltgb"": ""2.48"", ""agssrq"": ""2015-12-31"", ""agzgb"": ""3.32"", ""bk"": ""主板"", ""gskzjglx"": ""-"", ""sfjybjqcy"": ""-"", ""sshymc"": ""C 制造业"", ""ylbz"": ""-""}",OFFICIAL_SZSE_BOARD_FIELD
SZSE,MAIN,A_SHARE,002788,鹭燕医药,2016-02-18,https://www.szse.cn/api/report/ShowReport/data?SHOWTYPE=JSON&CATALOGID=1110&TABKEY=tab1&PAGENO=63,"{""agdm"": ""002788"", ""agjc"": ""<a href='http://www.szse.cn/certificate/individual/index.html?code=002788' target='_blank'><u>鹭燕医药</u></a>"", ""agltgb"": ""3.81"", ""agssrq"": ""2016-02-18"", ""agzgb"": ""3.88"", ""bk"": ""主板"", ""gskzjglx"": ""-"", ""sfjybjqcy"": ""-"", ""sshymc"": ""F 批发零售"", ""ylbz"": ""-""}",OFFICIAL_SZSE_BOARD_FIELD
SZSE,MAIN,A_SHARE,002789,*ST建艺,2016-03-11,https://www.szse.cn/api/report/ShowReport/data?SHOWTYPE=JSON&CATALOGID=1110&TABKEY=tab1&PAGENO=63,"{""agdm"": ""002789"", ""agjc"": ""<a href='http://www.szse.cn/certificate/individual/index.html?code=002789' target='_blank'><u>*ST建艺</u></a>"", ""agltgb"": ""1.56"", ""agssrq"": ""2016-03-11"", ""agzgb"": ""1.59"", ""bk"": ""主板"", ""gskzjglx"": ""-"", ""sfjybjqcy"": ""-"", ""sshymc"": ""E 建筑业"", ""ylbz"": ""-""}",OFFICIAL_SZSE_BOARD_FIELD
SZSE,MAIN,A_SHARE,002790,瑞尔特,2016-03-08,https://www.szse.cn/api/report/ShowReport/data?SHOWTYPE=JSON&CATALOGID=1110&TABKEY=tab1&PAGENO=64,"{""agdm"": ""002790"", ""agjc"": ""<a href='http://www.szse.cn/certificate/individual/index.html?code=002790' target='_blank'><u>瑞尔特</u></a>"", ""agltgb"": ""2.60"", ""agssrq"": ""2016-03-08"", ""agzgb"": ""4.17"", ""bk"": ""主板"", ""gskzjglx"": ""-"", ""sfjybjqcy"": ""-"", ""sshymc"": ""C 制造业"", ""ylbz"": ""-""}",OFFICIAL_SZSE_BOARD_FIELD
SZSE,MAIN,A_SHARE,002791,坚朗五金,2016-03-29,https://www.szse.cn/api/report/ShowReport/data?SHOWTYPE=JSON&CATALOGID=1110&TABKEY=tab1&PAGENO=64,"{""agdm"": ""002791"", ""agjc"": ""<a href='http://www.szse.cn/certificate/individual/index.html?code=002791' target='_blank'><u>坚朗五金</u></a>"", ""agltgb"": ""2.12"", ""agssrq"": ""2016-03-29"", ""agzgb"": ""3.53"", ""bk"": ""主板"", ""gskzjglx"": ""-"", ""sfjybjqcy"": ""-"", ""sshymc"": ""C 制造业"", ""ylbz"": ""-""}",OFFICIAL_SZSE_BOARD_FIELD
SZSE,MAIN,A_SHARE,002792,通宇通讯,2016-03-28,https://www.szse.cn/api/report/ShowReport/data?SHOWTYPE=JSON&CATALOGID=1110&TABKEY=tab1&PAGENO=64,"{""agdm"": ""002792"", ""agjc"": ""<a href='http://www.szse.cn/certificate/individual/index.html?code=002792' target='_blank'><u>通宇通讯</u></a>"", ""agltgb"": ""3.37"", ""agssrq"": ""2016-03-28"", ""agzgb"": ""5.23"", ""bk"": ""主板"", ""gskzjglx"": ""-"", ""sfjybjqcy"": ""-"", ""sshymc"": ""C 制造业"", ""ylbz"": ""-""}",OFFICIAL_SZSE_BOARD_FIELD
SZSE,MAIN,A_SHARE,002793,罗欣药业,2016-04-15,https://www.szse.cn/api/report/ShowReport/data?SHOWTYPE=JSON&CATALOGID=1110&TABKEY=tab1&PAGENO=64,"{""agdm"": ""002793"", ""agjc"": ""<a href='http://www.szse.cn/certificate/individual/index.html?code=002793' target='_blank'><u>罗欣药业</u></a>"", ""agltgb"": ""10.85"", ""agssrq"": ""2016-04-15"", ""agzgb"": ""10.87"", ""bk"": ""主板"", ""gskzjglx"": ""-"", ""sfjybjqcy"": ""-"", ""sshymc"": ""C 制造业"", ""ylbz"": ""-""}",OFFICIAL_SZSE_BOARD_FIELD
SZSE,MAIN,A_SHARE,002795,永和智控,2016-04-28,https://www.szse.cn/api/report/ShowReport/data?SHOWTYPE=JSON&CATALOGID=1110&TABKEY=tab1&PAGENO=64,"{""agdm"": ""002795"", ""agjc"": ""<a href='http://www.szse.cn/certificate/individual/index.html?code=002795' target='_blank'><u>永和智控</u></a>"", ""agltgb"": ""4.35"", ""agssrq"": ""2016-04-28"", ""agzgb"": ""4.41"", ""bk"": ""主板"", ""gskzjglx"": ""-"", ""sfjybjqcy"": ""-"", ""sshymc"": ""C 制造业"", ""ylbz"": ""-""}",OFFICIAL_SZSE_BOARD_FIELD
SZSE,MAIN,A_SHARE,002796,世嘉科技,2016-05-10,https://www.szse.cn/api/report/ShowReport/data?SHOWTYPE=JSON&CATALOGID=1110&TABKEY=tab1&PAGENO=64,"{""agdm"": ""002796"", ""agjc"": ""<a href='http://www.szse.cn/certificate/individual/index.html?code=002796' target='_blank'><u>世嘉科技</u></a>"", ""agltgb"": ""2.27"", ""agssrq"": ""2016-05-10"", ""agzgb"": ""2.52"", ""bk"": ""主板"", ""gskzjglx"": ""-"", ""sfjybjqcy"": ""-"", ""sshymc"": ""C 制造业"", ""ylbz"": ""-""}",OFFICIAL_SZSE_BOARD_FIELD
SZSE,MAIN,A_SHARE,002797,第一创业,2016-05-11,https://www.szse.cn/api/report/ShowReport/data?SHOWTYPE=JSON&CATALOGID=1110&TABKEY=tab1&PAGENO=64,"{""agdm"": ""002797"", ""agjc"": ""<a href='http://www.szse.cn/certificate/individual/index.html?code=002797' target='_blank'><u>第一创业</u></a>"", ""agltgb"": ""42.02"", ""agssrq"": ""2016-05-11"", ""agzgb"": ""42.02"", ""bk"": ""主板"", ""gskzjglx"": ""-"", ""sfjybjqcy"": ""-"", ""sshymc"": ""J 金融业"", ""ylbz"": ""-""}",OFFICIAL_SZSE_BOARD_FIELD
SZSE,MAIN,A_SHARE,002798,帝欧水华,2016-05-25,https://www.szse.cn/api/report/ShowReport/data?SHOWTYPE=JSON&CATALOGID=1110&TABKEY=tab1&PAGENO=64,"{""agdm"": ""002798"", ""agjc"": ""<a href='http://www.szse.cn/certificate/individual/index.html?code=002798' target='_blank'><u>帝欧水华</u></a>"", ""agltgb"": ""5.16"", ""agssrq"": ""2016-05-25"", ""agzgb"": ""5.87"", ""bk"": ""主板"", ""gskzjglx"": ""-"", ""sfjybjqcy"": ""-"", ""sshymc"": ""C 制造业"", ""ylbz"": ""-""}",OFFICIAL_SZSE_BOARD_FIELD
SZSE,MAIN,A_SHARE,002799,环球印务,2016-06-08,https://www.szse.cn/api/report/ShowReport/data?SHOWTYPE=JSON&CATALOGID=1110&TABKEY=tab1&PAGENO=64,"{""agdm"": ""002799"", ""agjc"": ""<a href='http://www.szse.cn/certificate/individual/index.html?code=002799' target='_blank'><u>环球印务</u></a>"", ""agltgb"": ""3.20"", ""agssrq"": ""2016-06-08"", ""agzgb"": ""3.20"", ""bk"": ""主板"", ""gskzjglx"": ""-"", ""sfjybjqcy"": ""-"", ""sshymc"": ""C 制造业"", ""ylbz"": ""-""}",OFFICIAL_SZSE_BOARD_FIELD
SZSE,MAIN,A_SHARE,002800,天顺股份,2016-05-30,https://www.szse.cn/api/report/ShowReport/data?SHOWTYPE=JSON&CATALOGID=1110&TABKEY=tab1&PAGENO=64,"{""agdm"": ""002800"", ""agjc"": ""<a href='http://www.szse.cn/certificate/individual/index.html?code=002800' target='_blank'><u>天顺股份</u></a>"", ""agltgb"": ""1.46"", ""agssrq"": ""2016-05-30"", ""agzgb"": ""1.52"", ""bk"": ""主板"", ""gskzjglx"": ""-"", ""sfjybjqcy"": ""-"", ""sshymc"": ""G 运输仓储"", ""ylbz"": ""-""}",OFFICIAL_SZSE_BOARD_FIELD
SZSE,MAIN,A_SHARE,002801,微光股份,2016-06-22,https://www.szse.cn/api/report/ShowReport/data?SHOWTYPE=JSON&CATALOGID=1110&TABKEY=tab1&PAGENO=64,"{""agdm"": ""002801"", ""agjc"": ""<a href='http://www.szse.cn/certificate/individual/index.html?code=002801' target='_blank'><u>微光股份</u></a>"", ""agltgb"": ""1.15"", ""agssrq"": ""2016-06-22"", ""agzgb"": ""2.29"", ""bk"": ""主板"", ""gskzjglx"": ""-"", ""sfjybjqcy"": ""-"", ""sshymc"": ""C 制造业"", ""ylbz"": ""-""}",OFFICIAL_SZSE_BOARD_FIELD
SZSE,MAIN,A_SHARE,002802,洪汇新材,2016-06-29,https://www.szse.cn/api/report/ShowReport/data?SHOWTYPE=JSON&CATALOGID=1110&TABKEY=tab1&PAGENO=64,"{""agdm"": ""002802"", ""agjc"": ""<a href='http://www.szse.cn/certificate/individual/index.html?code=002802' target='_blank'><u>洪汇新材</u></a>"", ""agltgb"": ""1.49"", ""agssrq"": ""2016-06-29"", ""agzgb"": ""1.81"", ""bk"": ""主板"", ""gskzjglx"": ""-"", ""sfjybjqcy"": ""-"", ""sshymc"": ""C 制造业"", ""ylbz"": ""-""}",OFFICIAL_SZSE_BOARD_FIELD
SZSE,MAIN,A_SHARE,002803,吉宏股份,2016-07-12,https://www.szse.cn/api/report/ShowReport/data?SHOWTYPE=JSON&CATALOGID=1110&TABKEY=tab1&PAGENO=64,"{""agdm"": ""002803"", ""agjc"": ""<a href='http://www.szse.cn/certificate/individual/index.html?code=002803' target='_blank'><u>吉宏股份</u></a>"", ""agltgb"": ""2.97"", ""agssrq"": ""2016-07-12"", ""agzgb"": ""3.80"", ""bk"": ""主板"", ""gskzjglx"": ""-"", ""sfjybjqcy"": ""-"", ""sshymc"": ""F 批发零售"", ""ylbz"": ""-""}",OFFICIAL_SZSE_BOARD_FIELD
SZSE,MAIN,A_SHARE,002805,丰元股份,2016-07-07,https://www.szse.cn/api/report/ShowReport/data?SHOWTYPE=JSON&CATALOGID=1110&TABKEY=tab1&PAGENO=64,"{""agdm"": ""002805"", ""agjc"": ""<a href='http://www.szse.cn/certificate/individual/index.html?code=002805' target='_blank'><u>丰元股份</u></a>"", ""agltgb"": ""2.78"", ""agssrq"": ""2016-07-07"", ""agzgb"": ""2.80"", ""bk"": ""主板"", ""gskzjglx"": ""-"", ""sfjybjqcy"": ""-"", ""sshymc"": ""C 制造业"", ""ylbz"": ""-""}",OFFICIAL_SZSE_BOARD_FIELD
SZSE,MAIN,A_SHARE,002806,华锋股份,2016-07-26,https://www.szse.cn/api/report/ShowReport/data?SHOWTYPE=JSON&CATALOGID=1110&TABKEY=tab1&PAGENO=64,"{""agdm"": ""002806"", ""agjc"": ""<a href='http://www.szse.cn/certificate/individual/index.html?code=002806' target='_blank'><u>华锋股份</u></a>"", ""agltgb"": ""1.66"", ""agssrq"": ""2016-07-26"", ""agzgb"": ""2.12"", ""bk"": ""主板"", ""gskzjglx"": ""-"", ""sfjybjqcy"": ""-"", ""sshymc"": ""C 制造业"", ""ylbz"": ""-""}",OFFICIAL_SZSE_BOARD_FIELD
SZSE,MAIN,A_SHARE,002807,江阴银行,2016-09-02,https://www.szse.cn/api/report/ShowReport/data?SHOWTYPE=JSON&CATALOGID=1110&TABKEY=tab1&PAGENO=64,"{""agdm"": ""002807"", ""agjc"": ""<a href='http://www.szse.cn/certificate/individual/index.html?code=002807' target='_blank'><u>江阴银行</u></a>"", ""agltgb"": ""27.03"", ""agssrq"": ""2016-09-02"", ""agzgb"": ""27.07"", ""bk"": ""主板"", ""gskzjglx"": ""-"", ""sfjybjqcy"": ""-"", ""sshymc"": ""J 金融业"", ""ylbz"": ""-""}",OFFICIAL_SZSE_BOARD_FIELD
SZSE,MAIN,A_SHARE,002809,红墙股份,2016-08-23,https://www.szse.cn/api/report/ShowReport/data?SHOWTYPE=JSON&CATALOGID=1110&TABKEY=tab1&PAGENO=64,"{""agdm"": ""002809"", ""agjc"": ""<a href='http://www.szse.cn/certificate/individual/index.html?code=002809' target='_blank'><u>红墙股份</u></a>"", ""agltgb"": ""1.69"", ""agssrq"": ""2016-08-23"", ""agzgb"": ""2.40"", ""bk"": ""主板"", ""gskzjglx"": ""-"", ""sfjybjqcy"": ""-"", ""sshymc"": ""C 制造业"", ""ylbz"": ""-""}",OFFICIAL_SZSE_BOARD_FIELD
SZSE,MAIN,A_SHARE,002810,山东赫达,2016-08-26,https://www.szse.cn/api/report/ShowReport/data?SHOWTYPE=JSON&CATALOGID=1110&TABKEY=tab1&PAGENO=64,"{""agdm"": ""002810"", ""agjc"": ""<a href='http://www.szse.cn/certificate/individual/index.html?code=002810' target='_blank'><u>山东赫达</u></a>"", ""agltgb"": ""3.22"", ""agssrq"": ""2016-08-26"", ""agzgb"": ""3.49"", ""bk"": ""主板"", ""gskzjglx"": ""-"", ""sfjybjqcy"": ""-"", ""sshymc"": ""C 制造业"", ""ylbz"": ""-""}",OFFICIAL_SZSE_BOARD_FIELD
SZSE,MAIN,A_SHARE,002811,郑中设计,2016-09-08,https://www.szse.cn/api/report/ShowReport/data?SHOWTYPE=JSON&CATALOGID=1110&TABKEY=tab1&PAGENO=64,"{""agdm"": ""002811"", ""agjc"": ""<a href='http://www.szse.cn/certificate/individual/index.html?code=002811' target='_blank'><u>郑中设计</u></a>"", ""agltgb"": ""2.83"", ""agssrq"": ""2016-09-08"", ""agzgb"": ""3.07"", ""bk"": ""主板"", ""gskzjglx"": ""-"", ""sfjybjqcy"": ""-"", ""sshymc"": ""M 科研服务"", ""ylbz"": ""-""}",OFFICIAL_SZSE_BOARD_FIELD
SZSE,MAIN,A_SHARE,002812,恩捷股份,2016-09-14,https://www.szse.cn/api/report/ShowReport/data?SHOWTYPE=JSON&CATALOGID=1110&TABKEY=tab1&PAGENO=64,"{""agdm"": ""002812"", ""agjc"": ""<a href='http://www.szse.cn/certificate/individual/index.html?code=002812' target='_blank'><u>恩捷股份</u></a>"", ""agltgb"": ""8.22"", ""agssrq"": ""2016-09-14"", ""agzgb"": ""9.81"", ""bk"": ""主板"", ""gskzjglx"": ""-"", ""sfjybjqcy"": ""-"", ""sshymc"": ""C 制造业"", ""ylbz"": ""-""}",OFFICIAL_SZSE_BOARD_FIELD
SZSE,MAIN,A_SHARE,002813,路畅科技,2016-10-12,https://www.szse.cn/api/report/ShowReport/data?SHOWTYPE=JSON&CATALOGID=1110&TABKEY=tab1&PAGENO=65,"{""agdm"": ""002813"", ""agjc"": ""<a href='http://www.szse.cn/certificate/individual/index.html?code=002813' target='_blank'><u>路畅科技</u></a>"", ""agltgb"": ""1.19"", ""agssrq"": ""2016-10-12"", ""agzgb"": ""1.20"", ""bk"": ""主板"", ""gskzjglx"": ""-"", ""sfjybjqcy"": ""-"", ""sshymc"": ""C 制造业"", ""ylbz"": ""-""}",OFFICIAL_SZSE_BOARD_FIELD
SZSE,MAIN,A_SHARE,002815,崇达技术,2016-10-12,https://www.szse.cn/api/report/ShowReport/data?SHOWTYPE=JSON&CATALOGID=1110&TABKEY=tab1&PAGENO=65,"{""agdm"": ""002815"", ""agjc"": ""<a href='http://www.szse.cn/certificate/individual/index.html?code=002815' target='_blank'><u>崇达技术</u></a>"", ""agltgb"": ""7.77"", ""agssrq"": ""2016-10-12"", ""agzgb"": ""12.34"", ""bk"": ""主板"", ""gskzjglx"": ""-"", ""sfjybjqcy"": ""-"", ""sshymc"": ""C 制造业"", ""ylbz"": ""-""}",OFFICIAL_SZSE_BOARD_FIELD
SZSE,MAIN,A_SHARE,002816,*ST和科,2016-10-25,https://www.szse.cn/api/report/ShowReport/data?SHOWTYPE=JSON&CATALOGID=1110&TABKEY=tab1&PAGENO=65,"{""agdm"": ""002816"", ""agjc"": ""<a href='http://www.szse.cn/certificate/individual/index.html?code=002816' target='_blank'><u>*ST和科</u></a>"", ""agltgb"": ""1.00"", ""agssrq"": ""2016-10-25"", ""agzgb"": ""1.00"", ""bk"": ""主板"", ""gskzjglx"": ""-"", ""sfjybjqcy"": ""-"", ""sshymc"": ""C 制造业"", ""ylbz"": ""-""}",OFFICIAL_SZSE_BOARD_FIELD
SZSE,MAIN,A_SHARE,002817,黄山胶囊,2016-10-25,https://www.szse.cn/api/report/ShowReport/data?SHOWTYPE=JSON&CATALOGID=1110&TABKEY=tab1&PAGENO=65,"{""agdm"": ""002817"", ""agjc"": ""<a href='http://www.szse.cn/certificate/individual/index.html?code=002817' target='_blank'><u>黄山胶囊</u></a>"", ""agltgb"": ""2.90"", ""agssrq"": ""2016-10-25"", ""agzgb"": ""2.99"", ""bk"": ""主板"", ""gskzjglx"": ""-"", ""sfjybjqcy"": ""-"", ""sshymc"": ""C 制造业"", ""ylbz"": ""-""}",OFFICIAL_SZSE_BOARD_FIELD
SZSE,MAIN,A_SHARE,002818,富森美,2016-11-09,https://www.szse.cn/api/report/ShowReport/data?SHOWTYPE=JSON&CATALOGID=1110&TABKEY=tab1&PAGENO=65,"{""agdm"": ""002818"", ""agjc"": ""<a href='http://www.szse.cn/certificate/individual/index.html?code=002818' target='_blank'><u>富森美</u></a>"", ""agltgb"": ""2.98"", ""agssrq"": ""2016-11-09"", ""agzgb"": ""7.48"", ""bk"": ""主板"", ""gskzjglx"": ""-"", ""sfjybjqcy"": ""-"", ""sshymc"": ""L 商务服务"", ""ylbz"": ""-""}",OFFICIAL_SZSE_BOARD_FIELD
SZSE,MAIN,A_SHARE,002819,东方中科,2016-11-11,https://www.szse.cn/api/report/ShowReport/data?SHOWTYPE=JSON&CATALOGID=1110&TABKEY=tab1&PAGENO=65,"{""agdm"": ""002819"", ""agjc"": ""<a href='http://www.szse.cn/certificate/individual/index.html?code=002819' target='_blank'><u>东方中科</u></a>"", ""agltgb"": ""2.37"", ""agssrq"": ""2016-11-11"", ""agzgb"": ""2.99"", ""bk"": ""主板"", ""gskzjglx"": ""-"", ""sfjybjqcy"": ""-"", ""sshymc"": ""F 批发零售"", ""ylbz"": ""-""}",OFFICIAL_SZSE_BOARD_FIELD
SZSE,MAIN,A_SHARE,002820,桂发祥,2016-11-18,https://www.szse.cn/api/report/ShowReport/data?SHOWTYPE=JSON&CATALOGID=1110&TABKEY=tab1&PAGENO=65,"{""agdm"": ""002820"", ""agjc"": ""<a href='http://www.szse.cn/certificate/individual/index.html?code=002820' target='_blank'><u>桂发祥</u></a>"", ""agltgb"": ""2.00"", ""agssrq"": ""2016-11-18"", ""agzgb"": ""2.00"", ""bk"": ""主板"", ""gskzjglx"": ""-"", ""sfjybjqcy"": ""-"", ""sshymc"": ""C 制造业"", ""ylbz"": ""-""}",OFFICIAL_SZSE_BOARD_FIELD
SZSE,MAIN,A_SHARE,002821,凯莱英,2016-11-18,https://www.szse.cn/api/report/ShowReport/data?SHOWTYPE=JSON&CATALOGID=1110&TABKEY=tab1&PAGENO=65,"{""agdm"": ""002821"", ""agjc"": ""<a href='http://www.szse.cn/certificate/individual/index.html?code=002821' target='_blank'><u>凯莱英</u></a>"", ""agltgb"": ""3.17"", ""agssrq"": ""2016-11-18"", ""agzgb"": ""3.32"", ""bk"": ""主板"", ""gskzjglx"": ""-"", ""sfjybjqcy"": ""-"", ""sshymc"": ""C 制造业"", ""ylbz"": ""-""}",OFFICIAL_SZSE_BOARD_FIELD
SZSE,MAIN,A_SHARE,002822,ST中装,2016-11-29,https://www.szse.cn/api/report/ShowReport/data?SHOWTYPE=JSON&CATALOGID=1110&TABKEY=tab1&PAGENO=65,"{""agdm"": ""002822"", ""agjc"": ""<a href='http://www.szse.cn/certificate/individual/index.html?code=002822' target='_blank'><u>ST中装</u></a>"", ""agltgb"": ""10.94"", ""agssrq"": ""2016-11-29"", ""agzgb"": ""19.50"", ""bk"": ""主板"", ""gskzjglx"": ""-"", ""sfjybjqcy"": ""-"", ""sshymc"": ""E 建筑业"", ""ylbz"": ""-""}",OFFICIAL_SZSE_BOARD_FIELD
SZSE,MAIN,A_SHARE,002823,凯中精密,2016-11-24,https://www.szse.cn/api/report/ShowReport/data?SHOWTYPE=JSON&CATALOGID=1110&TABKEY=tab1&PAGENO=65,"{""agdm"": ""002823"", ""agjc"": ""<a href='http://www.szse.cn/certificate/individual/index.html?code=002823' target='_blank'><u>凯中精密</u></a>"", ""agltgb"": ""2.23"", ""agssrq"": ""2016-11-24"", ""agzgb"": ""3.28"", ""bk"": ""主板"", ""gskzjglx"": ""-"", ""sfjybjqcy"": ""-"", ""sshymc"": ""C 制造业"", ""ylbz"": ""-""}",OFFICIAL_SZSE_BOARD_FIELD
SZSE,MAIN,A_SHARE,002824,和胜股份,2017-01-12,https://www.szse.cn/api/report/ShowReport/data?SHOWTYPE=JSON&CATALOGID=1110&TABKEY=tab1&PAGENO=65,"{""agdm"": ""002824"", ""agjc"": ""<a href='http://www.szse.cn/certificate/individual/index.html?code=002824' target='_blank'><u>和胜股份</u></a>"", ""agltgb"": ""2.26"", ""agssrq"": ""2017-01-12"", ""agzgb"": ""3.11"", ""bk"": ""主板"", ""gskzjglx"": ""-"", ""sfjybjqcy"": ""-"", ""sshymc"": ""C 制造业"", ""ylbz"": ""-""}",OFFICIAL_SZSE_BOARD_FIELD
SZSE,MAIN,A_SHARE,002825,纳尔股份,2016-11-29,https://www.szse.cn/api/report/ShowReport/data?SHOWTYPE=JSON&CATALOGID=1110&TABKEY=tab1&PAGENO=65,"{""agdm"": ""002825"", ""agjc"": ""<a href='http://www.szse.cn/certificate/individual/index.html?code=002825' target='_blank'><u>纳尔股份</u></a>"", ""agltgb"": ""2.56"", ""agssrq"": ""2016-11-29"", ""agzgb"": ""3.41"", ""bk"": ""主板"", ""gskzjglx"": ""-"", ""sfjybjqcy"": ""-"", ""sshymc"": ""C 制造业"", ""ylbz"": ""-""}",OFFICIAL_SZSE_BOARD_FIELD
SZSE,MAIN,A_SHARE,002826,易明医药,2016-12-09,https://www.szse.cn/api/report/ShowReport/data?SHOWTYPE=JSON&CATALOGID=1110&TABKEY=tab1&PAGENO=65,"{""agdm"": ""002826"", ""agjc"": ""<a href='http://www.szse.cn/certificate/individual/index.html?code=002826' target='_blank'><u>易明医药</u></a>"", ""agltgb"": ""1.84"", ""agssrq"": ""2016-12-09"", ""agzgb"": ""1.90"", ""bk"": ""主板"", ""gskzjglx"": ""-"", ""sfjybjqcy"": ""-"", ""sshymc"": ""C 制造业"", ""ylbz"": ""-""}",OFFICIAL_SZSE_BOARD_FIELD
SZSE,MAIN,A_SHARE,002827,高争民爆,2016-12-09,https://www.szse.cn/api/report/ShowReport/data?SHOWTYPE=JSON&CATALOGID=1110&TABKEY=tab1&PAGENO=65,"{""agdm"": ""002827"", ""agjc"": ""<a href='http://www.szse.cn/certificate/individual/index.html?code=002827' target='_blank'><u>高争民爆</u></a>"", ""agltgb"": ""2.75"", ""agssrq"": ""2016-12-09"", ""agzgb"": ""2.77"", ""bk"": ""主板"", ""gskzjglx"": ""-"", ""sfjybjqcy"": ""-"", ""sshymc"": ""C 制造业"", ""ylbz"": ""-""}",OFFICIAL_SZSE_BOARD_FIELD
SZSE,MAIN,A_SHARE,002828,贝肯能源,2016-12-08,https://www.szse.cn/api/report/ShowReport/data?SHOWTYPE=JSON&CATALOGID=1110&TABKEY=tab1&PAGENO=65,"{""agdm"": ""002828"", ""agjc"": ""<a href='http://www.szse.cn/certificate/individual/index.html?code=002828' target='_blank'><u>贝肯能源</u></a>"", ""agltgb"": ""2.00"", ""agssrq"": ""2016-12-08"", ""agzgb"": ""2.00"", ""bk"": ""主板"", ""gskzjglx"": ""-"", ""sfjybjqcy"": ""-"", ""sshymc"": ""B 采矿业"", ""ylbz"": ""-""}",OFFICIAL_SZSE_BOARD_FIELD
SZSE,MAIN,A_SHARE,002829,星网宇达,2016-12-13,https://www.szse.cn/api/report/ShowReport/data?SHOWTYPE=JSON&CATALOGID=1110&TABKEY=tab1&PAGENO=65,"{""agdm"": ""002829"", ""agjc"": ""<a href='http://www.szse.cn/certificate/individual/index.html?code=002829' target='_blank'><u>星网宇达</u></a>"", ""agltgb"": ""1.50"", ""agssrq"": ""2016-12-13"", ""agzgb"": ""2.07"", ""bk"": ""主板"", ""gskzjglx"": ""-"", ""sfjybjqcy"": ""-"", ""sshymc"": ""C 制造业"", ""ylbz"": ""-""}",OFFICIAL_SZSE_BOARD_FIELD
SZSE,MAIN,A_SHARE,002830,名雕股份,2016-12-13,https://www.szse.cn/api/report/ShowReport/data?SHOWTYPE=JSON&CATALOGID=1110&TABKEY=tab1&PAGENO=65,"{""agdm"": ""002830"", ""agjc"": ""<a href='http://www.szse.cn/certificate/individual/index.html?code=002830' target='_blank'><u>名雕股份</u></a>"", ""agltgb"": ""0.92"", ""agssrq"": ""2016-12-13"", ""agzgb"": ""1.85"", ""bk"": ""主板"", ""gskzjglx"": ""-"", ""sfjybjqcy"": ""-"", ""sshymc"": ""E 建筑业"", ""ylbz"": ""-""}",OFFICIAL_SZSE_BOARD_FIELD
SZSE,MAIN,A_SHARE,002831,裕同科技,2016-12-16,https://www.szse.cn/api/report/ShowReport/data?SHOWTYPE=JSON&CATALOGID=1110&TABKEY=tab1&PAGENO=65,"{""agdm"": ""002831"", ""agjc"": ""<a href='http://www.szse.cn/certificate/individual/index.html?code=002831' target='_blank'><u>裕同科技</u></a>"", ""agltgb"": ""7.14"", ""agssrq"": ""2016-12-16"", ""agzgb"": ""12.88"", ""bk"": ""主板"", ""gskzjglx"": ""-"", ""sfjybjqcy"": ""-"", ""sshymc"": ""C 制造业"", ""ylbz"": ""-""}",OFFICIAL_SZSE_BOARD_FIELD
SZSE,MAIN,A_SHARE,002832,比音勒芬,2016-12-23,https://www.szse.cn/api/report/ShowReport/data?SHOWTYPE=JSON&CATALOGID=1110&TABKEY=tab1&PAGENO=65,"{""agdm"": ""002832"", ""agjc"": ""<a href='http://www.szse.cn/certificate/individual/index.html?code=002832' target='_blank'><u>比音勒芬</u></a>"", ""agltgb"": ""3.86"", ""agssrq"": ""2016-12-23"", ""agzgb"": ""5.70"", ""bk"": ""主板"", ""gskzjglx"": ""-"", ""sfjybjqcy"": ""-"", ""sshymc"": ""C 制造业"", ""ylbz"": ""-""}",OFFICIAL_SZSE_BOARD_FIELD
SZSE,MAIN,A_SHARE,002833,弘亚数控,2016-12-28,https://www.szse.cn/api/report/ShowReport/data?SHOWTYPE=JSON&CATALOGID=1110&TABKEY=tab1&PAGENO=65,"{""agdm"": ""002833"", ""agjc"": ""<a href='http://www.szse.cn/certificate/individual/index.html?code=002833' target='_blank'><u>弘亚数控</u></a>"", ""agltgb"": ""2.92"", ""agssrq"": ""2016-12-28"", ""agzgb"": ""4.29"", ""bk"": ""主板"", ""gskzjglx"": ""-"", ""sfjybjqcy"": ""-"", ""sshymc"": ""C 制造业"", ""ylbz"": ""-""}",OFFICIAL_SZSE_BOARD_FIELD
SZSE,MAIN,A_SHARE,002835,同为股份,2016-12-28,https://www.szse.cn/api/report/ShowReport/data?SHOWTYPE=JSON&CATALOGID=1110&TABKEY=tab1&PAGENO=66,"{""agdm"": ""002835"", ""agjc"": ""<a href='http://www.szse.cn/certificate/individual/index.html?code=002835' target='_blank'><u>同为股份</u></a>"", ""agltgb"": ""1.27"", ""agssrq"": ""2016-12-28"", ""agzgb"": ""2.19"", ""bk"": ""主板"", ""gskzjglx"": ""-"", ""sfjybjqcy"": ""-"", ""sshymc"": ""C 制造业"", ""ylbz"": ""-""}",OFFICIAL_SZSE_BOARD_FIELD
SZSE,MAIN,A_SHARE,002836,新宏泽,2016-12-29,https://www.szse.cn/api/report/ShowReport/data?SHOWTYPE=JSON&CATALOGID=1110&TABKEY=tab1&PAGENO=66,"{""agdm"": ""002836"", ""agjc"": ""<a href='http://www.szse.cn/certificate/individual/index.html?code=002836' target='_blank'><u>新宏泽</u></a>"", ""agltgb"": ""2.30"", ""agssrq"": ""2016-12-29"", ""agzgb"": ""2.30"", ""bk"": ""主板"", ""gskzjglx"": ""-"", ""sfjybjqcy"": ""-"", ""sshymc"": ""C 制造业"", ""ylbz"": ""-""}",OFFICIAL_SZSE_BOARD_FIELD
SZSE,MAIN,A_SHARE,002837,英维克,2016-12-29,https://www.szse.cn/api/report/ShowReport/data?SHOWTYPE=JSON&CATALOGID=1110&TABKEY=tab1&PAGENO=66,"{""agdm"": ""002837"", ""agjc"": ""<a href='http://www.szse.cn/certificate/individual/index.html?code=002837' target='_blank'><u>英维克</u></a>"", ""agltgb"": ""11.34"", ""agssrq"": ""2016-12-29"", ""agzgb"": ""12.78"", ""bk"": ""主板"", ""gskzjglx"": ""-"", ""sfjybjqcy"": ""-"", ""sshymc"": ""C 制造业"", ""ylbz"": ""-""}",OFFICIAL_SZSE_BOARD_FIELD
SZSE,MAIN,A_SHARE,002838,道恩股份,2017-01-06,https://www.szse.cn/api/report/ShowReport/data?SHOWTYPE=JSON&CATALOGID=1110&TABKEY=tab1&PAGENO=66,"{""agdm"": ""002838"", ""agjc"": ""<a href='http://www.szse.cn/certificate/individual/index.html?code=002838' target='_blank'><u>道恩股份</u></a>"", ""agltgb"": ""4.20"", ""agssrq"": ""2017-01-06"", ""agzgb"": ""4.78"", ""bk"": ""主板"", ""gskzjglx"": ""-"", ""sfjybjqcy"": ""-"", ""sshymc"": ""C 制造业"", ""ylbz"": ""-""}",OFFICIAL_SZSE_BOARD_FIELD
SZSE,MAIN,A_SHARE,002839,张家港行,2017-01-24,https://www.szse.cn/api/report/ShowReport/data?SHOWTYPE=JSON&CATALOGID=1110&TABKEY=tab1&PAGENO=66,"{""agdm"": ""002839"", ""agjc"": ""<a href='http://www.szse.cn/certificate/individual/index.html?code=002839' target='_blank'><u>张家港行</u></a>"", ""agltgb"": ""24.42"", ""agssrq"": ""2017-01-24"", ""agzgb"": ""24.44"", ""bk"": ""主板"", ""gskzjglx"": ""-"", ""sfjybjqcy"": ""-"", ""sshymc"": ""J 金融业"", ""ylbz"": ""-""}",OFFICIAL_SZSE_BOARD_FIELD
SZSE,MAIN,A_SHARE,002840,华统股份,2017-01-10,https://www.szse.cn/api/report/ShowReport/data?SHOWTYPE=JSON&CATALOGID=1110&TABKEY=tab1&PAGENO=66,"{""agdm"": ""002840"", ""agjc"": ""<a href='http://www.szse.cn/certificate/individual/index.html?code=002840' target='_blank'><u>华统股份</u></a>"", ""agltgb"": ""7.96"", ""agssrq"": ""2017-01-10"", ""agzgb"": ""8.02"", ""bk"": ""主板"", ""gskzjglx"": ""-"", ""sfjybjqcy"": ""-"", ""sshymc"": ""C 制造业"", ""ylbz"": ""-""}",OFFICIAL_SZSE_BOARD_FIELD
SZSE,MAIN,A_SHARE,002841,视源股份,2017-01-19,https://www.szse.cn/api/report/ShowReport/data?SHOWTYPE=JSON&CATALOGID=1110&TABKEY=tab1&PAGENO=66,"{""agdm"": ""002841"", ""agjc"": ""<a href='http://www.szse.cn/certificate/individual/index.html?code=002841' target='_blank'><u>视源股份</u></a>"", ""agltgb"": ""5.21"", ""agssrq"": ""2017-01-19"", ""agzgb"": ""6.99"", ""bk"": ""主板"", ""gskzjglx"": ""-"", ""sfjybjqcy"": ""-"", ""sshymc"": ""C 制造业"", ""ylbz"": ""-""}",OFFICIAL_SZSE_BOARD_FIELD
SZSE,MAIN,A_SHARE,002842,翔鹭钨业,2017-01-19,https://www.szse.cn/api/report/ShowReport/data?SHOWTYPE=JSON&CATALOGID=1110&TABKEY=tab1&PAGENO=66,"{""agdm"": ""002842"", ""agjc"": ""<a href='http://www.szse.cn/certificate/individual/index.html?code=002842' target='_blank'><u>翔鹭钨业</u></a>"", ""agltgb"": ""2.68"", ""agssrq"": ""2017-01-19"", ""agzgb"": ""3.27"", ""bk"": ""主板"", ""gskzjglx"": ""-"", ""sfjybjqcy"": ""-"", ""sshymc"": ""C 制造业"", ""ylbz"": ""-""}",OFFICIAL_SZSE_BOARD_FIELD
SZSE,MAIN,A_SHARE,002843,泰嘉股份,2017-01-20,https://www.szse.cn/api/report/ShowReport/data?SHOWTYPE=JSON&CATALOGID=1110&TABKEY=tab1&PAGENO=66,"{""agdm"": ""002843"", ""agjc"": ""<a href='http://www.szse.cn/certificate/individual/index.html?code=002843' target='_blank'><u>泰嘉股份</u></a>"", ""agltgb"": ""2.50"", ""agssrq"": ""2017-01-20"", ""agzgb"": ""2.51"", ""bk"": ""主板"", ""gskzjglx"": ""-"", ""sfjybjqcy"": ""-"", ""sshymc"": ""C 制造业"", ""ylbz"": ""-""}",OFFICIAL_SZSE_BOARD_FIELD
SZSE,MAIN,A_SHARE,002845,同兴达,2017-01-25,https://www.szse.cn/api/report/ShowReport/data?SHOWTYPE=JSON&CATALOGID=1110&TABKEY=tab1&PAGENO=66,"{""agdm"": ""002845"", ""agjc"": ""<a href='http://www.szse.cn/certificate/individual/index.html?code=002845' target='_blank'><u>同兴达</u></a>"", ""agltgb"": ""2.50"", ""agssrq"": ""2017-01-25"", ""agzgb"": ""3.27"", ""bk"": ""主板"", ""gskzjglx"": ""-"", ""sfjybjqcy"": ""-"", ""sshymc"": ""C 制造业"", ""ylbz"": ""-""}",OFFICIAL_SZSE_BOARD_FIELD
SZSE,MAIN,A_SHARE,002846,英联股份,2017-02-07,https://www.szse.cn/api/report/ShowReport/data?SHOWTYPE=JSON&CATALOGID=1110&TABKEY=tab1&PAGENO=66,"{""agdm"": ""002846"", ""agjc"": ""<a href='http://www.szse.cn/certificate/individual/index.html?code=002846' target='_blank'><u>英联股份</u></a>"", ""agltgb"": ""2.66"", ""agssrq"": ""2017-02-07"", ""agzgb"": ""4.19"", ""bk"": ""主板"", ""gskzjglx"": ""-"", ""sfjybjqcy"": ""-"", ""sshymc"": ""C 制造业"", ""ylbz"": ""-""}",OFFICIAL_SZSE_BOARD_FIELD
SZSE,MAIN,A_SHARE,002847,盐津铺子,2017-02-08,https://www.szse.cn/api/report/ShowReport/data?SHOWTYPE=JSON&CATALOGID=1110&TABKEY=tab1&PAGENO=66,"{""agdm"": ""002847"", ""agjc"": ""<a href='http://www.szse.cn/certificate/individual/index.html?code=002847' target='_blank'><u>盐津铺子</u></a>"", ""agltgb"": ""2.43"", ""agssrq"": ""2017-02-08"", ""agzgb"": ""2.70"", ""bk"": ""主板"", ""gskzjglx"": ""-"", ""sfjybjqcy"": ""-"", ""sshymc"": ""C 制造业"", ""ylbz"": ""-""}",OFFICIAL_SZSE_BOARD_FIELD
SZSE,MAIN,A_SHARE,002848,高斯贝尔,2017-02-13,https://www.szse.cn/api/report/ShowReport/data?SHOWTYPE=JSON&CATALOGID=1110&TABKEY=tab1&PAGENO=66,"{""agdm"": ""002848"", ""agjc"": ""<a href='http://www.szse.cn/certificate/individual/index.html?code=002848' target='_blank'><u>高斯贝尔</u></a>"", ""agltgb"": ""1.65"", ""agssrq"": ""2017-02-13"", ""agzgb"": ""1.67"", ""bk"": ""主板"", ""gskzjglx"": ""-"", ""sfjybjqcy"": ""-"", ""sshymc"": ""C 制造业"", ""ylbz"": ""-""}",OFFICIAL_SZSE_BOARD_FIELD
SZSE,MAIN,A_SHARE,002849,威星智能,2017-02-17,https://www.szse.cn/api/report/ShowReport/data?SHOWTYPE=JSON&CATALOGID=1110&TABKEY=tab1&PAGENO=66,"{""agdm"": ""002849"", ""agjc"": ""<a href='http://www.szse.cn/certificate/individual/index.html?code=002849' target='_blank'><u>威星智能</u></a>"", ""agltgb"": ""2.18"", ""agssrq"": ""2017-02-17"", ""agzgb"": ""2.20"", ""bk"": ""主板"", ""gskzjglx"": ""-"", ""sfjybjqcy"": ""-"", ""sshymc"": ""C 制造业"", ""ylbz"": ""-""}",OFFICIAL_SZSE_BOARD_FIELD
SZSE,MAIN,A_SHARE,002850,科达利,2017-03-02,https://www.szse.cn/api/report/ShowReport/data?SHOWTYPE=JSON&CATALOGID=1110&TABKEY=tab1&PAGENO=66,"{""agdm"": ""002850"", ""agjc"": ""<a href='http://www.szse.cn/certificate/individual/index.html?code=002850' target='_blank'><u>科达利</u></a>"", ""agltgb"": ""2.09"", ""agssrq"": ""2017-03-02"", ""agzgb"": ""2.86"", ""bk"": ""主板"", ""gskzjglx"": ""-"", ""sfjybjqcy"": ""-"", ""sshymc"": ""C 制造业"", ""ylbz"": ""-""}",OFFICIAL_SZSE_BOARD_FIELD
SZSE,MAIN,A_SHARE,002851,麦格米特,2017-03-06,https://www.szse.cn/api/report/ShowReport/data?SHOWTYPE=JSON&CATALOGID=1110&TABKEY=tab1&PAGENO=66,"{""agdm"": ""002851"", ""agjc"": ""<a href='http://www.szse.cn/certificate/individual/index.html?code=002851' target='_blank'><u>麦格米特</u></a>"", ""agltgb"": ""4.61"", ""agssrq"": ""2017-03-06"", ""agzgb"": ""5.84"", ""bk"": ""主板"", ""gskzjglx"": ""-"", ""sfjybjqcy"": ""-"", ""sshymc"": ""C 制造业"", ""ylbz"": ""-""}",OFFICIAL_SZSE_BOARD_FIELD
SZSE,MAIN,A_SHARE,002852,道道全,2017-03-10,https://www.szse.cn/api/report/ShowReport/data?SHOWTYPE=JSON&CATALOGID=1110&TABKEY=tab1&PAGENO=66,"{""agdm"": ""002852"", ""agjc"": ""<a href='http://www.szse.cn/certificate/individual/index.html?code=002852' target='_blank'><u>道道全</u></a>"", ""agltgb"": ""2.85"", ""agssrq"": ""2017-03-10"", ""agzgb"": ""3.43"", ""bk"": ""主板"", ""gskzjglx"": ""-"", ""sfjybjqcy"": ""-"", ""sshymc"": ""C 制造业"", ""ylbz"": ""-""}",OFFICIAL_SZSE_BOARD_FIELD
SZSE,MAIN,A_SHARE,002853,皮阿诺,2017-03-10,https://www.szse.cn/api/report/ShowReport/data?SHOWTYPE=JSON&CATALOGID=1110&TABKEY=tab1&PAGENO=66,"{""agdm"": ""002853"", ""agjc"": ""<a href='http://www.szse.cn/certificate/individual/index.html?code=002853' target='_blank'><u>皮阿诺</u></a>"", ""agltgb"": ""1.28"", ""agssrq"": ""2017-03-10"", ""agzgb"": ""1.82"", ""bk"": ""主板"", ""gskzjglx"": ""-"", ""sfjybjqcy"": ""-"", ""sshymc"": ""C 制造业"", ""ylbz"": ""-""}",OFFICIAL_SZSE_BOARD_FIELD
SZSE,MAIN,A_SHARE,002855,捷荣技术,2017-03-21,https://www.szse.cn/api/report/ShowReport/data?SHOWTYPE=JSON&CATALOGID=1110&TABKEY=tab1&PAGENO=66,"{""agdm"": ""002855"", ""agjc"": ""<a href='http://www.szse.cn/certificate/individual/index.html?code=002855' target='_blank'><u>捷荣技术</u></a>"", ""agltgb"": ""2.46"", ""agssrq"": ""2017-03-21"", ""agzgb"": ""2.46"", ""bk"": ""主板"", ""gskzjglx"": ""-"", ""sfjybjqcy"": ""-"", ""sshymc"": ""C 制造业"", ""ylbz"": ""-""}",OFFICIAL_SZSE_BOARD_FIELD
SZSE,MAIN,A_SHARE,002856,*ST美芝,2017-03-20,https://www.szse.cn/api/report/ShowReport/data?SHOWTYPE=JSON&CATALOGID=1110&TABKEY=tab1&PAGENO=66,"{""agdm"": ""002856"", ""agjc"": ""<a href='http://www.szse.cn/certificate/individual/index.html?code=002856' target='_blank'><u>*ST美芝</u></a>"", ""agltgb"": ""1.23"", ""agssrq"": ""2017-03-20"", ""agzgb"": ""1.35"", ""bk"": ""主板"", ""gskzjglx"": ""-"", ""sfjybjqcy"": ""-"", ""sshymc"": ""E 建筑业"", ""ylbz"": ""-""}",OFFICIAL_SZSE_BOARD_FIELD
SZSE,MAIN,A_SHARE,002857,三晖电气,2017-03-23,https://www.szse.cn/api/report/ShowReport/data?SHOWTYPE=JSON&CATALOGID=1110&TABKEY=tab1&PAGENO=67,"{""agdm"": ""002857"", ""agjc"": ""<a href='http://www.szse.cn/certificate/individual/index.html?code=002857' target='_blank'><u>三晖电气</u></a>"", ""agltgb"": ""1.28"", ""agssrq"": ""2017-03-23"", ""agzgb"": ""1.30"", ""bk"": ""主板"", ""gskzjglx"": ""-"", ""sfjybjqcy"": ""-"", ""sshymc"": ""C 制造业"", ""ylbz"": ""-""}",OFFICIAL_SZSE_BOARD_FIELD
SZSE,MAIN,A_SHARE,002858,力盛体育,2017-03-24,https://www.szse.cn/api/report/ShowReport/data?SHOWTYPE=JSON&CATALOGID=1110&TABKEY=tab1&PAGENO=67,"{""agdm"": ""002858"", ""agjc"": ""<a href='http://www.szse.cn/certificate/individual/index.html?code=002858' target='_blank'><u>力盛体育</u></a>"", ""agltgb"": ""1.47"", ""agssrq"": ""2017-03-24"", ""agzgb"": ""1.86"", ""bk"": ""主板"", ""gskzjglx"": ""-"", ""sfjybjqcy"": ""-"", ""sshymc"": ""R 文化传播"", ""ylbz"": ""-""}",OFFICIAL_SZSE_BOARD_FIELD
SZSE,MAIN,A_SHARE,002859,洁美科技,2017-04-07,https://www.szse.cn/api/report/ShowReport/data?SHOWTYPE=JSON&CATALOGID=1110&TABKEY=tab1&PAGENO=67,"{""agdm"": ""002859"", ""agjc"": ""<a href='http://www.szse.cn/certificate/individual/index.html?code=002859' target='_blank'><u>洁美科技</u></a>"", ""agltgb"": ""4.28"", ""agssrq"": ""2017-04-07"", ""agzgb"": ""4.53"", ""bk"": ""主板"", ""gskzjglx"": ""-"", ""sfjybjqcy"": ""-"", ""sshymc"": ""C 制造业"", ""ylbz"": ""-""}",OFFICIAL_SZSE_BOARD_FIELD
SZSE,MAIN,A_SHARE,002860,星帅尔,2017-04-12,https://www.szse.cn/api/report/ShowReport/data?SHOWTYPE=JSON&CATALOGID=1110&TABKEY=tab1&PAGENO=67,"{""agdm"": ""002860"", ""agjc"": ""<a href='http://www.szse.cn/certificate/individual/index.html?code=002860' target='_blank'><u>星帅尔</u></a>"", ""agltgb"": ""3.45"", ""agssrq"": ""2017-04-12"", ""agzgb"": ""3.52"", ""bk"": ""主板"", ""gskzjglx"": ""-"", ""sfjybjqcy"": ""-"", ""sshymc"": ""C 制造业"", ""ylbz"": ""-""}",OFFICIAL_SZSE_BOARD_FIELD
SZSE,MAIN,A_SHARE,002861,瀛通通讯,2017-04-13,https://www.szse.cn/api/report/ShowReport/data?SHOWTYPE=JSON&CATALOGID=1110&TABKEY=tab1&PAGENO=67,"{""agdm"": ""002861"", ""agjc"": ""<a href='http://www.szse.cn/certificate/individual/index.html?code=002861' target='_blank'><u>瀛通通讯</u></a>"", ""agltgb"": ""1.45"", ""agssrq"": ""2017-04-13"", ""agzgb"": ""1.86"", ""bk"": ""主板"", ""gskzjglx"": ""-"", ""sfjybjqcy"": ""-"", ""sshymc"": ""C 制造业"", ""ylbz"": ""-""}",OFFICIAL_SZSE_BOARD_FIELD
SZSE,MAIN,A_SHARE,002862,实丰文化,2017-04-11,https://www.szse.cn/api/report/ShowReport/data?SHOWTYPE=JSON&CATALOGID=1110&TABKEY=tab1&PAGENO=67,"{""agdm"": ""002862"", ""agjc"": ""<a href='http://www.szse.cn/certificate/individual/index.html?code=002862' target='_blank'><u>实丰文化</u></a>"", ""agltgb"": ""1.28"", ""agssrq"": ""2017-04-11"", ""agzgb"": ""1.69"", ""bk"": ""主板"", ""gskzjglx"": ""-"", ""sfjybjqcy"": ""-"", ""sshymc"": ""C 制造业"", ""ylbz"": ""-""}",OFFICIAL_SZSE_BOARD_FIELD
SZSE,MAIN,A_SHARE,002863,今飞凯达,2017-04-18,https://www.szse.cn/api/report/ShowReport/data?SHOWTYPE=JSON&CATALOGID=1110&TABKEY=tab1&PAGENO=67,"{""agdm"": ""002863"", ""agjc"": ""<a href='http://www.szse.cn/certificate/individual/index.html?code=002863' target='_blank'><u>今飞凯达</u></a>"", ""agltgb"": ""5.99"", ""agssrq"": ""2017-04-18"", ""agzgb"": ""5.99"", ""bk"": ""主板"", ""gskzjglx"": ""-"", ""sfjybjqcy"": ""-"", ""sshymc"": ""C 制造业"", ""ylbz"": ""-""}",OFFICIAL_SZSE_BOARD_FIELD
SZSE,MAIN,A_SHARE,002864,盘龙药业,2017-11-16,https://www.szse.cn/api/report/ShowReport/data?SHOWTYPE=JSON&CATALOGID=1110&TABKEY=tab1&PAGENO=67,"{""agdm"": ""002864"", ""agjc"": ""<a href='http://www.szse.cn/certificate/individual/index.html?code=002864' target='_blank'><u>盘龙药业</u></a>"", ""agltgb"": ""0.98"", ""agssrq"": ""2017-11-16"", ""agzgb"": ""1.36"", ""bk"": ""主板"", ""gskzjglx"": ""-"", ""sfjybjqcy"": ""-"", ""sshymc"": ""C 制造业"", ""ylbz"": ""-""}",OFFICIAL_SZSE_BOARD_FIELD
SZSE,MAIN,A_SHARE,002865,钧达股份,2017-04-25,https://www.szse.cn/api/report/ShowReport/data?SHOWTYPE=JSON&CATALOGID=1110&TABKEY=tab1&PAGENO=67,"{""agdm"": ""002865"", ""agjc"": ""<a href='http://www.szse.cn/certificate/individual/index.html?code=002865' target='_blank'><u>钧达股份</u></a>"", ""agltgb"": ""2.28"", ""agssrq"": ""2017-04-25"", ""agzgb"": ""2.29"", ""bk"": ""主板"", ""gskzjglx"": ""-"", ""sfjybjqcy"": ""-"", ""sshymc"": ""C 制造业"", ""ylbz"": ""-""}",OFFICIAL_SZSE_BOARD_FIELD
SZSE,MAIN,A_SHARE,002866,传艺科技,2017-04-26,https://www.szse.cn/api/report/ShowReport/data?SHOWTYPE=JSON&CATALOGID=1110&TABKEY=tab1&PAGENO=67,"{""agdm"": ""002866"", ""agjc"": ""<a href='http://www.szse.cn/certificate/individual/index.html?code=002866' target='_blank'><u>传艺科技</u></a>"", ""agltgb"": ""1.83"", ""agssrq"": ""2017-04-26"", ""agzgb"": ""2.89"", ""bk"": ""主板"", ""gskzjglx"": ""-"", ""sfjybjqcy"": ""-"", ""sshymc"": ""C 制造业"", ""ylbz"": ""-""}",OFFICIAL_SZSE_BOARD_FIELD
SZSE,MAIN,A_SHARE,002867,周大生,2017-04-27,https://www.szse.cn/api/report/ShowReport/data?SHOWTYPE=JSON&CATALOGID=1110&TABKEY=tab1&PAGENO=67,"{""agdm"": ""002867"", ""agjc"": ""<a href='http://www.szse.cn/certificate/individual/index.html?code=002867' target='_blank'><u>周大生</u></a>"", ""agltgb"": ""10.79"", ""agssrq"": ""2017-04-27"", ""agzgb"": ""10.85"", ""bk"": ""主板"", ""gskzjglx"": ""-"", ""sfjybjqcy"": ""-"", ""sshymc"": ""F 批发零售"", ""ylbz"": ""-""}",OFFICIAL_SZSE_BOARD_FIELD
SZSE,MAIN,A_SHARE,002868,绿康生化,2017-05-03,https://www.szse.cn/api/report/ShowReport/data?SHOWTYPE=JSON&CATALOGID=1110&TABKEY=tab1&PAGENO=67,"{""agdm"": ""002868"", ""agjc"": ""<a href='http://www.szse.cn/certificate/individual/index.html?code=002868' target='_blank'><u>绿康生化</u></a>"", ""agltgb"": ""1.54"", ""agssrq"": ""2017-05-03"", ""agzgb"": ""1.55"", ""bk"": ""主板"", ""gskzjglx"": ""-"", ""sfjybjqcy"": ""-"", ""sshymc"": ""C 制造业"", ""ylbz"": ""-""}",OFFICIAL_SZSE_BOARD_FIELD
SZSE,MAIN,A_SHARE,002869,金溢科技,2017-05-15,https://www.szse.cn/api/report/ShowReport/data?SHOWTYPE=JSON&CATALOGID=1110&TABKEY=tab1&PAGENO=67,"{""agdm"": ""002869"", ""agjc"": ""<a href='http://www.szse.cn/certificate/individual/index.html?code=002869' target='_blank'><u>金溢科技</u></a>"", ""agltgb"": ""1.58"", ""agssrq"": ""2017-05-15"", ""agzgb"": ""1.76"", ""bk"": ""主板"", ""gskzjglx"": ""-"", ""sfjybjqcy"": ""-"", ""sshymc"": ""C 制造业"", ""ylbz"": ""-""}",OFFICIAL_SZSE_BOARD_FIELD
SZSE,MAIN,A_SHARE,002870,香山股份,2017-05-15,https://www.szse.cn/api/report/ShowReport/data?SHOWTYPE=JSON&CATALOGID=1110&TABKEY=tab1&PAGENO=67,"{""agdm"": ""002870"", ""agjc"": ""<a href='http://www.szse.cn/certificate/individual/index.html?code=002870' target='_blank'><u>香山股份</u></a>"", ""agltgb"": ""1.29"", ""agssrq"": ""2017-05-15"", ""agzgb"": ""1.32"", ""bk"": ""主板"", ""gskzjglx"": ""-"", ""sfjybjqcy"": ""-"", ""sshymc"": ""C 制造业"", ""ylbz"": ""-""}",OFFICIAL_SZSE_BOARD_FIELD
SZSE,MAIN,A_SHARE,002871,伟隆股份,2017-05-11,https://www.szse.cn/api/report/ShowReport/data?SHOWTYPE=JSON&CATALOGID=1110&TABKEY=tab1&PAGENO=67,"{""agdm"": ""002871"", ""agjc"": ""<a href='http://www.szse.cn/certificate/individual/index.html?code=002871' target='_blank'><u>伟隆股份</u></a>"", ""agltgb"": ""1.49"", ""agssrq"": ""2017-05-11"", ""agzgb"": ""2.51"", ""bk"": ""主板"", ""gskzjglx"": ""-"", ""sfjybjqcy"": ""-"", ""sshymc"": ""C 制造业"", ""ylbz"": ""-""}",OFFICIAL_SZSE_BOARD_FIELD
SZSE,MAIN,A_SHARE,002872,ST天圣,2017-05-19,https://www.szse.cn/api/report/ShowReport/data?SHOWTYPE=JSON&CATALOGID=1110&TABKEY=tab1&PAGENO=67,"{""agdm"": ""002872"", ""agjc"": ""<a href='http://www.szse.cn/certificate/individual/index.html?code=002872' target='_blank'><u>ST天圣</u></a>"", ""agltgb"": ""2.14"", ""agssrq"": ""2017-05-19"", ""agzgb"": ""3.18"", ""bk"": ""主板"", ""gskzjglx"": ""-"", ""sfjybjqcy"": ""-"", ""sshymc"": ""C 制造业"", ""ylbz"": ""-""}",OFFICIAL_SZSE_BOARD_FIELD
SZSE,MAIN,A_SHARE,002873,新天药业,2017-05-19,https://www.szse.cn/api/report/ShowReport/data?SHOWTYPE=JSON&CATALOGID=1110&TABKEY=tab1&PAGENO=67,"{""agdm"": ""002873"", ""agjc"": ""<a href='http://www.szse.cn/certificate/individual/index.html?code=002873' target='_blank'><u>新天药业</u></a>"", ""agltgb"": ""2.39"", ""agssrq"": ""2017-05-19"", ""agzgb"": ""2.44"", ""bk"": ""主板"", ""gskzjglx"": ""-"", ""sfjybjqcy"": ""-"", ""sshymc"": ""C 制造业"", ""ylbz"": ""-""}",OFFICIAL_SZSE_BOARD_FIELD
SZSE,MAIN,A_SHARE,002875,安奈儿,2017-06-01,https://www.szse.cn/api/report/ShowReport/data?SHOWTYPE=JSON&CATALOGID=1110&TABKEY=tab1&PAGENO=67,"{""agdm"": ""002875"", ""agjc"": ""<a href='http://www.szse.cn/certificate/individual/index.html?code=002875' target='_blank'><u>安奈儿</u></a>"", ""agltgb"": ""2.12"", ""agssrq"": ""2017-06-01"", ""agzgb"": ""2.12"", ""bk"": ""主板"", ""gskzjglx"": ""-"", ""sfjybjqcy"": ""-"", ""sshymc"": ""C 制造业"", ""ylbz"": ""-""}",OFFICIAL_SZSE_BOARD_FIELD
SZSE,MAIN,A_SHARE,002876,三利谱,2017-05-25,https://www.szse.cn/api/report/ShowReport/data?SHOWTYPE=JSON&CATALOGID=1110&TABKEY=tab1&PAGENO=67,"{""agdm"": ""002876"", ""agjc"": ""<a href='http://www.szse.cn/certificate/individual/index.html?code=002876' target='_blank'><u>三利谱</u></a>"", ""agltgb"": ""1.48"", ""agssrq"": ""2017-05-25"", ""agzgb"": ""1.73"", ""bk"": ""主板"", ""gskzjglx"": ""-"", ""sfjybjqcy"": ""-"", ""sshymc"": ""C 制造业"", ""ylbz"": ""-""}",OFFICIAL_SZSE_BOARD_FIELD
SZSE,MAIN,A_SHARE,002877,智能自控,2017-06-05,https://www.szse.cn/api/report/ShowReport/data?SHOWTYPE=JSON&CATALOGID=1110&TABKEY=tab1&PAGENO=67,"{""agdm"": ""002877"", ""agjc"": ""<a href='http://www.szse.cn/certificate/individual/index.html?code=002877' target='_blank'><u>智能自控</u></a>"", ""agltgb"": ""2.40"", ""agssrq"": ""2017-06-05"", ""agzgb"": ""3.55"", ""bk"": ""主板"", ""gskzjglx"": ""-"", ""sfjybjqcy"": ""-"", ""sshymc"": ""C 制造业"", ""ylbz"": ""-""}",OFFICIAL_SZSE_BOARD_FIELD
SZSE,MAIN,A_SHARE,002878,元隆雅图,2017-06-06,https://www.szse.cn/api/report/ShowReport/data?SHOWTYPE=JSON&CATALOGID=1110&TABKEY=tab1&PAGENO=68,"{""agdm"": ""002878"", ""agjc"": ""<a href='http://www.szse.cn/certificate/individual/index.html?code=002878' target='_blank'><u>元隆雅图</u></a>"", ""agltgb"": ""2.35"", ""agssrq"": ""2017-06-06"", ""agzgb"": ""2.61"", ""bk"": ""主板"", ""gskzjglx"": ""-"", ""sfjybjqcy"": ""-"", ""sshymc"": ""L 商务服务"", ""ylbz"": ""-""}",OFFICIAL_SZSE_BOARD_FIELD
SZSE,MAIN,A_SHARE,002879,长缆科技,2017-07-07,https://www.szse.cn/api/report/ShowReport/data?SHOWTYPE=JSON&CATALOGID=1110&TABKEY=tab1&PAGENO=68,"{""agdm"": ""002879"", ""agjc"": ""<a href='http://www.szse.cn/certificate/individual/index.html?code=002879' target='_blank'><u>长缆科技</u></a>"", ""agltgb"": ""1.37"", ""agssrq"": ""2017-07-07"", ""agzgb"": ""1.93"", ""bk"": ""主板"", ""gskzjglx"": ""-"", ""sfjybjqcy"": ""-"", ""sshymc"": ""C 制造业"", ""ylbz"": ""-""}",OFFICIAL_SZSE_BOARD_FIELD
SZSE,MAIN,A_SHARE,002880,卫光生物,2017-06-16,https://www.szse.cn/api/report/ShowReport/data?SHOWTYPE=JSON&CATALOGID=1110&TABKEY=tab1&PAGENO=68,"{""agdm"": ""002880"", ""agjc"": ""<a href='http://www.szse.cn/certificate/individual/index.html?code=002880' target='_blank'><u>卫光生物</u></a>"", ""agltgb"": ""2.26"", ""agssrq"": ""2017-06-16"", ""agzgb"": ""2.26"", ""bk"": ""主板"", ""gskzjglx"": ""-"", ""sfjybjqcy"": ""-"", ""sshymc"": ""C 制造业"", ""ylbz"": ""-""}",OFFICIAL_SZSE_BOARD_FIELD
SZSE,MAIN,A_SHARE,002881,美格智能,2017-06-22,https://www.szse.cn/api/report/ShowReport/data?SHOWTYPE=JSON&CATALOGID=1110&TABKEY=tab1&PAGENO=68,"{""agdm"": ""002881"", ""agjc"": ""<a href='http://www.szse.cn/certificate/individual/index.html?code=002881' target='_blank'><u>美格智能</u></a>"", ""agltgb"": ""1.81"", ""agssrq"": ""2017-06-22"", ""agzgb"": ""2.61"", ""bk"": ""主板"", ""gskzjglx"": ""-"", ""sfjybjqcy"": ""-"", ""sshymc"": ""C 制造业"", ""ylbz"": ""-""}",OFFICIAL_SZSE_BOARD_FIELD
SZSE,MAIN,A_SHARE,002882,金龙羽,2017-07-17,https://www.szse.cn/api/report/ShowReport/data?SHOWTYPE=JSON&CATALOGID=1110&TABKEY=tab1&PAGENO=68,"{""agdm"": ""002882"", ""agjc"": ""<a href='http://www.szse.cn/certificate/individual/index.html?code=002882' target='_blank'><u>金龙羽</u></a>"", ""agltgb"": ""2.46"", ""agssrq"": ""2017-07-17"", ""agzgb"": ""4.32"", ""bk"": ""主板"", ""gskzjglx"": ""-"", ""sfjybjqcy"": ""-"", ""sshymc"": ""C 制造业"", ""ylbz"": ""-""}",OFFICIAL_SZSE_BOARD_FIELD
SZSE,MAIN,A_SHARE,002883,*ST中设,2017-06-20,https://www.szse.cn/api/report/ShowReport/data?SHOWTYPE=JSON&CATALOGID=1110&TABKEY=tab1&PAGENO=68,"{""agdm"": ""002883"", ""agjc"": ""<a href='http://www.szse.cn/certificate/individual/index.html?code=002883' target='_blank'><u>*ST中设</u></a>"", ""agltgb"": ""1.53"", ""agssrq"": ""2017-06-20"", ""agzgb"": ""1.56"", ""bk"": ""主板"", ""gskzjglx"": ""-"", ""sfjybjqcy"": ""-"", ""sshymc"": ""M 科研服务"", ""ylbz"": ""-""}",OFFICIAL_SZSE_BOARD_FIELD
SZSE,MAIN,A_SHARE,002884,凌霄泵业,2017-07-11,https://www.szse.cn/api/report/ShowReport/data?SHOWTYPE=JSON&CATALOGID=1110&TABKEY=tab1&PAGENO=68,"{""agdm"": ""002884"", ""agjc"": ""<a href='http://www.szse.cn/certificate/individual/index.html?code=002884' target='_blank'><u>凌霄泵业</u></a>"", ""agltgb"": ""2.74"", ""agssrq"": ""2017-07-11"", ""agzgb"": ""3.57"", ""bk"": ""主板"", ""gskzjglx"": ""-"", ""sfjybjqcy"": ""-"", ""sshymc"": ""C 制造业"", ""ylbz"": ""-""}",OFFICIAL_SZSE_BOARD_FIELD
SZSE,MAIN,A_SHARE,002885,京泉华,2017-06-27,https://www.szse.cn/api/report/ShowReport/data?SHOWTYPE=JSON&CATALOGID=1110&TABKEY=tab1&PAGENO=68,"{""agdm"": ""002885"", ""agjc"": ""<a href='http://www.szse.cn/certificate/individual/index.html?code=002885' target='_blank'><u>京泉华</u></a>"", ""agltgb"": ""2.38"", ""agssrq"": ""2017-06-27"", ""agzgb"": ""2.70"", ""bk"": ""主板"", ""gskzjglx"": ""-"", ""sfjybjqcy"": ""-"", ""sshymc"": ""C 制造业"", ""ylbz"": ""-""}",OFFICIAL_SZSE_BOARD_FIELD
SZSE,MAIN,A_SHARE,002886,沃特股份,2017-06-27,https://www.szse.cn/api/report/ShowReport/data?SHOWTYPE=JSON&CATALOGID=1110&TABKEY=tab1&PAGENO=68,"{""agdm"": ""002886"", ""agjc"": ""<a href='http://www.szse.cn/certificate/individual/index.html?code=002886' target='_blank'><u>沃特股份</u></a>"", ""agltgb"": ""2.09"", ""agssrq"": ""2017-06-27"", ""agzgb"": ""2.63"", ""bk"": ""主板"", ""gskzjglx"": ""-"", ""sfjybjqcy"": ""-"", ""sshymc"": ""C 制造业"", ""ylbz"": ""-""}",OFFICIAL_SZSE_BOARD_FIELD
SZSE,MAIN,A_SHARE,002887,绿茵生态,2017-08-01,https://www.szse.cn/api/report/ShowReport/data?SHOWTYPE=JSON&CATALOGID=1110&TABKEY=tab1&PAGENO=68,"{""agdm"": ""002887"", ""agjc"": ""<a href='http://www.szse.cn/certificate/individual/index.html?code=002887' target='_blank'><u>绿茵生态</u></a>"", ""agltgb"": ""2.17"", ""agssrq"": ""2017-08-01"", ""agzgb"": ""3.05"", ""bk"": ""主板"", ""gskzjglx"": ""-"", ""sfjybjqcy"": ""-"", ""sshymc"": ""N 公共环保"", ""ylbz"": ""-""}",OFFICIAL_SZSE_BOARD_FIELD
SZSE,MAIN,A_SHARE,002888,惠威科技,2017-07-21,https://www.szse.cn/api/report/ShowReport/data?SHOWTYPE=JSON&CATALOGID=1110&TABKEY=tab1&PAGENO=68,"{""agdm"": ""002888"", ""agjc"": ""<a href='http://www.szse.cn/certificate/individual/index.html?code=002888' target='_blank'><u>惠威科技</u></a>"", ""agltgb"": ""0.74"", ""agssrq"": ""2017-07-21"", ""agzgb"": ""1.47"", ""bk"": ""主板"", ""gskzjglx"": ""-"", ""sfjybjqcy"": ""-"", ""sshymc"": ""C 制造业"", ""ylbz"": ""-""}",OFFICIAL_SZSE_BOARD_FIELD
SZSE,MAIN,A_SHARE,002889,东方嘉盛,2017-07-31,https://www.szse.cn/api/report/ShowReport/data?SHOWTYPE=JSON&CATALOGID=1110&TABKEY=tab1&PAGENO=68,"{""agdm"": ""002889"", ""agjc"": ""<a href='http://www.szse.cn/certificate/individual/index.html?code=002889' target='_blank'><u>东方嘉盛</u></a>"", ""agltgb"": ""2.51"", ""agssrq"": ""2017-07-31"", ""agzgb"": ""3.77"", ""bk"": ""主板"", ""gskzjglx"": ""-"", ""sfjybjqcy"": ""-"", ""sshymc"": ""L 商务服务"", ""ylbz"": ""-""}",OFFICIAL_SZSE_BOARD_FIELD
SZSE,MAIN,A_SHARE,002890,弘宇股份,2017-08-02,https://www.szse.cn/api/report/ShowReport/data?SHOWTYPE=JSON&CATALOGID=1110&TABKEY=tab1&PAGENO=68,"{""agdm"": ""002890"", ""agjc"": ""<a href='http://www.szse.cn/certificate/individual/index.html?code=002890' target='_blank'><u>弘宇股份</u></a>"", ""agltgb"": ""1.61"", ""agssrq"": ""2017-08-02"", ""agzgb"": ""1.69"", ""bk"": ""主板"", ""gskzjglx"": ""-"", ""sfjybjqcy"": ""-"", ""sshymc"": ""C 制造业"", ""ylbz"": ""-""}",OFFICIAL_SZSE_BOARD_FIELD
SZSE,MAIN,A_SHARE,002891,中宠股份,2017-08-21,https://www.szse.cn/api/report/ShowReport/data?SHOWTYPE=JSON&CATALOGID=1110&TABKEY=tab1&PAGENO=68,"{""agdm"": ""002891"", ""agjc"": ""<a href='http://www.szse.cn/certificate/individual/index.html?code=002891' target='_blank'><u>中宠股份</u></a>"", ""agltgb"": ""3.21"", ""agssrq"": ""2017-08-21"", ""agzgb"": ""3.21"", ""bk"": ""主板"", ""gskzjglx"": ""-"", ""sfjybjqcy"": ""-"", ""sshymc"": ""C 制造业"", ""ylbz"": ""-""}",OFFICIAL_SZSE_BOARD_FIELD
SZSE,MAIN,A_SHARE,002892,科力尔,2017-08-17,https://www.szse.cn/api/report/ShowReport/data?SHOWTYPE=JSON&CATALOGID=1110&TABKEY=tab1&PAGENO=68,"{""agdm"": ""002892"", ""agjc"": ""<a href='http://www.szse.cn/certificate/individual/index.html?code=002892' target='_blank'><u>科力尔</u></a>"", ""agltgb"": ""5.01"", ""agssrq"": ""2017-08-17"", ""agzgb"": ""7.43"", ""bk"": ""主板"", ""gskzjglx"": ""-"", ""sfjybjqcy"": ""-"", ""sshymc"": ""C 制造业"", ""ylbz"": ""-""}",OFFICIAL_SZSE_BOARD_FIELD
SZSE,MAIN,A_SHARE,002893,京能热力,2017-09-15,https://www.szse.cn/api/report/ShowReport/data?SHOWTYPE=JSON&CATALOGID=1110&TABKEY=tab1&PAGENO=68,"{""agdm"": ""002893"", ""agjc"": ""<a href='http://www.szse.cn/certificate/individual/index.html?code=002893' target='_blank'><u>京能热力</u></a>"", ""agltgb"": ""2.02"", ""agssrq"": ""2017-09-15"", ""agzgb"": ""2.63"", ""bk"": ""主板"", ""gskzjglx"": ""-"", ""sfjybjqcy"": ""-"", ""sshymc"": ""D 水电煤气"", ""ylbz"": ""-""}",OFFICIAL_SZSE_BOARD_FIELD
SZSE,MAIN,A_SHARE,002895,川恒股份,2017-08-25,https://www.szse.cn/api/report/ShowReport/data?SHOWTYPE=JSON&CATALOGID=1110&TABKEY=tab1&PAGENO=68,"{""agdm"": ""002895"", ""agjc"": ""<a href='http://www.szse.cn/certificate/individual/index.html?code=002895' target='_blank'><u>川恒股份</u></a>"", ""agltgb"": ""5.99"", ""agssrq"": ""2017-08-25"", ""agzgb"": ""6.05"", ""bk"": ""主板"", ""gskzjglx"": ""-"", ""sfjybjqcy"": ""-"", ""sshymc"": ""C 制造业"", ""ylbz"": ""-""}",OFFICIAL_SZSE_BOARD_FIELD
SZSE,MAIN,A_SHARE,002896,中大力德,2017-08-29,https://www.szse.cn/api/report/ShowReport/data?SHOWTYPE=JSON&CATALOGID=1110&TABKEY=tab1&PAGENO=68,"{""agdm"": ""002896"", ""agjc"": ""<a href='http://www.szse.cn/certificate/individual/index.html?code=002896' target='_blank'><u>中大力德</u></a>"", ""agltgb"": ""1.96"", ""agssrq"": ""2017-08-29"", ""agzgb"": ""1.96"", ""bk"": ""主板"", ""gskzjglx"": ""-"", ""sfjybjqcy"": ""-"", ""sshymc"": ""C 制造业"", ""ylbz"": ""-""}",OFFICIAL_SZSE_BOARD_FIELD
SZSE,MAIN,A_SHARE,002897,意华股份,2017-09-07,https://www.szse.cn/api/report/ShowReport/data?SHOWTYPE=JSON&CATALOGID=1110&TABKEY=tab1&PAGENO=68,"{""agdm"": ""002897"", ""agjc"": ""<a href='http://www.szse.cn/certificate/individual/index.html?code=002897' target='_blank'><u>意华股份</u></a>"", ""agltgb"": ""1.84"", ""agssrq"": ""2017-09-07"", ""agzgb"": ""1.93"", ""bk"": ""主板"", ""gskzjglx"": ""-"", ""sfjybjqcy"": ""-"", ""sshymc"": ""C 制造业"", ""ylbz"": ""-""}",OFFICIAL_SZSE_BOARD_FIELD
SZSE,MAIN,A_SHARE,002899,英派斯,2017-09-15,https://www.szse.cn/api/report/ShowReport/data?SHOWTYPE=JSON&CATALOGID=1110&TABKEY=tab1&PAGENO=68,"{""agdm"": ""002899"", ""agjc"": ""<a href='http://www.szse.cn/certificate/individual/index.html?code=002899' target='_blank'><u>英派斯</u></a>"", ""agltgb"": ""1.47"", ""agssrq"": ""2017-09-15"", ""agzgb"": ""1.47"", ""bk"": ""主板"", ""gskzjglx"": ""-"", ""sfjybjqcy"": ""-"", ""sshymc"": ""C 制造业"", ""ylbz"": ""-""}",OFFICIAL_SZSE_BOARD_FIELD
SZSE,MAIN,A_SHARE,002900,哈三联,2017-09-22,https://www.szse.cn/api/report/ShowReport/data?SHOWTYPE=JSON&CATALOGID=1110&TABKEY=tab1&PAGENO=69,"{""agdm"": ""002900"", ""agjc"": ""<a href='http://www.szse.cn/certificate/individual/index.html?code=002900' target='_blank'><u>哈三联</u></a>"", ""agltgb"": ""1.97"", ""agssrq"": ""2017-09-22"", ""agzgb"": ""3.16"", ""bk"": ""主板"", ""gskzjglx"": ""-"", ""sfjybjqcy"": ""-"", ""sshymc"": ""C 制造业"", ""ylbz"": ""-""}",OFFICIAL_SZSE_BOARD_FIELD
SZSE,MAIN,A_SHARE,002901,大博医疗,2017-09-22,https://www.szse.cn/api/report/ShowReport/data?SHOWTYPE=JSON&CATALOGID=1110&TABKEY=tab1&PAGENO=69,"{""agdm"": ""002901"", ""agjc"": ""<a href='http://www.szse.cn/certificate/individual/index.html?code=002901' target='_blank'><u>大博医疗</u></a>"", ""agltgb"": ""2.88"", ""agssrq"": ""2017-09-22"", ""agzgb"": ""4.14"", ""bk"": ""主板"", ""gskzjglx"": ""-"", ""sfjybjqcy"": ""-"", ""sshymc"": ""C 制造业"", ""ylbz"": ""-""}",OFFICIAL_SZSE_BOARD_FIELD
SZSE,MAIN,A_SHARE,002902,铭普光磁,2017-09-29,https://www.szse.cn/api/report/ShowReport/data?SHOWTYPE=JSON&CATALOGID=1110&TABKEY=tab1&PAGENO=69,"{""agdm"": ""002902"", ""agjc"": ""<a href='http://www.szse.cn/certificate/individual/index.html?code=002902' target='_blank'><u>铭普光磁</u></a>"", ""agltgb"": ""1.86"", ""agssrq"": ""2017-09-29"", ""agzgb"": ""2.35"", ""bk"": ""主板"", ""gskzjglx"": ""-"", ""sfjybjqcy"": ""-"", ""sshymc"": ""C 制造业"", ""ylbz"": ""-""}",OFFICIAL_SZSE_BOARD_FIELD
SZSE,MAIN,A_SHARE,002903,宇环数控,2017-10-13,https://www.szse.cn/api/report/ShowReport/data?SHOWTYPE=JSON&CATALOGID=1110&TABKEY=tab1&PAGENO=69,"{""agdm"": ""002903"", ""agjc"": ""<a href='http://www.szse.cn/certificate/individual/index.html?code=002903' target='_blank'><u>宇环数控</u></a>"", ""agltgb"": ""1.07"", ""agssrq"": ""2017-10-13"", ""agzgb"": ""1.56"", ""bk"": ""主板"", ""gskzjglx"": ""-"", ""sfjybjqcy"": ""-"", ""sshymc"": ""C 制造业"", ""ylbz"": ""-""}",OFFICIAL_SZSE_BOARD_FIELD
SZSE,MAIN,A_SHARE,002905,金逸影视,2017-10-16,https://www.szse.cn/api/report/ShowReport/data?SHOWTYPE=JSON&CATALOGID=1110&TABKEY=tab1&PAGENO=69,"{""agdm"": ""002905"", ""agjc"": ""<a href='http://www.szse.cn/certificate/individual/index.html?code=002905' target='_blank'><u>金逸影视</u></a>"", ""agltgb"": ""3.76"", ""agssrq"": ""2017-10-16"", ""agzgb"": ""3.76"", ""bk"": ""主板"", ""gskzjglx"": ""-"", ""sfjybjqcy"": ""-"", ""sshymc"": ""R 文化传播"", ""ylbz"": ""-""}",OFFICIAL_SZSE_BOARD_FIELD
SZSE,MAIN,A_SHARE,002906,华阳集团,2017-10-13,https://www.szse.cn/api/report/ShowReport/data?SHOWTYPE=JSON&CATALOGID=1110&TABKEY=tab1&PAGENO=69,"{""agdm"": ""002906"", ""agjc"": ""<a href='http://www.szse.cn/certificate/individual/index.html?code=002906' target='_blank'><u>华阳集团</u></a>"", ""agltgb"": ""5.24"", ""agssrq"": ""2017-10-13"", ""agzgb"": ""5.24"", ""bk"": ""主板"", ""gskzjglx"": ""-"", ""sfjybjqcy"": ""-"", ""sshymc"": ""C 制造业"", ""ylbz"": ""-""}",OFFICIAL_SZSE_BOARD_FIELD
SZSE,MAIN,A_SHARE,002907,华森制药,2017-10-20,https://www.szse.cn/api/report/ShowReport/data?SHOWTYPE=JSON&CATALOGID=1110&TABKEY=tab1&PAGENO=69,"{""agdm"": ""002907"", ""agjc"": ""<a href='http://www.szse.cn/certificate/individual/index.html?code=002907' target='_blank'><u>华森制药</u></a>"", ""agltgb"": ""3.39"", ""agssrq"": ""2017-10-20"", ""agzgb"": ""4.17"", ""bk"": ""主板"", ""gskzjglx"": ""-"", ""sfjybjqcy"": ""-"", ""sshymc"": ""C 制造业"", ""ylbz"": ""-""}",OFFICIAL_SZSE_BOARD_FIELD
SZSE,MAIN,A_SHARE,002908,德生科技,2017-10-20,https://www.szse.cn/api/report/ShowReport/data?SHOWTYPE=JSON&CATALOGID=1110&TABKEY=tab1&PAGENO=69,"{""agdm"": ""002908"", ""agjc"": ""<a href='http://www.szse.cn/certificate/individual/index.html?code=002908' target='_blank'><u>德生科技</u></a>"", ""agltgb"": ""3.25"", ""agssrq"": ""2017-10-20"", ""agzgb"": ""4.31"", ""bk"": ""主板"", ""gskzjglx"": ""-"", ""sfjybjqcy"": ""-"", ""sshymc"": ""I 信息技术"", ""ylbz"": ""-""}",OFFICIAL_SZSE_BOARD_FIELD
SZSE,MAIN,A_SHARE,002909,集泰股份,2017-10-26,https://www.szse.cn/api/report/ShowReport/data?SHOWTYPE=JSON&CATALOGID=1110&TABKEY=tab1&PAGENO=69,"{""agdm"": ""002909"", ""agjc"": ""<a href='http://www.szse.cn/certificate/individual/index.html?code=002909' target='_blank'><u>集泰股份</u></a>"", ""agltgb"": ""3.80"", ""agssrq"": ""2017-10-26"", ""agzgb"": ""3.90"", ""bk"": ""主板"", ""gskzjglx"": ""-"", ""sfjybjqcy"": ""-"", ""sshymc"": ""C 制造业"", ""ylbz"": ""-""}",OFFICIAL_SZSE_BOARD_FIELD
SZSE,MAIN,A_SHARE,002910,庄园牧场,2017-10-31,https://www.szse.cn/api/report/ShowReport/data?SHOWTYPE=JSON&CATALOGID=1110&TABKEY=tab1&PAGENO=69,"{""agdm"": ""002910"", ""agjc"": ""<a href='http://www.szse.cn/certificate/individual/index.html?code=002910' target='_blank'><u>庄园牧场</u></a>"", ""agltgb"": ""1.71"", ""agssrq"": ""2017-10-31"", ""agzgb"": ""1.95"", ""bk"": ""主板"", ""gskzjglx"": ""-"", ""sfjybjqcy"": ""-"", ""sshymc"": ""C 制造业"", ""ylbz"": ""-""}",OFFICIAL_SZSE_BOARD_FIELD
SZSE,MAIN,A_SHARE,002911,佛燃能源,2017-11-22,https://www.szse.cn/api/report/ShowReport/data?SHOWTYPE=JSON&CATALOGID=1110&TABKEY=tab1&PAGENO=69,"{""agdm"": ""002911"", ""agjc"": ""<a href='http://www.szse.cn/certificate/individual/index.html?code=002911' target='_blank'><u>佛燃能源</u></a>"", ""agltgb"": ""12.67"", ""agssrq"": ""2017-11-22"", ""agzgb"": ""12.98"", ""bk"": ""主板"", ""gskzjglx"": ""-"", ""sfjybjqcy"": ""-"", ""sshymc"": ""D 水电煤气"", ""ylbz"": ""-""}",OFFICIAL_SZSE_BOARD_FIELD
SZSE,MAIN,A_SHARE,002912,中新赛克,2017-11-21,https://www.szse.cn/api/report/ShowReport/data?SHOWTYPE=JSON&CATALOGID=1110&TABKEY=tab1&PAGENO=69,"{""agdm"": ""002912"", ""agjc"": ""<a href='http://www.szse.cn/certificate/individual/index.html?code=002912' target='_blank'><u>中新赛克</u></a>"", ""agltgb"": ""1.62"", ""agssrq"": ""2017-11-21"", ""agzgb"": ""1.70"", ""bk"": ""主板"", ""gskzjglx"": ""-"", ""sfjybjqcy"": ""-"", ""sshymc"": ""I 信息技术"", ""ylbz"": ""-""}",OFFICIAL_SZSE_BOARD_FIELD
SZSE,MAIN,A_SHARE,002913,奥士康,2017-12-01,https://www.szse.cn/api/report/ShowReport/data?SHOWTYPE=JSON&CATALOGID=1110&TABKEY=tab1&PAGENO=69,"{""agdm"": ""002913"", ""agjc"": ""<a href='http://www.szse.cn/certificate/individual/index.html?code=002913' target='_blank'><u>奥士康</u></a>"", ""agltgb"": ""3.05"", ""agssrq"": ""2017-12-01"", ""agzgb"": ""3.17"", ""bk"": ""主板"", ""gskzjglx"": ""-"", ""sfjybjqcy"": ""-"", ""sshymc"": ""C 制造业"", ""ylbz"": ""-""}",OFFICIAL_SZSE_BOARD_FIELD
SZSE,MAIN,A_SHARE,002915,中欣氟材,2017-12-05,https://www.szse.cn/api/report/ShowReport/data?SHOWTYPE=JSON&CATALOGID=1110&TABKEY=tab1&PAGENO=69,"{""agdm"": ""002915"", ""agjc"": ""<a href='http://www.szse.cn/certificate/individual/index.html?code=002915' target='_blank'><u>中欣氟材</u></a>"", ""agltgb"": ""2.91"", ""agssrq"": ""2017-12-05"", ""agzgb"": ""3.35"", ""bk"": ""主板"", ""gskzjglx"": ""-"", ""sfjybjqcy"": ""-"", ""sshymc"": ""C 制造业"", ""ylbz"": ""-""}",OFFICIAL_SZSE_BOARD_FIELD
SZSE,MAIN,A_SHARE,002916,深南电路,2017-12-13,https://www.szse.cn/api/report/ShowReport/data?SHOWTYPE=JSON&CATALOGID=1110&TABKEY=tab1&PAGENO=69,"{""agdm"": ""002916"", ""agjc"": ""<a href='http://www.szse.cn/certificate/individual/index.html?code=002916' target='_blank'><u>深南电路</u></a>"", ""agltgb"": ""6.65"", ""agssrq"": ""2017-12-13"", ""agzgb"": ""6.81"", ""bk"": ""主板"", ""gskzjglx"": ""-"", ""sfjybjqcy"": ""-"", ""sshymc"": ""C 制造业"", ""ylbz"": ""-""}",OFFICIAL_SZSE_BOARD_FIELD
SZSE,MAIN,A_SHARE,002917,金奥博,2017-12-08,https://www.szse.cn/api/report/ShowReport/data?SHOWTYPE=JSON&CATALOGID=1110&TABKEY=tab1&PAGENO=69,"{""agdm"": ""002917"", ""agjc"": ""<a href='http://www.szse.cn/certificate/individual/index.html?code=002917' target='_blank'><u>金奥博</u></a>"", ""agltgb"": ""2.60"", ""agssrq"": ""2017-12-08"", ""agzgb"": ""3.47"", ""bk"": ""主板"", ""gskzjglx"": ""-"", ""sfjybjqcy"": ""-"", ""sshymc"": ""C 制造业"", ""ylbz"": ""-""}",OFFICIAL_SZSE_BOARD_FIELD
SZSE,MAIN,A_SHARE,002918,蒙娜丽莎,2017-12-19,https://www.szse.cn/api/report/ShowReport/data?SHOWTYPE=JSON&CATALOGID=1110&TABKEY=tab1&PAGENO=69,"{""agdm"": ""002918"", ""agjc"": ""<a href='http://www.szse.cn/certificate/individual/index.html?code=002918' target='_blank'><u>蒙娜丽莎</u></a>"", ""agltgb"": ""2.14"", ""agssrq"": ""2017-12-19"", ""agzgb"": ""4.08"", ""bk"": ""主板"", ""gskzjglx"": ""-"", ""sfjybjqcy"": ""-"", ""sshymc"": ""C 制造业"", ""ylbz"": ""-""}",OFFICIAL_SZSE_BOARD_FIELD
SZSE,MAIN,A_SHARE,002919,名臣健康,2017-12-18,https://www.szse.cn/api/report/ShowReport/data?SHOWTYPE=JSON&CATALOGID=1110&TABKEY=tab1&PAGENO=69,"{""agdm"": ""002919"", ""agjc"": ""<a href='http://www.szse.cn/certificate/individual/index.html?code=002919' target='_blank'><u>名臣健康</u></a>"", ""agltgb"": ""2.64"", ""agssrq"": ""2017-12-18"", ""agzgb"": ""2.66"", ""bk"": ""主板"", ""gskzjglx"": ""-"", ""sfjybjqcy"": ""-"", ""sshymc"": ""I 信息技术"", ""ylbz"": ""-""}",OFFICIAL_SZSE_BOARD_FIELD
SZSE,MAIN,A_SHARE,002920,德赛西威,2017-12-26,https://www.szse.cn/api/report/ShowReport/data?SHOWTYPE=JSON&CATALOGID=1110&TABKEY=tab1&PAGENO=69,"{""agdm"": ""002920"", ""agjc"": ""<a href='http://www.szse.cn/certificate/individual/index.html?code=002920' target='_blank'><u>德赛西威</u></a>"", ""agltgb"": ""5.96"", ""agssrq"": ""2017-12-26"", ""agzgb"": ""5.96"", ""bk"": ""主板"", ""gskzjglx"": ""-"", ""sfjybjqcy"": ""-"", ""sshymc"": ""C 制造业"", ""ylbz"": ""-""}",OFFICIAL_SZSE_BOARD_FIELD
SZSE,MAIN,A_SHARE,002921,联诚精密,2017-12-27,https://www.szse.cn/api/report/ShowReport/data?SHOWTYPE=JSON&CATALOGID=1110&TABKEY=tab1&PAGENO=69,"{""agdm"": ""002921"", ""agjc"": ""<a href='http://www.szse.cn/certificate/individual/index.html?code=002921' target='_blank'><u>联诚精密</u></a>"", ""agltgb"": ""1.28"", ""agssrq"": ""2017-12-27"", ""agzgb"": ""1.48"", ""bk"": ""主板"", ""gskzjglx"": ""-"", ""sfjybjqcy"": ""-"", ""sshymc"": ""C 制造业"", ""ylbz"": ""-""}",OFFICIAL_SZSE_BOARD_FIELD
SZSE,MAIN,A_SHARE,002922,伊戈尔,2017-12-29,https://www.szse.cn/api/report/ShowReport/data?SHOWTYPE=JSON&CATALOGID=1110&TABKEY=tab1&PAGENO=70,"{""agdm"": ""002922"", ""agjc"": ""<a href='http://www.szse.cn/certificate/individual/index.html?code=002922' target='_blank'><u>伊戈尔</u></a>"", ""agltgb"": ""3.82"", ""agssrq"": ""2017-12-29"", ""agzgb"": ""4.22"", ""bk"": ""主板"", ""gskzjglx"": ""-"", ""sfjybjqcy"": ""-"", ""sshymc"": ""C 制造业"", ""ylbz"": ""-""}",OFFICIAL_SZSE_BOARD_FIELD
SZSE,MAIN,A_SHARE,002923,润都股份,2018-01-05,https://www.szse.cn/api/report/ShowReport/data?SHOWTYPE=JSON&CATALOGID=1110&TABKEY=tab1&PAGENO=70,"{""agdm"": ""002923"", ""agjc"": ""<a href='http://www.szse.cn/certificate/individual/index.html?code=002923' target='_blank'><u>润都股份</u></a>"", ""agltgb"": ""2.58"", ""agssrq"": ""2018-01-05"", ""agzgb"": ""3.34"", ""bk"": ""主板"", ""gskzjglx"": ""-"", ""sfjybjqcy"": ""-"", ""sshymc"": ""C 制造业"", ""ylbz"": ""-""}",OFFICIAL_SZSE_BOARD_FIELD
SZSE,MAIN,A_SHARE,002925,盈趣科技,2018-01-15,https://www.szse.cn/api/report/ShowReport/data?SHOWTYPE=JSON&CATALOGID=1110&TABKEY=tab1&PAGENO=70,"{""agdm"": ""002925"", ""agjc"": ""<a href='http://www.szse.cn/certificate/individual/index.html?code=002925' target='_blank'><u>盈趣科技</u></a>"", ""agltgb"": ""7.31"", ""agssrq"": ""2018-01-15"", ""agzgb"": ""7.71"", ""bk"": ""主板"", ""gskzjglx"": ""-"", ""sfjybjqcy"": ""-"", ""sshymc"": ""C 制造业"", ""ylbz"": ""-""}",OFFICIAL_SZSE_BOARD_FIELD
SZSE,MAIN,A_SHARE,002926,华西证券,2018-02-05,https://www.szse.cn/api/report/ShowReport/data?SHOWTYPE=JSON&CATALOGID=1110&TABKEY=tab1&PAGENO=70,"{""agdm"": ""002926"", ""agjc"": ""<a href='http://www.szse.cn/certificate/individual/index.html?code=002926' target='_blank'><u>华西证券</u></a>"", ""agltgb"": ""26.25"", ""agssrq"": ""2018-02-05"", ""agzgb"": ""26.25"", ""bk"": ""主板"", ""gskzjglx"": ""-"", ""sfjybjqcy"": ""-"", ""sshymc"": ""J 金融业"", ""ylbz"": ""-""}",OFFICIAL_SZSE_BOARD_FIELD
SZSE,MAIN,A_SHARE,002927,泰永长征,2018-02-23,https://www.szse.cn/api/report/ShowReport/data?SHOWTYPE=JSON&CATALOGID=1110&TABKEY=tab1&PAGENO=70,"{""agdm"": ""002927"", ""agjc"": ""<a href='http://www.szse.cn/certificate/individual/index.html?code=002927' target='_blank'><u>泰永长征</u></a>"", ""agltgb"": ""2.20"", ""agssrq"": ""2018-02-23"", ""agzgb"": ""2.23"", ""bk"": ""主板"", ""gskzjglx"": ""-"", ""sfjybjqcy"": ""-"", ""sshymc"": ""C 制造业"", ""ylbz"": ""-""}",OFFICIAL_SZSE_BOARD_FIELD
SZSE,MAIN,A_SHARE,002928,华夏航空,2018-03-02,https://www.szse.cn/api/report/ShowReport/data?SHOWTYPE=JSON&CATALOGID=1110&TABKEY=tab1&PAGENO=70,"{""agdm"": ""002928"", ""agjc"": ""<a href='http://www.szse.cn/certificate/individual/index.html?code=002928' target='_blank'><u>华夏航空</u></a>"", ""agltgb"": ""12.78"", ""agssrq"": ""2018-03-02"", ""agzgb"": ""12.78"", ""bk"": ""主板"", ""gskzjglx"": ""-"", ""sfjybjqcy"": ""-"", ""sshymc"": ""G 运输仓储"", ""ylbz"": ""-""}",OFFICIAL_SZSE_BOARD_FIELD
SZSE,MAIN,A_SHARE,002929,润建股份,2018-03-01,https://www.szse.cn/api/report/ShowReport/data?SHOWTYPE=JSON&CATALOGID=1110&TABKEY=tab1&PAGENO=70,"{""agdm"": ""002929"", ""agjc"": ""<a href='http://www.szse.cn/certificate/individual/index.html?code=002929' target='_blank'><u>润建股份</u></a>"", ""agltgb"": ""2.16"", ""agssrq"": ""2018-03-01"", ""agzgb"": ""2.86"", ""bk"": ""主板"", ""gskzjglx"": ""-"", ""sfjybjqcy"": ""-"", ""sshymc"": ""I 信息技术"", ""ylbz"": ""-""}",OFFICIAL_SZSE_BOARD_FIELD
SZSE,MAIN,A_SHARE,002930,宏川智慧,2018-03-28,https://www.szse.cn/api/report/ShowReport/data?SHOWTYPE=JSON&CATALOGID=1110&TABKEY=tab1&PAGENO=70,"{""agdm"": ""002930"", ""agjc"": ""<a href='http://www.szse.cn/certificate/individual/index.html?code=002930' target='_blank'><u>宏川智慧</u></a>"", ""agltgb"": ""4.33"", ""agssrq"": ""2018-03-28"", ""agzgb"": ""4.58"", ""bk"": ""主板"", ""gskzjglx"": ""-"", ""sfjybjqcy"": ""-"", ""sshymc"": ""G 运输仓储"", ""ylbz"": ""-""}",OFFICIAL_SZSE_BOARD_FIELD
SZSE,MAIN,A_SHARE,002931,锋龙股份,2018-04-03,https://www.szse.cn/api/report/ShowReport/data?SHOWTYPE=JSON&CATALOGID=1110&TABKEY=tab1&PAGENO=70,"{""agdm"": ""002931"", ""agjc"": ""<a href='http://www.szse.cn/certificate/individual/index.html?code=002931' target='_blank'><u>锋龙股份</u></a>"", ""agltgb"": ""2.02"", ""agssrq"": ""2018-04-03"", ""agzgb"": ""2.18"", ""bk"": ""主板"", ""gskzjglx"": ""-"", ""sfjybjqcy"": ""-"", ""sshymc"": ""C 制造业"", ""ylbz"": ""-""}",OFFICIAL_SZSE_BOARD_FIELD
SZSE,MAIN,A_SHARE,002932,*ST明德,2018-07-10,https://www.szse.cn/api/report/ShowReport/data?SHOWTYPE=JSON&CATALOGID=1110&TABKEY=tab1&PAGENO=70,"{""agdm"": ""002932"", ""agjc"": ""<a href='http://www.szse.cn/certificate/individual/index.html?code=002932' target='_blank'><u>*ST明德</u></a>"", ""agltgb"": ""1.56"", ""agssrq"": ""2018-07-10"", ""agzgb"": ""2.32"", ""bk"": ""主板"", ""gskzjglx"": ""-"", ""sfjybjqcy"": ""-"", ""sshymc"": ""C 制造业"", ""ylbz"": ""-""}",OFFICIAL_SZSE_BOARD_FIELD
SZSE,MAIN,A_SHARE,002933,新兴装备,2018-08-28,https://www.szse.cn/api/report/ShowReport/data?SHOWTYPE=JSON&CATALOGID=1110&TABKEY=tab1&PAGENO=70,"{""agdm"": ""002933"", ""agjc"": ""<a href='http://www.szse.cn/certificate/individual/index.html?code=002933' target='_blank'><u>新兴装备</u></a>"", ""agltgb"": ""1.16"", ""agssrq"": ""2018-08-28"", ""agzgb"": ""1.17"", ""bk"": ""主板"", ""gskzjglx"": ""-"", ""sfjybjqcy"": ""-"", ""sshymc"": ""C 制造业"", ""ylbz"": ""-""}",OFFICIAL_SZSE_BOARD_FIELD
SZSE,MAIN,A_SHARE,002935,天奥电子,2018-09-03,https://www.szse.cn/api/report/ShowReport/data?SHOWTYPE=JSON&CATALOGID=1110&TABKEY=tab1&PAGENO=70,"{""agdm"": ""002935"", ""agjc"": ""<a href='http://www.szse.cn/certificate/individual/index.html?code=002935' target='_blank'><u>天奥电子</u></a>"", ""agltgb"": ""4.15"", ""agssrq"": ""2018-09-03"", ""agzgb"": ""4.24"", ""bk"": ""主板"", ""gskzjglx"": ""-"", ""sfjybjqcy"": ""-"", ""sshymc"": ""C 制造业"", ""ylbz"": ""-""}",OFFICIAL_SZSE_BOARD_FIELD
SZSE,MAIN,A_SHARE,002936,郑州银行,2018-09-19,https://www.szse.cn/api/report/ShowReport/data?SHOWTYPE=JSON&CATALOGID=1110&TABKEY=tab1&PAGENO=70,"{""agdm"": ""002936"", ""agjc"": ""<a href='http://www.szse.cn/certificate/individual/index.html?code=002936' target='_blank'><u>郑州银行</u></a>"", ""agltgb"": ""70.29"", ""agssrq"": ""2018-09-19"", ""agzgb"": ""70.71"", ""bk"": ""主板"", ""gskzjglx"": ""-"", ""sfjybjqcy"": ""-"", ""sshymc"": ""J 金融业"", ""ylbz"": ""-""}",OFFICIAL_SZSE_BOARD_FIELD
SZSE,MAIN,A_SHARE,002937,兴瑞科技,2018-09-26,https://www.szse.cn/api/report/ShowReport/data?SHOWTYPE=JSON&CATALOGID=1110&TABKEY=tab1&PAGENO=70,"{""agdm"": ""002937"", ""agjc"": ""<a href='http://www.szse.cn/certificate/individual/index.html?code=002937' target='_blank'><u>兴瑞科技</u></a>"", ""agltgb"": ""3.15"", ""agssrq"": ""2018-09-26"", ""agzgb"": ""3.16"", ""bk"": ""主板"", ""gskzjglx"": ""-"", ""sfjybjqcy"": ""-"", ""sshymc"": ""C 制造业"", ""ylbz"": ""-""}",OFFICIAL_SZSE_BOARD_FIELD
SZSE,MAIN,A_SHARE,002938,鹏鼎控股,2018-09-18,https://www.szse.cn/api/report/ShowReport/data?SHOWTYPE=JSON&CATALOGID=1110&TABKEY=tab1&PAGENO=70,"{""agdm"": ""002938"", ""agjc"": ""<a href='http://www.szse.cn/certificate/individual/index.html?code=002938' target='_blank'><u>鹏鼎控股</u></a>"", ""agltgb"": ""23.10"", ""agssrq"": ""2018-09-18"", ""agzgb"": ""23.17"", ""bk"": ""主板"", ""gskzjglx"": ""-"", ""sfjybjqcy"": ""-"", ""sshymc"": ""C 制造业"", ""ylbz"": ""-""}",OFFICIAL_SZSE_BOARD_FIELD
SZSE,MAIN,A_SHARE,002939,长城证券,2018-10-26,https://www.szse.cn/api/report/ShowReport/data?SHOWTYPE=JSON&CATALOGID=1110&TABKEY=tab1&PAGENO=70,"{""agdm"": ""002939"", ""agjc"": ""<a href='http://www.szse.cn/certificate/individual/index.html?code=002939' target='_blank'><u>长城证券</u></a>"", ""agltgb"": ""36.02"", ""agssrq"": ""2018-10-26"", ""agzgb"": ""40.34"", ""bk"": ""主板"", ""gskzjglx"": ""-"", ""sfjybjqcy"": ""-"", ""sshymc"": ""J 金融业"", ""ylbz"": ""-""}",OFFICIAL_SZSE_BOARD_FIELD
SZSE,MAIN,A_SHARE,002940,昂利康,2018-10-23,https://www.szse.cn/api/report/ShowReport/data?SHOWTYPE=JSON&CATALOGID=1110&TABKEY=tab1&PAGENO=70,"{""agdm"": ""002940"", ""agjc"": ""<a href='http://www.szse.cn/certificate/individual/index.html?code=002940' target='_blank'><u>昂利康</u></a>"", ""agltgb"": ""1.84"", ""agssrq"": ""2018-10-23"", ""agzgb"": ""2.01"", ""bk"": ""主板"", ""gskzjglx"": ""-"", ""sfjybjqcy"": ""-"", ""sshymc"": ""C 制造业"", ""ylbz"": ""-""}",OFFICIAL_SZSE_BOARD_FIELD
SZSE,MAIN,A_SHARE,002941,新疆交建,2018-11-28,https://www.szse.cn/api/report/ShowReport/data?SHOWTYPE=JSON&CATALOGID=1110&TABKEY=tab1&PAGENO=70,"{""agdm"": ""002941"", ""agjc"": ""<a href='http://www.szse.cn/certificate/individual/index.html?code=002941' target='_blank'><u>新疆交建</u></a>"", ""agltgb"": ""7.29"", ""agssrq"": ""2018-11-28"", ""agzgb"": ""7.29"", ""bk"": ""主板"", ""gskzjglx"": ""-"", ""sfjybjqcy"": ""-"", ""sshymc"": ""E 建筑业"", ""ylbz"": ""-""}",OFFICIAL_SZSE_BOARD_FIELD
SZSE,MAIN,A_SHARE,002942,新农股份,2018-12-05,https://www.szse.cn/api/report/ShowReport/data?SHOWTYPE=JSON&CATALOGID=1110&TABKEY=tab1&PAGENO=70,"{""agdm"": ""002942"", ""agjc"": ""<a href='http://www.szse.cn/certificate/individual/index.html?code=002942' target='_blank'><u>新农股份</u></a>"", ""agltgb"": ""1.38"", ""agssrq"": ""2018-12-05"", ""agzgb"": ""1.55"", ""bk"": ""主板"", ""gskzjglx"": ""-"", ""sfjybjqcy"": ""-"", ""sshymc"": ""C 制造业"", ""ylbz"": ""-""}",OFFICIAL_SZSE_BOARD_FIELD
SZSE,MAIN,A_SHARE,002943,宇晶股份,2018-11-29,https://www.szse.cn/api/report/ShowReport/data?SHOWTYPE=JSON&CATALOGID=1110&TABKEY=tab1&PAGENO=70,"{""agdm"": ""002943"", ""agjc"": ""<a href='http://www.szse.cn/certificate/individual/index.html?code=002943' target='_blank'><u>宇晶股份</u></a>"", ""agltgb"": ""1.88"", ""agssrq"": ""2018-11-29"", ""agzgb"": ""2.66"", ""bk"": ""主板"", ""gskzjglx"": ""-"", ""sfjybjqcy"": ""-"", ""sshymc"": ""C 制造业"", ""ylbz"": ""-""}",OFFICIAL_SZSE_BOARD_FIELD
SZSE,MAIN,A_SHARE,002945,华林证券,2019-01-17,https://www.szse.cn/api/report/ShowReport/data?SHOWTYPE=JSON&CATALOGID=1110&TABKEY=tab1&PAGENO=71,"{""agdm"": ""002945"", ""agjc"": ""<a href='http://www.szse.cn/certificate/individual/index.html?code=002945' target='_blank'><u>华林证券</u></a>"", ""agltgb"": ""27.00"", ""agssrq"": ""2019-01-17"", ""agzgb"": ""27.00"", ""bk"": ""主板"", ""gskzjglx"": ""-"", ""sfjybjqcy"": ""-"", ""sshymc"": ""J 金融业"", ""ylbz"": ""-""}",OFFICIAL_SZSE_BOARD_FIELD
SZSE,MAIN,A_SHARE,002946,新乳业,2019-01-25,https://www.szse.cn/api/report/ShowReport/data?SHOWTYPE=JSON&CATALOGID=1110&TABKEY=tab1&PAGENO=71,"{""agdm"": ""002946"", ""agjc"": ""<a href='http://www.szse.cn/certificate/individual/index.html?code=002946' target='_blank'><u>新乳业</u></a>"", ""agltgb"": ""8.50"", ""agssrq"": ""2019-01-25"", ""agzgb"": ""8.60"", ""bk"": ""主板"", ""gskzjglx"": ""-"", ""sfjybjqcy"": ""-"", ""sshymc"": ""C 制造业"", ""ylbz"": ""-""}",OFFICIAL_SZSE_BOARD_FIELD
SZSE,MAIN,A_SHARE,002947,恒铭达,2019-02-01,https://www.szse.cn/api/report/ShowReport/data?SHOWTYPE=JSON&CATALOGID=1110&TABKEY=tab1&PAGENO=71,"{""agdm"": ""002947"", ""agjc"": ""<a href='http://www.szse.cn/certificate/individual/index.html?code=002947' target='_blank'><u>恒铭达</u></a>"", ""agltgb"": ""1.98"", ""agssrq"": ""2019-02-01"", ""agzgb"": ""2.56"", ""bk"": ""主板"", ""gskzjglx"": ""-"", ""sfjybjqcy"": ""-"", ""sshymc"": ""C 制造业"", ""ylbz"": ""-""}",OFFICIAL_SZSE_BOARD_FIELD
SZSE,MAIN,A_SHARE,002948,青岛银行,2019-01-16,https://www.szse.cn/api/report/ShowReport/data?SHOWTYPE=JSON&CATALOGID=1110&TABKEY=tab1&PAGENO=71,"{""agdm"": ""002948"", ""agjc"": ""<a href='http://www.szse.cn/certificate/individual/index.html?code=002948' target='_blank'><u>青岛银行</u></a>"", ""agltgb"": ""35.22"", ""agssrq"": ""2019-01-16"", ""agzgb"": ""35.28"", ""bk"": ""主板"", ""gskzjglx"": ""-"", ""sfjybjqcy"": ""-"", ""sshymc"": ""J 金融业"", ""ylbz"": ""-""}",OFFICIAL_SZSE_BOARD_FIELD
SZSE,MAIN,A_SHARE,002949,华阳国际,2019-02-26,https://www.szse.cn/api/report/ShowReport/data?SHOWTYPE=JSON&CATALOGID=1110&TABKEY=tab1&PAGENO=71,"{""agdm"": ""002949"", ""agjc"": ""<a href='http://www.szse.cn/certificate/individual/index.html?code=002949' target='_blank'><u>华阳国际</u></a>"", ""agltgb"": ""1.51"", ""agssrq"": ""2019-02-26"", ""agzgb"": ""1.96"", ""bk"": ""主板"", ""gskzjglx"": ""-"", ""sfjybjqcy"": ""-"", ""sshymc"": ""M 科研服务"", ""ylbz"": ""-""}",OFFICIAL_SZSE_BOARD_FIELD
SZSE,MAIN,A_SHARE,002950,奥美医疗,2019-03-11,https://www.szse.cn/api/report/ShowReport/data?SHOWTYPE=JSON&CATALOGID=1110&TABKEY=tab1&PAGENO=71,"{""agdm"": ""002950"", ""agjc"": ""<a href='http://www.szse.cn/certificate/individual/index.html?code=002950' target='_blank'><u>奥美医疗</u></a>"", ""agltgb"": ""4.29"", ""agssrq"": ""2019-03-11"", ""agzgb"": ""6.33"", ""bk"": ""主板"", ""gskzjglx"": ""-"", ""sfjybjqcy"": ""-"", ""sshymc"": ""C 制造业"", ""ylbz"": ""-""}",OFFICIAL_SZSE_BOARD_FIELD
SZSE,MAIN,A_SHARE,002951,金时科技,2019-03-15,https://www.szse.cn/api/report/ShowReport/data?SHOWTYPE=JSON&CATALOGID=1110&TABKEY=tab1&PAGENO=71,"{""agdm"": ""002951"", ""agjc"": ""<a href='http://www.szse.cn/certificate/individual/index.html?code=002951' target='_blank'><u>金时科技</u></a>"", ""agltgb"": ""4.01"", ""agssrq"": ""2019-03-15"", ""agzgb"": ""4.05"", ""bk"": ""主板"", ""gskzjglx"": ""-"", ""sfjybjqcy"": ""-"", ""sshymc"": ""C 制造业"", ""ylbz"": ""-""}",OFFICIAL_SZSE_BOARD_FIELD
SZSE,MAIN,A_SHARE,002952,亚世光电,2019-03-28,https://www.szse.cn/api/report/ShowReport/data?SHOWTYPE=JSON&CATALOGID=1110&TABKEY=tab1&PAGENO=71,"{""agdm"": ""002952"", ""agjc"": ""<a href='http://www.szse.cn/certificate/individual/index.html?code=002952' target='_blank'><u>亚世光电</u></a>"", ""agltgb"": ""1.34"", ""agssrq"": ""2019-03-28"", ""agzgb"": ""1.64"", ""bk"": ""主板"", ""gskzjglx"": ""-"", ""sfjybjqcy"": ""-"", ""sshymc"": ""C 制造业"", ""ylbz"": ""-""}",OFFICIAL_SZSE_BOARD_FIELD
SZSE,MAIN,A_SHARE,002953,日丰股份,2019-05-09,https://www.szse.cn/api/report/ShowReport/data?SHOWTYPE=JSON&CATALOGID=1110&TABKEY=tab1&PAGENO=71,"{""agdm"": ""002953"", ""agjc"": ""<a href='http://www.szse.cn/certificate/individual/index.html?code=002953' target='_blank'><u>日丰股份</u></a>"", ""agltgb"": ""2.81"", ""agssrq"": ""2019-05-09"", ""agzgb"": ""4.91"", ""bk"": ""主板"", ""gskzjglx"": ""-"", ""sfjybjqcy"": ""-"", ""sshymc"": ""C 制造业"", ""ylbz"": ""-""}",OFFICIAL_SZSE_BOARD_FIELD
SZSE,MAIN,A_SHARE,002955,鸿合科技,2019-05-23,https://www.szse.cn/api/report/ShowReport/data?SHOWTYPE=JSON&CATALOGID=1110&TABKEY=tab1&PAGENO=71,"{""agdm"": ""002955"", ""agjc"": ""<a href='http://www.szse.cn/certificate/individual/index.html?code=002955' target='_blank'><u>鸿合科技</u></a>"", ""agltgb"": ""2.05"", ""agssrq"": ""2019-05-23"", ""agzgb"": ""2.36"", ""bk"": ""主板"", ""gskzjglx"": ""-"", ""sfjybjqcy"": ""-"", ""sshymc"": ""C 制造业"", ""ylbz"": ""-""}",OFFICIAL_SZSE_BOARD_FIELD
SZSE,MAIN,A_SHARE,002956,西麦食品,2019-06-19,https://www.szse.cn/api/report/ShowReport/data?SHOWTYPE=JSON&CATALOGID=1110&TABKEY=tab1&PAGENO=71,"{""agdm"": ""002956"", ""agjc"": ""<a href='http://www.szse.cn/certificate/individual/index.html?code=002956' target='_blank'><u>西麦食品</u></a>"", ""agltgb"": ""3.12"", ""agssrq"": ""2019-06-19"", ""agzgb"": ""3.12"", ""bk"": ""主板"", ""gskzjglx"": ""-"", ""sfjybjqcy"": ""-"", ""sshymc"": ""C 制造业"", ""ylbz"": ""-""}",OFFICIAL_SZSE_BOARD_FIELD
SZSE,MAIN,A_SHARE,002957,科瑞技术,2019-07-26,https://www.szse.cn/api/report/ShowReport/data?SHOWTYPE=JSON&CATALOGID=1110&TABKEY=tab1&PAGENO=71,"{""agdm"": ""002957"", ""agjc"": ""<a href='http://www.szse.cn/certificate/individual/index.html?code=002957' target='_blank'><u>科瑞技术</u></a>"", ""agltgb"": ""4.18"", ""agssrq"": ""2019-07-26"", ""agzgb"": ""4.19"", ""bk"": ""主板"", ""gskzjglx"": ""-"", ""sfjybjqcy"": ""-"", ""sshymc"": ""C 制造业"", ""ylbz"": ""-""}",OFFICIAL_SZSE_BOARD_FIELD
SZSE,MAIN,A_SHARE,002958,青农商行,2019-03-26,https://www.szse.cn/api/report/ShowReport/data?SHOWTYPE=JSON&CATALOGID=1110&TABKEY=tab1&PAGENO=71,"{""agdm"": ""002958"", ""agjc"": ""<a href='http://www.szse.cn/certificate/individual/index.html?code=002958' target='_blank'><u>青农商行</u></a>"", ""agltgb"": ""54.39"", ""agssrq"": ""2019-03-26"", ""agzgb"": ""55.55"", ""bk"": ""主板"", ""gskzjglx"": ""-"", ""sfjybjqcy"": ""-"", ""sshymc"": ""J 金融业"", ""ylbz"": ""-""}",OFFICIAL_SZSE_BOARD_FIELD
SZSE,MAIN,A_SHARE,002959,小熊电器,2019-08-23,https://www.szse.cn/api/report/ShowReport/data?SHOWTYPE=JSON&CATALOGID=1110&TABKEY=tab1&PAGENO=71,"{""agdm"": ""002959"", ""agjc"": ""<a href='http://www.szse.cn/certificate/individual/index.html?code=002959' target='_blank'><u>小熊电器</u></a>"", ""agltgb"": ""1.39"", ""agssrq"": ""2019-08-23"", ""agzgb"": ""1.55"", ""bk"": ""主板"", ""gskzjglx"": ""-"", ""sfjybjqcy"": ""-"", ""sshymc"": ""C 制造业"", ""ylbz"": ""-""}",OFFICIAL_SZSE_BOARD_FIELD
SZSE,MAIN,A_SHARE,002960,青鸟智控,2019-08-09,https://www.szse.cn/api/report/ShowReport/data?SHOWTYPE=JSON&CATALOGID=1110&TABKEY=tab1&PAGENO=71,"{""agdm"": ""002960"", ""agjc"": ""<a href='http://www.szse.cn/certificate/individual/index.html?code=002960' target='_blank'><u>青鸟智控</u></a>"", ""agltgb"": ""9.68"", ""agssrq"": ""2019-08-09"", ""agzgb"": ""10.53"", ""bk"": ""主板"", ""gskzjglx"": ""-"", ""sfjybjqcy"": ""-"", ""sshymc"": ""C 制造业"", ""ylbz"": ""-""}",OFFICIAL_SZSE_BOARD_FIELD
SZSE,MAIN,A_SHARE,002961,瑞达期货,2019-09-05,https://www.szse.cn/api/report/ShowReport/data?SHOWTYPE=JSON&CATALOGID=1110&TABKEY=tab1&PAGENO=71,"{""agdm"": ""002961"", ""agjc"": ""<a href='http://www.szse.cn/certificate/individual/index.html?code=002961' target='_blank'><u>瑞达期货</u></a>"", ""agltgb"": ""4.76"", ""agssrq"": ""2019-09-05"", ""agzgb"": ""4.76"", ""bk"": ""主板"", ""gskzjglx"": ""-"", ""sfjybjqcy"": ""-"", ""sshymc"": ""J 金融业"", ""ylbz"": ""-""}",OFFICIAL_SZSE_BOARD_FIELD
SZSE,MAIN,A_SHARE,002962,五方光电,2019-09-17,https://www.szse.cn/api/report/ShowReport/data?SHOWTYPE=JSON&CATALOGID=1110&TABKEY=tab1&PAGENO=71,"{""agdm"": ""002962"", ""agjc"": ""<a href='http://www.szse.cn/certificate/individual/index.html?code=002962' target='_blank'><u>五方光电</u></a>"", ""agltgb"": ""2.09"", ""agssrq"": ""2019-09-17"", ""agzgb"": ""2.91"", ""bk"": ""主板"", ""gskzjglx"": ""-"", ""sfjybjqcy"": ""-"", ""sshymc"": ""C 制造业"", ""ylbz"": ""-""}",OFFICIAL_SZSE_BOARD_FIELD
SZSE,MAIN,A_SHARE,002963,豪尔赛,2019-10-28,https://www.szse.cn/api/report/ShowReport/data?SHOWTYPE=JSON&CATALOGID=1110&TABKEY=tab1&PAGENO=71,"{""agdm"": ""002963"", ""agjc"": ""<a href='http://www.szse.cn/certificate/individual/index.html?code=002963' target='_blank'><u>豪尔赛</u></a>"", ""agltgb"": ""1.49"", ""agssrq"": ""2019-10-28"", ""agzgb"": ""1.50"", ""bk"": ""主板"", ""gskzjglx"": ""-"", ""sfjybjqcy"": ""-"", ""sshymc"": ""E 建筑业"", ""ylbz"": ""-""}",OFFICIAL_SZSE_BOARD_FIELD
SZSE,MAIN,A_SHARE,002965,祥鑫科技,2019-10-25,https://www.szse.cn/api/report/ShowReport/data?SHOWTYPE=JSON&CATALOGID=1110&TABKEY=tab1&PAGENO=71,"{""agdm"": ""002965"", ""agjc"": ""<a href='http://www.szse.cn/certificate/individual/index.html?code=002965' target='_blank'><u>祥鑫科技</u></a>"", ""agltgb"": ""2.37"", ""agssrq"": ""2019-10-25"", ""agzgb"": ""2.65"", ""bk"": ""主板"", ""gskzjglx"": ""-"", ""sfjybjqcy"": ""-"", ""sshymc"": ""C 制造业"", ""ylbz"": ""-""}",OFFICIAL_SZSE_BOARD_FIELD
SZSE,MAIN,A_SHARE,002966,苏州银行,2019-08-02,https://www.szse.cn/api/report/ShowReport/data?SHOWTYPE=JSON&CATALOGID=1110&TABKEY=tab1&PAGENO=71,"{""agdm"": ""002966"", ""agjc"": ""<a href='http://www.szse.cn/certificate/individual/index.html?code=002966' target='_blank'><u>苏州银行</u></a>"", ""agltgb"": ""43.95"", ""agssrq"": ""2019-08-02"", ""agzgb"": ""44.70"", ""bk"": ""主板"", ""gskzjglx"": ""-"", ""sfjybjqcy"": ""-"", ""sshymc"": ""J 金融业"", ""ylbz"": ""-""}",OFFICIAL_SZSE_BOARD_FIELD
SZSE,MAIN,A_SHARE,002967,广电计量,2019-11-08,https://www.szse.cn/api/report/ShowReport/data?SHOWTYPE=JSON&CATALOGID=1110&TABKEY=tab1&PAGENO=72,"{""agdm"": ""002967"", ""agjc"": ""<a href='http://www.szse.cn/certificate/individual/index.html?code=002967' target='_blank'><u>广电计量</u></a>"", ""agltgb"": ""5.47"", ""agssrq"": ""2019-11-08"", ""agzgb"": ""6.37"", ""bk"": ""主板"", ""gskzjglx"": ""-"", ""sfjybjqcy"": ""-"", ""sshymc"": ""M 科研服务"", ""ylbz"": ""-""}",OFFICIAL_SZSE_BOARD_FIELD
SZSE,MAIN,A_SHARE,002968,新大正,2019-12-03,https://www.szse.cn/api/report/ShowReport/data?SHOWTYPE=JSON&CATALOGID=1110&TABKEY=tab1&PAGENO=72,"{""agdm"": ""002968"", ""agjc"": ""<a href='http://www.szse.cn/certificate/individual/index.html?code=002968' target='_blank'><u>新大正</u></a>"", ""agltgb"": ""2.13"", ""agssrq"": ""2019-12-03"", ""agzgb"": ""2.26"", ""bk"": ""主板"", ""gskzjglx"": ""-"", ""sfjybjqcy"": ""-"", ""sshymc"": ""K 房地产"", ""ylbz"": ""-""}",OFFICIAL_SZSE_BOARD_FIELD
SZSE,MAIN,A_SHARE,002969,嘉美包装,2019-12-02,https://www.szse.cn/api/report/ShowReport/data?SHOWTYPE=JSON&CATALOGID=1110&TABKEY=tab1&PAGENO=72,"{""agdm"": ""002969"", ""agjc"": ""<a href='http://www.szse.cn/certificate/individual/index.html?code=002969' target='_blank'><u>嘉美包装</u></a>"", ""agltgb"": ""10.92"", ""agssrq"": ""2019-12-02"", ""agzgb"": ""10.98"", ""bk"": ""主板"", ""gskzjglx"": ""-"", ""sfjybjqcy"": ""-"", ""sshymc"": ""C 制造业"", ""ylbz"": ""-""}",OFFICIAL_SZSE_BOARD_FIELD
SZSE,MAIN,A_SHARE,002970,锐明技术,2019-12-17,https://www.szse.cn/api/report/ShowReport/data?SHOWTYPE=JSON&CATALOGID=1110&TABKEY=tab1&PAGENO=72,"{""agdm"": ""002970"", ""agjc"": ""<a href='http://www.szse.cn/certificate/individual/index.html?code=002970' target='_blank'><u>锐明技术</u></a>"", ""agltgb"": ""1.31"", ""agssrq"": ""2019-12-17"", ""agzgb"": ""1.84"", ""bk"": ""主板"", ""gskzjglx"": ""-"", ""sfjybjqcy"": ""-"", ""sshymc"": ""I 信息技术"", ""ylbz"": ""-""}",OFFICIAL_SZSE_BOARD_FIELD
SZSE,MAIN,A_SHARE,002971,和远气体,2020-01-13,https://www.szse.cn/api/report/ShowReport/data?SHOWTYPE=JSON&CATALOGID=1110&TABKEY=tab1&PAGENO=72,"{""agdm"": ""002971"", ""agjc"": ""<a href='http://www.szse.cn/certificate/individual/index.html?code=002971' target='_blank'><u>和远气体</u></a>"", ""agltgb"": ""1.61"", ""agssrq"": ""2020-01-13"", ""agzgb"": ""2.10"", ""bk"": ""主板"", ""gskzjglx"": ""-"", ""sfjybjqcy"": ""-"", ""sshymc"": ""C 制造业"", ""ylbz"": ""-""}",OFFICIAL_SZSE_BOARD_FIELD
SZSE,MAIN,A_SHARE,002972,科安达,2019-12-27,https://www.szse.cn/api/report/ShowReport/data?SHOWTYPE=JSON&CATALOGID=1110&TABKEY=tab1&PAGENO=72,"{""agdm"": ""002972"", ""agjc"": ""<a href='http://www.szse.cn/certificate/individual/index.html?code=002972' target='_blank'><u>科安达</u></a>"", ""agltgb"": ""1.38"", ""agssrq"": ""2019-12-27"", ""agzgb"": ""2.46"", ""bk"": ""主板"", ""gskzjglx"": ""-"", ""sfjybjqcy"": ""-"", ""sshymc"": ""C 制造业"", ""ylbz"": ""-""}",OFFICIAL_SZSE_BOARD_FIELD
SZSE,MAIN,A_SHARE,002973,侨银股份,2020-01-06,https://www.szse.cn/api/report/ShowReport/data?SHOWTYPE=JSON&CATALOGID=1110&TABKEY=tab1&PAGENO=72,"{""agdm"": ""002973"", ""agjc"": ""<a href='http://www.szse.cn/certificate/individual/index.html?code=002973' target='_blank'><u>侨银股份</u></a>"", ""agltgb"": ""3.17"", ""agssrq"": ""2020-01-06"", ""agzgb"": ""4.08"", ""bk"": ""主板"", ""gskzjglx"": ""-"", ""sfjybjqcy"": ""-"", ""sshymc"": ""N 公共环保"", ""ylbz"": ""-""}",OFFICIAL_SZSE_BOARD_FIELD
SZSE,MAIN,A_SHARE,002975,博杰股份,2020-02-05,https://www.szse.cn/api/report/ShowReport/data?SHOWTYPE=JSON&CATALOGID=1110&TABKEY=tab1&PAGENO=72,"{""agdm"": ""002975"", ""agjc"": ""<a href='http://www.szse.cn/certificate/individual/index.html?code=002975' target='_blank'><u>博杰股份</u></a>"", ""agltgb"": ""1.37"", ""agssrq"": ""2020-02-05"", ""agzgb"": ""2.08"", ""bk"": ""主板"", ""gskzjglx"": ""-"", ""sfjybjqcy"": ""-"", ""sshymc"": ""C 制造业"", ""ylbz"": ""-""}",OFFICIAL_SZSE_BOARD_FIELD
SZSE,MAIN,A_SHARE,002976,瑞玛精密,2020-03-06,https://www.szse.cn/api/report/ShowReport/data?SHOWTYPE=JSON&CATALOGID=1110&TABKEY=tab1&PAGENO=72,"{""agdm"": ""002976"", ""agjc"": ""<a href='http://www.szse.cn/certificate/individual/index.html?code=002976' target='_blank'><u>瑞玛精密</u></a>"", ""agltgb"": ""1.21"", ""agssrq"": ""2020-03-06"", ""agzgb"": ""1.94"", ""bk"": ""主板"", ""gskzjglx"": ""-"", ""sfjybjqcy"": ""-"", ""sshymc"": ""C 制造业"", ""ylbz"": ""-""}",OFFICIAL_SZSE_BOARD_FIELD
SZSE,MAIN,A_SHARE,002977,*ST天箭,2020-03-17,https://www.szse.cn/api/report/ShowReport/data?SHOWTYPE=JSON&CATALOGID=1110&TABKEY=tab1&PAGENO=72,"{""agdm"": ""002977"", ""agjc"": ""<a href='http://www.szse.cn/certificate/individual/index.html?code=002977' target='_blank'><u>*ST天箭</u></a>"", ""agltgb"": ""0.66"", ""agssrq"": ""2020-03-17"", ""agzgb"": ""1.20"", ""bk"": ""主板"", ""gskzjglx"": ""-"", ""sfjybjqcy"": ""-"", ""sshymc"": ""C 制造业"", ""ylbz"": ""-""}",OFFICIAL_SZSE_BOARD_FIELD
SZSE,MAIN,A_SHARE,002978,安宁股份,2020-04-17,https://www.szse.cn/api/report/ShowReport/data?SHOWTYPE=JSON&CATALOGID=1110&TABKEY=tab1&PAGENO=72,"{""agdm"": ""002978"", ""agjc"": ""<a href='http://www.szse.cn/certificate/individual/index.html?code=002978' target='_blank'><u>安宁股份</u></a>"", ""agltgb"": ""3.69"", ""agssrq"": ""2020-04-17"", ""agzgb"": ""4.71"", ""bk"": ""主板"", ""gskzjglx"": ""-"", ""sfjybjqcy"": ""-"", ""sshymc"": ""B 采矿业"", ""ylbz"": ""-""}",OFFICIAL_SZSE_BOARD_FIELD
SZSE,MAIN,A_SHARE,002979,雷赛智能,2020-04-08,https://www.szse.cn/api/report/ShowReport/data?SHOWTYPE=JSON&CATALOGID=1110&TABKEY=tab1&PAGENO=72,"{""agdm"": ""002979"", ""agjc"": ""<a href='http://www.szse.cn/certificate/individual/index.html?code=002979' target='_blank'><u>雷赛智能</u></a>"", ""agltgb"": ""2.22"", ""agssrq"": ""2020-04-08"", ""agzgb"": ""3.16"", ""bk"": ""主板"", ""gskzjglx"": ""-"", ""sfjybjqcy"": ""-"", ""sshymc"": ""C 制造业"", ""ylbz"": ""-""}",OFFICIAL_SZSE_BOARD_FIELD
SZSE,MAIN,A_SHARE,002980,华盛昌,2020-04-15,https://www.szse.cn/api/report/ShowReport/data?SHOWTYPE=JSON&CATALOGID=1110&TABKEY=tab1&PAGENO=72,"{""agdm"": ""002980"", ""agjc"": ""<a href='http://www.szse.cn/certificate/individual/index.html?code=002980' target='_blank'><u>华盛昌</u></a>"", ""agltgb"": ""1.01"", ""agssrq"": ""2020-04-15"", ""agzgb"": ""1.89"", ""bk"": ""主板"", ""gskzjglx"": ""-"", ""sfjybjqcy"": ""-"", ""sshymc"": ""C 制造业"", ""ylbz"": ""-""}",OFFICIAL_SZSE_BOARD_FIELD
SZSE,MAIN,A_SHARE,002981,朝阳科技,2020-04-17,https://www.szse.cn/api/report/ShowReport/data?SHOWTYPE=JSON&CATALOGID=1110&TABKEY=tab1&PAGENO=72,"{""agdm"": ""002981"", ""agjc"": ""<a href='http://www.szse.cn/certificate/individual/index.html?code=002981' target='_blank'><u>朝阳科技</u></a>"", ""agltgb"": ""1.21"", ""agssrq"": ""2020-04-17"", ""agzgb"": ""1.36"", ""bk"": ""主板"", ""gskzjglx"": ""-"", ""sfjybjqcy"": ""-"", ""sshymc"": ""C 制造业"", ""ylbz"": ""-""}",OFFICIAL_SZSE_BOARD_FIELD
SZSE,MAIN,A_SHARE,002982,湘佳股份,2020-04-24,https://www.szse.cn/api/report/ShowReport/data?SHOWTYPE=JSON&CATALOGID=1110&TABKEY=tab1&PAGENO=72,"{""agdm"": ""002982"", ""agjc"": ""<a href='http://www.szse.cn/certificate/individual/index.html?code=002982' target='_blank'><u>湘佳股份</u></a>"", ""agltgb"": ""1.30"", ""agssrq"": ""2020-04-24"", ""agzgb"": ""2.03"", ""bk"": ""主板"", ""gskzjglx"": ""-"", ""sfjybjqcy"": ""-"", ""sshymc"": ""A 农林牧渔"", ""ylbz"": ""-""}",OFFICIAL_SZSE_BOARD_FIELD
SZSE,MAIN,A_SHARE,002983,芯瑞达,2020-04-28,https://www.szse.cn/api/report/ShowReport/data?SHOWTYPE=JSON&CATALOGID=1110&TABKEY=tab1&PAGENO=72,"{""agdm"": ""002983"", ""agjc"": ""<a href='http://www.szse.cn/certificate/individual/index.html?code=002983' target='_blank'><u>芯瑞达</u></a>"", ""agltgb"": ""1.29"", ""agssrq"": ""2020-04-28"", ""agzgb"": ""2.23"", ""bk"": ""主板"", ""gskzjglx"": ""-"", ""sfjybjqcy"": ""-"", ""sshymc"": ""C 制造业"", ""ylbz"": ""-""}",OFFICIAL_SZSE_BOARD_FIELD
SZSE,MAIN,A_SHARE,002984,森麒麟,2020-09-11,https://www.szse.cn/api/report/ShowReport/data?SHOWTYPE=JSON&CATALOGID=1110&TABKEY=tab1&PAGENO=72,"{""agdm"": ""002984"", ""agjc"": ""<a href='http://www.szse.cn/certificate/individual/index.html?code=002984' target='_blank'><u>森麒麟</u></a>"", ""agltgb"": ""7.13"", ""agssrq"": ""2020-09-11"", ""agzgb"": ""10.36"", ""bk"": ""主板"", ""gskzjglx"": ""-"", ""sfjybjqcy"": ""-"", ""sshymc"": ""C 制造业"", ""ylbz"": ""-""}",OFFICIAL_SZSE_BOARD_FIELD
SZSE,MAIN,A_SHARE,002985,北摩高科,2020-04-29,https://www.szse.cn/api/report/ShowReport/data?SHOWTYPE=JSON&CATALOGID=1110&TABKEY=tab1&PAGENO=72,"{""agdm"": ""002985"", ""agjc"": ""<a href='http://www.szse.cn/certificate/individual/index.html?code=002985' target='_blank'><u>北摩高科</u></a>"", ""agltgb"": ""3.31"", ""agssrq"": ""2020-04-29"", ""agzgb"": ""3.31"", ""bk"": ""主板"", ""gskzjglx"": ""-"", ""sfjybjqcy"": ""-"", ""sshymc"": ""C 制造业"", ""ylbz"": ""-""}",OFFICIAL_SZSE_BOARD_FIELD
SZSE,MAIN,A_SHARE,002986,宇新股份,2020-06-02,https://www.szse.cn/api/report/ShowReport/data?SHOWTYPE=JSON&CATALOGID=1110&TABKEY=tab1&PAGENO=72,"{""agdm"": ""002986"", ""agjc"": ""<a href='http://www.szse.cn/certificate/individual/index.html?code=002986' target='_blank'><u>宇新股份</u></a>"", ""agltgb"": ""3.01"", ""agssrq"": ""2020-06-02"", ""agzgb"": ""3.80"", ""bk"": ""主板"", ""gskzjglx"": ""-"", ""sfjybjqcy"": ""-"", ""sshymc"": ""C 制造业"", ""ylbz"": ""-""}",OFFICIAL_SZSE_BOARD_FIELD
SZSE,MAIN,A_SHARE,002987,京北方,2020-05-07,https://www.szse.cn/api/report/ShowReport/data?SHOWTYPE=JSON&CATALOGID=1110&TABKEY=tab1&PAGENO=72,"{""agdm"": ""002987"", ""agjc"": ""<a href='http://www.szse.cn/certificate/individual/index.html?code=002987' target='_blank'><u>京北方</u></a>"", ""agltgb"": ""10.13"", ""agssrq"": ""2020-05-07"", ""agzgb"": ""10.40"", ""bk"": ""主板"", ""gskzjglx"": ""-"", ""sfjybjqcy"": ""-"", ""sshymc"": ""I 信息技术"", ""ylbz"": ""-""}",OFFICIAL_SZSE_BOARD_FIELD
SZSE,MAIN,A_SHARE,002988,豪美新材,2020-05-18,https://www.szse.cn/api/report/ShowReport/data?SHOWTYPE=JSON&CATALOGID=1110&TABKEY=tab1&PAGENO=73,"{""agdm"": ""002988"", ""agjc"": ""<a href='http://www.szse.cn/certificate/individual/index.html?code=002988' target='_blank'><u>豪美新材</u></a>"", ""agltgb"": ""2.49"", ""agssrq"": ""2020-05-18"", ""agzgb"": ""2.49"", ""bk"": ""主板"", ""gskzjglx"": ""-"", ""sfjybjqcy"": ""-"", ""sshymc"": ""C 制造业"", ""ylbz"": ""-""}",OFFICIAL_SZSE_BOARD_FIELD
SZSE,MAIN,A_SHARE,002989,中天精装,2020-06-10,https://www.szse.cn/api/report/ShowReport/data?SHOWTYPE=JSON&CATALOGID=1110&TABKEY=tab1&PAGENO=73,"{""agdm"": ""002989"", ""agjc"": ""<a href='http://www.szse.cn/certificate/individual/index.html?code=002989' target='_blank'><u>中天精装</u></a>"", ""agltgb"": ""1.97"", ""agssrq"": ""2020-06-10"", ""agzgb"": ""2.01"", ""bk"": ""主板"", ""gskzjglx"": ""-"", ""sfjybjqcy"": ""-"", ""sshymc"": ""E 建筑业"", ""ylbz"": ""-""}",OFFICIAL_SZSE_BOARD_FIELD
SZSE,MAIN,A_SHARE,002990,盛视科技,2020-05-25,https://www.szse.cn/api/report/ShowReport/data?SHOWTYPE=JSON&CATALOGID=1110&TABKEY=tab1&PAGENO=73,"{""agdm"": ""002990"", ""agjc"": ""<a href='http://www.szse.cn/certificate/individual/index.html?code=002990' target='_blank'><u>盛视科技</u></a>"", ""agltgb"": ""1.38"", ""agssrq"": ""2020-05-25"", ""agzgb"": ""2.61"", ""bk"": ""主板"", ""gskzjglx"": ""-"", ""sfjybjqcy"": ""-"", ""sshymc"": ""I 信息技术"", ""ylbz"": ""-""}",OFFICIAL_SZSE_BOARD_FIELD
SZSE,MAIN,A_SHARE,002991,甘源食品,2020-07-31,https://www.szse.cn/api/report/ShowReport/data?SHOWTYPE=JSON&CATALOGID=1110&TABKEY=tab1&PAGENO=73,"{""agdm"": ""002991"", ""agjc"": ""<a href='http://www.szse.cn/certificate/individual/index.html?code=002991' target='_blank'><u>甘源食品</u></a>"", ""agltgb"": ""0.49"", ""agssrq"": ""2020-07-31"", ""agzgb"": ""0.93"", ""bk"": ""主板"", ""gskzjglx"": ""-"", ""sfjybjqcy"": ""-"", ""sshymc"": ""C 制造业"", ""ylbz"": ""-""}",OFFICIAL_SZSE_BOARD_FIELD
SZSE,MAIN,A_SHARE,002992,宝明科技,2020-08-03,https://www.szse.cn/api/report/ShowReport/data?SHOWTYPE=JSON&CATALOGID=1110&TABKEY=tab1&PAGENO=73,"{""agdm"": ""002992"", ""agjc"": ""<a href='http://www.szse.cn/certificate/individual/index.html?code=002992' target='_blank'><u>宝明科技</u></a>"", ""agltgb"": ""1.58"", ""agssrq"": ""2020-08-03"", ""agzgb"": ""1.80"", ""bk"": ""主板"", ""gskzjglx"": ""-"", ""sfjybjqcy"": ""-"", ""sshymc"": ""C 制造业"", ""ylbz"": ""-""}",OFFICIAL_SZSE_BOARD_FIELD
SZSE,MAIN,A_SHARE,002993,奥海科技,2020-08-17,https://www.szse.cn/api/report/ShowReport/data?SHOWTYPE=JSON&CATALOGID=1110&TABKEY=tab1&PAGENO=73,"{""agdm"": ""002993"", ""agjc"": ""<a href='http://www.szse.cn/certificate/individual/index.html?code=002993' target='_blank'><u>奥海科技</u></a>"", ""agltgb"": ""2.38"", ""agssrq"": ""2020-08-17"", ""agzgb"": ""2.76"", ""bk"": ""主板"", ""gskzjglx"": ""-"", ""sfjybjqcy"": ""-"", ""sshymc"": ""C 制造业"", ""ylbz"": ""-""}",OFFICIAL_SZSE_BOARD_FIELD
SZSE,MAIN,A_SHARE,002995,天地在线,2020-08-05,https://www.szse.cn/api/report/ShowReport/data?SHOWTYPE=JSON&CATALOGID=1110&TABKEY=tab1&PAGENO=73,"{""agdm"": ""002995"", ""agjc"": ""<a href='http://www.szse.cn/certificate/individual/index.html?code=002995' target='_blank'><u>天地在线</u></a>"", ""agltgb"": ""1.21"", ""agssrq"": ""2020-08-05"", ""agzgb"": ""1.77"", ""bk"": ""主板"", ""gskzjglx"": ""-"", ""sfjybjqcy"": ""-"", ""sshymc"": ""L 商务服务"", ""ylbz"": ""-""}",OFFICIAL_SZSE_BOARD_FIELD
SZSE,MAIN,A_SHARE,002996,顺博合金,2020-08-28,https://www.szse.cn/api/report/ShowReport/data?SHOWTYPE=JSON&CATALOGID=1110&TABKEY=tab1&PAGENO=73,"{""agdm"": ""002996"", ""agjc"": ""<a href='http://www.szse.cn/certificate/individual/index.html?code=002996' target='_blank'><u>顺博合金</u></a>"", ""agltgb"": ""4.58"", ""agssrq"": ""2020-08-28"", ""agzgb"": ""6.69"", ""bk"": ""主板"", ""gskzjglx"": ""-"", ""sfjybjqcy"": ""-"", ""sshymc"": ""C 制造业"", ""ylbz"": ""-""}",OFFICIAL_SZSE_BOARD_FIELD
SZSE,MAIN,A_SHARE,002997,瑞鹄模具,2020-09-03,https://www.szse.cn/api/report/ShowReport/data?SHOWTYPE=JSON&CATALOGID=1110&TABKEY=tab1&PAGENO=73,"{""agdm"": ""002997"", ""agjc"": ""<a href='http://www.szse.cn/certificate/individual/index.html?code=002997' target='_blank'><u>瑞鹄模具</u></a>"", ""agltgb"": ""2.09"", ""agssrq"": ""2020-09-03"", ""agzgb"": ""2.09"", ""bk"": ""主板"", ""gskzjglx"": ""-"", ""sfjybjqcy"": ""-"", ""sshymc"": ""C 制造业"", ""ylbz"": ""-""}",OFFICIAL_SZSE_BOARD_FIELD
SZSE,MAIN,A_SHARE,002998,优彩资源,2020-09-25,https://www.szse.cn/api/report/ShowReport/data?SHOWTYPE=JSON&CATALOGID=1110&TABKEY=tab1&PAGENO=73,"{""agdm"": ""002998"", ""agjc"": ""<a href='http://www.szse.cn/certificate/individual/index.html?code=002998' target='_blank'><u>优彩资源</u></a>"", ""agltgb"": ""2.70"", ""agssrq"": ""2020-09-25"", ""agzgb"": ""3.54"", ""bk"": ""主板"", ""gskzjglx"": ""-"", ""sfjybjqcy"": ""-"", ""sshymc"": ""C 制造业"", ""ylbz"": ""-""}",OFFICIAL_SZSE_BOARD_FIELD
SZSE,MAIN,A_SHARE,002999,天禾股份,2020-09-03,https://www.szse.cn/api/report/ShowReport/data?SHOWTYPE=JSON&CATALOGID=1110&TABKEY=tab1&PAGENO=73,"{""agdm"": ""002999"", ""agjc"": ""<a href='http://www.szse.cn/certificate/individual/index.html?code=002999' target='_blank'><u>天禾股份</u></a>"", ""agltgb"": ""3.44"", ""agssrq"": ""2020-09-03"", ""agzgb"": ""3.47"", ""bk"": ""主板"", ""gskzjglx"": ""-"", ""sfjybjqcy"": ""-"", ""sshymc"": ""F 批发零售"", ""ylbz"": ""-""}",OFFICIAL_SZSE_BOARD_FIELD
SZSE,MAIN,A_SHARE,003000,劲仔食品,2020-09-14,https://www.szse.cn/api/report/ShowReport/data?SHOWTYPE=JSON&CATALOGID=1110&TABKEY=tab1&PAGENO=73,"{""agdm"": ""003000"", ""agjc"": ""<a href='http://www.szse.cn/certificate/individual/index.html?code=003000' target='_blank'><u>劲仔食品</u></a>"", ""agltgb"": ""3.08"", ""agssrq"": ""2020-09-14"", ""agzgb"": ""4.50"", ""bk"": ""主板"", ""gskzjglx"": ""-"", ""sfjybjqcy"": ""-"", ""sshymc"": ""C 制造业"", ""ylbz"": ""-""}",OFFICIAL_SZSE_BOARD_FIELD
SZSE,MAIN,A_SHARE,003001,中岩大地,2020-10-13,https://www.szse.cn/api/report/ShowReport/data?SHOWTYPE=JSON&CATALOGID=1110&TABKEY=tab1&PAGENO=73,"{""agdm"": ""003001"", ""agjc"": ""<a href='http://www.szse.cn/certificate/individual/index.html?code=003001' target='_blank'><u>中岩大地</u></a>"", ""agltgb"": ""1.14"", ""agssrq"": ""2020-10-13"", ""agzgb"": ""1.74"", ""bk"": ""主板"", ""gskzjglx"": ""-"", ""sfjybjqcy"": ""-"", ""sshymc"": ""E 建筑业"", ""ylbz"": ""-""}",OFFICIAL_SZSE_BOARD_FIELD
SZSE,MAIN,A_SHARE,003002,壶化股份,2020-09-22,https://www.szse.cn/api/report/ShowReport/data?SHOWTYPE=JSON&CATALOGID=1110&TABKEY=tab1&PAGENO=73,"{""agdm"": ""003002"", ""agjc"": ""<a href='http://www.szse.cn/certificate/individual/index.html?code=003002' target='_blank'><u>壶化股份</u></a>"", ""agltgb"": ""1.82"", ""agssrq"": ""2020-09-22"", ""agzgb"": ""2.00"", ""bk"": ""主板"", ""gskzjglx"": ""-"", ""sfjybjqcy"": ""-"", ""sshymc"": ""C 制造业"", ""ylbz"": ""-""}",OFFICIAL_SZSE_BOARD_FIELD
SZSE,MAIN,A_SHARE,003003,天元股份,2020-09-21,https://www.szse.cn/api/report/ShowReport/data?SHOWTYPE=JSON&CATALOGID=1110&TABKEY=tab1&PAGENO=73,"{""agdm"": ""003003"", ""agjc"": ""<a href='http://www.szse.cn/certificate/individual/index.html?code=003003' target='_blank'><u>天元股份</u></a>"", ""agltgb"": ""1.18"", ""agssrq"": ""2020-09-21"", ""agzgb"": ""1.76"", ""bk"": ""主板"", ""gskzjglx"": ""-"", ""sfjybjqcy"": ""-"", ""sshymc"": ""C 制造业"", ""ylbz"": ""-""}",OFFICIAL_SZSE_BOARD_FIELD
SZSE,MAIN,A_SHARE,003004,声迅股份,2020-11-26,https://www.szse.cn/api/report/ShowReport/data?SHOWTYPE=JSON&CATALOGID=1110&TABKEY=tab1&PAGENO=73,"{""agdm"": ""003004"", ""agjc"": ""<a href='http://www.szse.cn/certificate/individual/index.html?code=003004' target='_blank'><u>声迅股份</u></a>"", ""agltgb"": ""0.68"", ""agssrq"": ""2020-11-26"", ""agzgb"": ""0.81"", ""bk"": ""主板"", ""gskzjglx"": ""-"", ""sfjybjqcy"": ""-"", ""sshymc"": ""I 信息技术"", ""ylbz"": ""-""}",OFFICIAL_SZSE_BOARD_FIELD
SZSE,MAIN,A_SHARE,003005,竞业达,2020-09-22,https://www.szse.cn/api/report/ShowReport/data?SHOWTYPE=JSON&CATALOGID=1110&TABKEY=tab1&PAGENO=73,"{""agdm"": ""003005"", ""agjc"": ""<a href='http://www.szse.cn/certificate/individual/index.html?code=003005' target='_blank'><u>竞业达</u></a>"", ""agltgb"": ""1.34"", ""agssrq"": ""2020-09-22"", ""agzgb"": ""2.31"", ""bk"": ""主板"", ""gskzjglx"": ""-"", ""sfjybjqcy"": ""-"", ""sshymc"": ""I 信息技术"", ""ylbz"": ""-""}",OFFICIAL_SZSE_BOARD_FIELD
SZSE,MAIN,A_SHARE,003006,百亚股份,2020-09-21,https://www.szse.cn/api/report/ShowReport/data?SHOWTYPE=JSON&CATALOGID=1110&TABKEY=tab1&PAGENO=73,"{""agdm"": ""003006"", ""agjc"": ""<a href='http://www.szse.cn/certificate/individual/index.html?code=003006' target='_blank'><u>百亚股份</u></a>"", ""agltgb"": ""4.28"", ""agssrq"": ""2020-09-21"", ""agzgb"": ""4.29"", ""bk"": ""主板"", ""gskzjglx"": ""-"", ""sfjybjqcy"": ""-"", ""sshymc"": ""C 制造业"", ""ylbz"": ""-""}",OFFICIAL_SZSE_BOARD_FIELD
SZSE,MAIN,A_SHARE,003007,直真科技,2020-09-23,https://www.szse.cn/api/report/ShowReport/data?SHOWTYPE=JSON&CATALOGID=1110&TABKEY=tab1&PAGENO=73,"{""agdm"": ""003007"", ""agjc"": ""<a href='http://www.szse.cn/certificate/individual/index.html?code=003007' target='_blank'><u>直真科技</u></a>"", ""agltgb"": ""0.72"", ""agssrq"": ""2020-09-23"", ""agzgb"": ""1.19"", ""bk"": ""主板"", ""gskzjglx"": ""-"", ""sfjybjqcy"": ""-"", ""sshymc"": ""I 信息技术"", ""ylbz"": ""-""}",OFFICIAL_SZSE_BOARD_FIELD
SZSE,MAIN,A_SHARE,003008,开普检测,2020-09-23,https://www.szse.cn/api/report/ShowReport/data?SHOWTYPE=JSON&CATALOGID=1110&TABKEY=tab1&PAGENO=73,"{""agdm"": ""003008"", ""agjc"": ""<a href='http://www.szse.cn/certificate/individual/index.html?code=003008' target='_blank'><u>开普检测</u></a>"", ""agltgb"": ""0.80"", ""agssrq"": ""2020-09-23"", ""agzgb"": ""1.04"", ""bk"": ""主板"", ""gskzjglx"": ""-"", ""sfjybjqcy"": ""-"", ""sshymc"": ""M 科研服务"", ""ylbz"": ""-""}",OFFICIAL_SZSE_BOARD_FIELD
SZSE,MAIN,A_SHARE,003009,中天火箭,2020-09-25,https://www.szse.cn/api/report/ShowReport/data?SHOWTYPE=JSON&CATALOGID=1110&TABKEY=tab1&PAGENO=74,"{""agdm"": ""003009"", ""agjc"": ""<a href='http://www.szse.cn/certificate/individual/index.html?code=003009' target='_blank'><u>中天火箭</u></a>"", ""agltgb"": ""1.64"", ""agssrq"": ""2020-09-25"", ""agzgb"": ""1.64"", ""bk"": ""主板"", ""gskzjglx"": ""-"", ""sfjybjqcy"": ""-"", ""sshymc"": ""C 制造业"", ""ylbz"": ""-""}",OFFICIAL_SZSE_BOARD_FIELD
SZSE,MAIN,A_SHARE,003010,若羽臣,2020-09-25,https://www.szse.cn/api/report/ShowReport/data?SHOWTYPE=JSON&CATALOGID=1110&TABKEY=tab1&PAGENO=74,"{""agdm"": ""003010"", ""agjc"": ""<a href='http://www.szse.cn/certificate/individual/index.html?code=003010' target='_blank'><u>若羽臣</u></a>"", ""agltgb"": ""2.26"", ""agssrq"": ""2020-09-25"", ""agzgb"": ""3.11"", ""bk"": ""主板"", ""gskzjglx"": ""-"", ""sfjybjqcy"": ""-"", ""sshymc"": ""I 信息技术"", ""ylbz"": ""-""}",OFFICIAL_SZSE_BOARD_FIELD
SZSE,MAIN,A_SHARE,003011,海象新材,2020-09-30,https://www.szse.cn/api/report/ShowReport/data?SHOWTYPE=JSON&CATALOGID=1110&TABKEY=tab1&PAGENO=74,"{""agdm"": ""003011"", ""agjc"": ""<a href='http://www.szse.cn/certificate/individual/index.html?code=003011' target='_blank'><u>海象新材</u></a>"", ""agltgb"": ""0.78"", ""agssrq"": ""2020-09-30"", ""agzgb"": ""1.02"", ""bk"": ""主板"", ""gskzjglx"": ""-"", ""sfjybjqcy"": ""-"", ""sshymc"": ""C 制造业"", ""ylbz"": ""-""}",OFFICIAL_SZSE_BOARD_FIELD
SZSE,MAIN,A_SHARE,003012,东鹏控股,2020-10-19,https://www.szse.cn/api/report/ShowReport/data?SHOWTYPE=JSON&CATALOGID=1110&TABKEY=tab1&PAGENO=74,"{""agdm"": ""003012"", ""agjc"": ""<a href='http://www.szse.cn/certificate/individual/index.html?code=003012' target='_blank'><u>东鹏控股</u></a>"", ""agltgb"": ""11.34"", ""agssrq"": ""2020-10-19"", ""agzgb"": ""11.56"", ""bk"": ""主板"", ""gskzjglx"": ""-"", ""sfjybjqcy"": ""-"", ""sshymc"": ""C 制造业"", ""ylbz"": ""-""}",OFFICIAL_SZSE_BOARD_FIELD
SZSE,MAIN,A_SHARE,003013,地铁设计,2020-10-22,https://www.szse.cn/api/report/ShowReport/data?SHOWTYPE=JSON&CATALOGID=1110&TABKEY=tab1&PAGENO=74,"{""agdm"": ""003013"", ""agjc"": ""<a href='http://www.szse.cn/certificate/individual/index.html?code=003013' target='_blank'><u>地铁设计</u></a>"", ""agltgb"": ""4.02"", ""agssrq"": ""2020-10-22"", ""agzgb"": ""4.61"", ""bk"": ""主板"", ""gskzjglx"": ""-"", ""sfjybjqcy"": ""-"", ""sshymc"": ""M 科研服务"", ""ylbz"": ""-""}",OFFICIAL_SZSE_BOARD_FIELD
SZSE,MAIN,A_SHARE,003015,日久光电,2020-10-21,https://www.szse.cn/api/report/ShowReport/data?SHOWTYPE=JSON&CATALOGID=1110&TABKEY=tab1&PAGENO=74,"{""agdm"": ""003015"", ""agjc"": ""<a href='http://www.szse.cn/certificate/individual/index.html?code=003015' target='_blank'><u>日久光电</u></a>"", ""agltgb"": ""2.47"", ""agssrq"": ""2020-10-21"", ""agzgb"": ""2.81"", ""bk"": ""主板"", ""gskzjglx"": ""-"", ""sfjybjqcy"": ""-"", ""sshymc"": ""C 制造业"", ""ylbz"": ""-""}",OFFICIAL_SZSE_BOARD_FIELD
SZSE,MAIN,A_SHARE,003016,欣贺股份,2020-10-26,https://www.szse.cn/api/report/ShowReport/data?SHOWTYPE=JSON&CATALOGID=1110&TABKEY=tab1&PAGENO=74,"{""agdm"": ""003016"", ""agjc"": ""<a href='http://www.szse.cn/certificate/individual/index.html?code=003016' target='_blank'><u>欣贺股份</u></a>"", ""agltgb"": ""4.10"", ""agssrq"": ""2020-10-26"", ""agzgb"": ""4.20"", ""bk"": ""主板"", ""gskzjglx"": ""-"", ""sfjybjqcy"": ""-"", ""sshymc"": ""C 制造业"", ""ylbz"": ""-""}",OFFICIAL_SZSE_BOARD_FIELD
SZSE,MAIN,A_SHARE,003017,大洋生物,2020-10-26,https://www.szse.cn/api/report/ShowReport/data?SHOWTYPE=JSON&CATALOGID=1110&TABKEY=tab1&PAGENO=74,"{""agdm"": ""003017"", ""agjc"": ""<a href='http://www.szse.cn/certificate/individual/index.html?code=003017' target='_blank'><u>大洋生物</u></a>"", ""agltgb"": ""0.83"", ""agssrq"": ""2020-10-26"", ""agzgb"": ""1.00"", ""bk"": ""主板"", ""gskzjglx"": ""-"", ""sfjybjqcy"": ""-"", ""sshymc"": ""C 制造业"", ""ylbz"": ""-""}",OFFICIAL_SZSE_BOARD_FIELD
SZSE,MAIN,A_SHARE,003018,金富科技,2020-11-06,https://www.szse.cn/api/report/ShowReport/data?SHOWTYPE=JSON&CATALOGID=1110&TABKEY=tab1&PAGENO=74,"{""agdm"": ""003018"", ""agjc"": ""<a href='http://www.szse.cn/certificate/individual/index.html?code=003018' target='_blank'><u>金富科技</u></a>"", ""agltgb"": ""2.84"", ""agssrq"": ""2020-11-06"", ""agzgb"": ""3.13"", ""bk"": ""主板"", ""gskzjglx"": ""-"", ""sfjybjqcy"": ""-"", ""sshymc"": ""C 制造业"", ""ylbz"": ""-""}",OFFICIAL_SZSE_BOARD_FIELD
SZSE,MAIN,A_SHARE,003019,宸展光电,2020-11-17,https://www.szse.cn/api/report/ShowReport/data?SHOWTYPE=JSON&CATALOGID=1110&TABKEY=tab1&PAGENO=74,"{""agdm"": ""003019"", ""agjc"": ""<a href='http://www.szse.cn/certificate/individual/index.html?code=003019' target='_blank'><u>宸展光电</u></a>"", ""agltgb"": ""1.70"", ""agssrq"": ""2020-11-17"", ""agzgb"": ""1.76"", ""bk"": ""主板"", ""gskzjglx"": ""-"", ""sfjybjqcy"": ""-"", ""sshymc"": ""C 制造业"", ""ylbz"": ""-""}",OFFICIAL_SZSE_BOARD_FIELD
SZSE,MAIN,A_SHARE,003020,立方制药,2020-12-15,https://www.szse.cn/api/report/ShowReport/data?SHOWTYPE=JSON&CATALOGID=1110&TABKEY=tab1&PAGENO=74,"{""agdm"": ""003020"", ""agjc"": ""<a href='http://www.szse.cn/certificate/individual/index.html?code=003020' target='_blank'><u>立方制药</u></a>"", ""agltgb"": ""1.68"", ""agssrq"": ""2020-12-15"", ""agzgb"": ""2.28"", ""bk"": ""主板"", ""gskzjglx"": ""-"", ""sfjybjqcy"": ""-"", ""sshymc"": ""C 制造业"", ""ylbz"": ""-""}",OFFICIAL_SZSE_BOARD_FIELD
SZSE,MAIN,A_SHARE,003021,兆威机电,2020-12-04,https://www.szse.cn/api/report/ShowReport/data?SHOWTYPE=JSON&CATALOGID=1110&TABKEY=tab1&PAGENO=74,"{""agdm"": ""003021"", ""agjc"": ""<a href='http://www.szse.cn/certificate/individual/index.html?code=003021' target='_blank'><u>兆威机电</u></a>"", ""agltgb"": ""2.07"", ""agssrq"": ""2020-12-04"", ""agzgb"": ""2.40"", ""bk"": ""主板"", ""gskzjglx"": ""-"", ""sfjybjqcy"": ""-"", ""sshymc"": ""C 制造业"", ""ylbz"": ""-""}",OFFICIAL_SZSE_BOARD_FIELD
SZSE,MAIN,A_SHARE,003022,联泓新科,2020-12-08,https://www.szse.cn/api/report/ShowReport/data?SHOWTYPE=JSON&CATALOGID=1110&TABKEY=tab1&PAGENO=74,"{""agdm"": ""003022"", ""agjc"": ""<a href='http://www.szse.cn/certificate/individual/index.html?code=003022' target='_blank'><u>联泓新科</u></a>"", ""agltgb"": ""13.34"", ""agssrq"": ""2020-12-08"", ""agzgb"": ""13.35"", ""bk"": ""主板"", ""gskzjglx"": ""-"", ""sfjybjqcy"": ""-"", ""sshymc"": ""C 制造业"", ""ylbz"": ""-""}",OFFICIAL_SZSE_BOARD_FIELD
SZSE,MAIN,A_SHARE,003023,彩虹集团,2020-12-11,https://www.szse.cn/api/report/ShowReport/data?SHOWTYPE=JSON&CATALOGID=1110&TABKEY=tab1&PAGENO=74,"{""agdm"": ""003023"", ""agjc"": ""<a href='http://www.szse.cn/certificate/individual/index.html?code=003023' target='_blank'><u>彩虹集团</u></a>"", ""agltgb"": ""1.05"", ""agssrq"": ""2020-12-11"", ""agzgb"": ""1.05"", ""bk"": ""主板"", ""gskzjglx"": ""-"", ""sfjybjqcy"": ""-"", ""sshymc"": ""C 制造业"", ""ylbz"": ""-""}",OFFICIAL_SZSE_BOARD_FIELD
SZSE,MAIN,A_SHARE,003025,思进智能,2020-12-11,https://www.szse.cn/api/report/ShowReport/data?SHOWTYPE=JSON&CATALOGID=1110&TABKEY=tab1&PAGENO=74,"{""agdm"": ""003025"", ""agjc"": ""<a href='http://www.szse.cn/certificate/individual/index.html?code=003025' target='_blank'><u>思进智能</u></a>"", ""agltgb"": ""2.26"", ""agssrq"": ""2020-12-11"", ""agzgb"": ""2.83"", ""bk"": ""主板"", ""gskzjglx"": ""-"", ""sfjybjqcy"": ""-"", ""sshymc"": ""C 制造业"", ""ylbz"": ""-""}",OFFICIAL_SZSE_BOARD_FIELD
SZSE,MAIN,A_SHARE,003026,中晶科技,2020-12-18,https://www.szse.cn/api/report/ShowReport/data?SHOWTYPE=JSON&CATALOGID=1110&TABKEY=tab1&PAGENO=74,"{""agdm"": ""003026"", ""agjc"": ""<a href='http://www.szse.cn/certificate/individual/index.html?code=003026' target='_blank'><u>中晶科技</u></a>"", ""agltgb"": ""1.44"", ""agssrq"": ""2020-12-18"", ""agzgb"": ""1.87"", ""bk"": ""主板"", ""gskzjglx"": ""-"", ""sfjybjqcy"": ""-"", ""sshymc"": ""C 制造业"", ""ylbz"": ""-""}",OFFICIAL_SZSE_BOARD_FIELD
SZSE,MAIN,A_SHARE,003027,同兴科技,2020-12-18,https://www.szse.cn/api/report/ShowReport/data?SHOWTYPE=JSON&CATALOGID=1110&TABKEY=tab1&PAGENO=74,"{""agdm"": ""003027"", ""agjc"": ""<a href='http://www.szse.cn/certificate/individual/index.html?code=003027' target='_blank'><u>同兴科技</u></a>"", ""agltgb"": ""1.02"", ""agssrq"": ""2020-12-18"", ""agzgb"": ""1.30"", ""bk"": ""主板"", ""gskzjglx"": ""-"", ""sfjybjqcy"": ""-"", ""sshymc"": ""N 公共环保"", ""ylbz"": ""-""}",OFFICIAL_SZSE_BOARD_FIELD
SZSE,MAIN,A_SHARE,003028,振邦智能,2020-12-28,https://www.szse.cn/api/report/ShowReport/data?SHOWTYPE=JSON&CATALOGID=1110&TABKEY=tab1&PAGENO=74,"{""agdm"": ""003028"", ""agjc"": ""<a href='http://www.szse.cn/certificate/individual/index.html?code=003028' target='_blank'><u>振邦智能</u></a>"", ""agltgb"": ""0.70"", ""agssrq"": ""2020-12-28"", ""agzgb"": ""1.44"", ""bk"": ""主板"", ""gskzjglx"": ""-"", ""sfjybjqcy"": ""-"", ""sshymc"": ""C 制造业"", ""ylbz"": ""-""}",OFFICIAL_SZSE_BOARD_FIELD
SZSE,MAIN,A_SHARE,003029,吉大正元,2020-12-24,https://www.szse.cn/api/report/ShowReport/data?SHOWTYPE=JSON&CATALOGID=1110&TABKEY=tab1&PAGENO=74,"{""agdm"": ""003029"", ""agjc"": ""<a href='http://www.szse.cn/certificate/individual/index.html?code=003029' target='_blank'><u>吉大正元</u></a>"", ""agltgb"": ""1.75"", ""agssrq"": ""2020-12-24"", ""agzgb"": ""1.93"", ""bk"": ""主板"", ""gskzjglx"": ""-"", ""sfjybjqcy"": ""-"", ""sshymc"": ""I 信息技术"", ""ylbz"": ""-""}",OFFICIAL_SZSE_BOARD_FIELD
SZSE,MAIN,A_SHARE,003030,祖名股份,2021-01-06,https://www.szse.cn/api/report/ShowReport/data?SHOWTYPE=JSON&CATALOGID=1110&TABKEY=tab1&PAGENO=74,"{""agdm"": ""003030"", ""agjc"": ""<a href='http://www.szse.cn/certificate/individual/index.html?code=003030' target='_blank'><u>祖名股份</u></a>"", ""agltgb"": ""0.81"", ""agssrq"": ""2021-01-06"", ""agzgb"": ""1.24"", ""bk"": ""主板"", ""gskzjglx"": ""-"", ""sfjybjqcy"": ""-"", ""sshymc"": ""C 制造业"", ""ylbz"": ""-""}",OFFICIAL_SZSE_BOARD_FIELD
SZSE,MAIN,A_SHARE,003031,中瓷电子,2021-01-04,https://www.szse.cn/api/report/ShowReport/data?SHOWTYPE=JSON&CATALOGID=1110&TABKEY=tab1&PAGENO=75,"{""agdm"": ""003031"", ""agjc"": ""<a href='http://www.szse.cn/certificate/individual/index.html?code=003031' target='_blank'><u>中瓷电子</u></a>"", ""agltgb"": ""3.40"", ""agssrq"": ""2021-01-04"", ""agzgb"": ""4.51"", ""bk"": ""主板"", ""gskzjglx"": ""-"", ""sfjybjqcy"": ""-"", ""sshymc"": ""C 制造业"", ""ylbz"": ""-""}",OFFICIAL_SZSE_BOARD_FIELD
SZSE,MAIN,A_SHARE,003032,传智教育,2021-01-12,https://www.szse.cn/api/report/ShowReport/data?SHOWTYPE=JSON&CATALOGID=1110&TABKEY=tab1&PAGENO=75,"{""agdm"": ""003032"", ""agjc"": ""<a href='http://www.szse.cn/certificate/individual/index.html?code=003032' target='_blank'><u>传智教育</u></a>"", ""agltgb"": ""2.84"", ""agssrq"": ""2021-01-12"", ""agzgb"": ""4.02"", ""bk"": ""主板"", ""gskzjglx"": ""-"", ""sfjybjqcy"": ""-"", ""sshymc"": ""P 教育"", ""ylbz"": ""-""}",OFFICIAL_SZSE_BOARD_FIELD
SZSE,MAIN,A_SHARE,003033,征和工业,2021-01-11,https://www.szse.cn/api/report/ShowReport/data?SHOWTYPE=JSON&CATALOGID=1110&TABKEY=tab1&PAGENO=75,"{""agdm"": ""003033"", ""agjc"": ""<a href='http://www.szse.cn/certificate/individual/index.html?code=003033' target='_blank'><u>征和工业</u></a>"", ""agltgb"": ""0.80"", ""agssrq"": ""2021-01-11"", ""agzgb"": ""0.81"", ""bk"": ""主板"", ""gskzjglx"": ""-"", ""sfjybjqcy"": ""-"", ""sshymc"": ""C 制造业"", ""ylbz"": ""-""}",OFFICIAL_SZSE_BOARD_FIELD
SZSE,MAIN,A_SHARE,003035,南网能源,2021-01-19,https://www.szse.cn/api/report/ShowReport/data?SHOWTYPE=JSON&CATALOGID=1110&TABKEY=tab1&PAGENO=75,"{""agdm"": ""003035"", ""agjc"": ""<a href='http://www.szse.cn/certificate/individual/index.html?code=003035' target='_blank'><u>南网能源</u></a>"", ""agltgb"": ""37.87"", ""agssrq"": ""2021-01-19"", ""agzgb"": ""37.87"", ""bk"": ""主板"", ""gskzjglx"": ""-"", ""sfjybjqcy"": ""-"", ""sshymc"": ""M 科研服务"", ""ylbz"": ""-""}",OFFICIAL_SZSE_BOARD_FIELD
SZSE,MAIN,A_SHARE,003036,泰坦股份,2021-01-28,https://www.szse.cn/api/report/ShowReport/data?SHOWTYPE=JSON&CATALOGID=1110&TABKEY=tab1&PAGENO=75,"{""agdm"": ""003036"", ""agjc"": ""<a href='http://www.szse.cn/certificate/individual/index.html?code=003036' target='_blank'><u>泰坦股份</u></a>"", ""agltgb"": ""2.16"", ""agssrq"": ""2021-01-28"", ""agzgb"": ""2.16"", ""bk"": ""主板"", ""gskzjglx"": ""-"", ""sfjybjqcy"": ""-"", ""sshymc"": ""C 制造业"", ""ylbz"": ""-""}",OFFICIAL_SZSE_BOARD_FIELD
SZSE,MAIN,A_SHARE,003037,三和管桩,2021-02-04,https://www.szse.cn/api/report/ShowReport/data?SHOWTYPE=JSON&CATALOGID=1110&TABKEY=tab1&PAGENO=75,"{""agdm"": ""003037"", ""agjc"": ""<a href='http://www.szse.cn/certificate/individual/index.html?code=003037' target='_blank'><u>三和管桩</u></a>"", ""agltgb"": ""5.99"", ""agssrq"": ""2021-02-04"", ""agzgb"": ""5.99"", ""bk"": ""主板"", ""gskzjglx"": ""-"", ""sfjybjqcy"": ""-"", ""sshymc"": ""C 制造业"", ""ylbz"": ""-""}",OFFICIAL_SZSE_BOARD_FIELD
SZSE,MAIN,A_SHARE,003038,鑫铂股份,2021-02-10,https://www.szse.cn/api/report/ShowReport/data?SHOWTYPE=JSON&CATALOGID=1110&TABKEY=tab1&PAGENO=75,"{""agdm"": ""003038"", ""agjc"": ""<a href='http://www.szse.cn/certificate/individual/index.html?code=003038' target='_blank'><u>鑫铂股份</u></a>"", ""agltgb"": ""1.62"", ""agssrq"": ""2021-02-10"", ""agzgb"": ""2.43"", ""bk"": ""主板"", ""gskzjglx"": ""-"", ""sfjybjqcy"": ""-"", ""sshymc"": ""C 制造业"", ""ylbz"": ""-""}",OFFICIAL_SZSE_BOARD_FIELD
SZSE,MAIN,A_SHARE,003039,顺控发展,2021-03-08,https://www.szse.cn/api/report/ShowReport/data?SHOWTYPE=JSON&CATALOGID=1110&TABKEY=tab1&PAGENO=75,"{""agdm"": ""003039"", ""agjc"": ""<a href='http://www.szse.cn/certificate/individual/index.html?code=003039' target='_blank'><u>顺控发展</u></a>"", ""agltgb"": ""6.17"", ""agssrq"": ""2021-03-08"", ""agzgb"": ""6.17"", ""bk"": ""主板"", ""gskzjglx"": ""-"", ""sfjybjqcy"": ""-"", ""sshymc"": ""D 水电煤气"", ""ylbz"": ""-""}",OFFICIAL_SZSE_BOARD_FIELD
SZSE,MAIN,A_SHARE,003040,楚天龙,2021-03-22,https://www.szse.cn/api/report/ShowReport/data?SHOWTYPE=JSON&CATALOGID=1110&TABKEY=tab1&PAGENO=75,"{""agdm"": ""003040"", ""agjc"": ""<a href='http://www.szse.cn/certificate/individual/index.html?code=003040' target='_blank'><u>楚天龙</u></a>"", ""agltgb"": ""4.56"", ""agssrq"": ""2021-03-22"", ""agzgb"": ""4.61"", ""bk"": ""主板"", ""gskzjglx"": ""-"", ""sfjybjqcy"": ""-"", ""sshymc"": ""C 制造业"", ""ylbz"": ""-""}",OFFICIAL_SZSE_BOARD_FIELD
SZSE,MAIN,A_SHARE,003041,真爱美家,2021-04-06,https://www.szse.cn/api/report/ShowReport/data?SHOWTYPE=JSON&CATALOGID=1110&TABKEY=tab1&PAGENO=75,"{""agdm"": ""003041"", ""agjc"": ""<a href='http://www.szse.cn/certificate/individual/index.html?code=003041' target='_blank'><u>真爱美家</u></a>"", ""agltgb"": ""1.34"", ""agssrq"": ""2021-04-06"", ""agzgb"": ""1.44"", ""bk"": ""主板"", ""gskzjglx"": ""-"", ""sfjybjqcy"": ""-"", ""sshymc"": ""C 制造业"", ""ylbz"": ""-""}",OFFICIAL_SZSE_BOARD_FIELD
SZSE,MAIN,A_SHARE,003042,中农联合,2021-04-06,https://www.szse.cn/api/report/ShowReport/data?SHOWTYPE=JSON&CATALOGID=1110&TABKEY=tab1&PAGENO=75,"{""agdm"": ""003042"", ""agjc"": ""<a href='http://www.szse.cn/certificate/individual/index.html?code=003042' target='_blank'><u>中农联合</u></a>"", ""agltgb"": ""1.41"", ""agssrq"": ""2021-04-06"", ""agzgb"": ""1.42"", ""bk"": ""主板"", ""gskzjglx"": ""-"", ""sfjybjqcy"": ""-"", ""sshymc"": ""C 制造业"", ""ylbz"": ""-""}",OFFICIAL_SZSE_BOARD_FIELD
SZSE,MAIN,A_SHARE,003043,华亚智能,2021-04-06,https://www.szse.cn/api/report/ShowReport/data?SHOWTYPE=JSON&CATALOGID=1110&TABKEY=tab1&PAGENO=75,"{""agdm"": ""003043"", ""agjc"": ""<a href='http://www.szse.cn/certificate/individual/index.html?code=003043' target='_blank'><u>华亚智能</u></a>"", ""agltgb"": ""0.94"", ""agssrq"": ""2021-04-06"", ""agzgb"": ""1.44"", ""bk"": ""主板"", ""gskzjglx"": ""-"", ""sfjybjqcy"": ""-"", ""sshymc"": ""C 制造业"", ""ylbz"": ""-""}",OFFICIAL_SZSE_BOARD_FIELD
SZSE,MAIN,A_SHARE,003816,中国广核,2019-08-26,https://www.szse.cn/api/report/ShowReport/data?SHOWTYPE=JSON&CATALOGID=1110&TABKEY=tab1&PAGENO=75,"{""agdm"": ""003816"", ""agjc"": ""<a href='http://www.szse.cn/certificate/individual/index.html?code=003816' target='_blank'><u>中国广核</u></a>"", ""agltgb"": ""393.35"", ""agssrq"": ""2019-08-26"", ""agzgb"": ""393.35"", ""bk"": ""主板"", ""gskzjglx"": ""-"", ""sfjybjqcy"": ""-"", ""sshymc"": ""D 水电煤气"", ""ylbz"": ""-""}",OFFICIAL_SZSE_BOARD_FIELD
